status	archived_path	original_path	bytes	sha256_or_recorded_etag	role	regeneration_status
external_large_artifact	-	/mnt/NAS/data/hl5757/generated_artifacts/lateact/gate0-20260823/0000/lr_s1.mp4	1914791	b62b581dd3cf036d00f437c5f7f5d24a495c68f1b04a6082575a3fea8d1c212f	generated_video	regenerable_with_pinned_code_configs_seeds_upstreams_and_GPU_exact_encoded_bytes_not_guaranteed
external_large_artifact	-	/mnt/NAS/data/hl5757/generated_artifacts/lateact/gate0-20260823/0000/lr_s1.pt	339026	e7a11b66d0317369fd4b9e8c8cde00b78b3277be10e87ecf55a04b496f3daf0e	generated_latent_tensor	regenerable_with_pinned_code_configs_seeds_upstreams_and_GPU_exact_encoded_bytes_not_guaranteed
external_large_artifact	-	/mnt/NAS/data/hl5757/generated_artifacts/lateact/gate0-20260823/0000/lr_s2.mp4	1931701	221be6fda4d4a6ad1cdcfdec22dc975b3236ac4920a02ca9df4d9e74e234a030	generated_video	regenerable_with_pinned_code_configs_seeds_upstreams_and_GPU_exact_encoded_bytes_not_guaranteed
external_large_artifact	-	/mnt/NAS/data/hl5757/generated_artifacts/lateact/gate0-20260823/0000/lr_s2.pt	339026	eeecc1beb9bf8ea6b62b1fccf888602f803a99ddbec4e93108d30ebb55219414	generated_latent_tensor	regenerable_with_pinned_code_configs_seeds_upstreams_and_GPU_exact_encoded_bytes_not_guaranteed
external_large_artifact	-	/mnt/NAS/data/hl5757/generated_artifacts/lateact/gate0-20260823/0000/oracle_mouse_left.mp4	1888590	a60eb47fe9735f315010b9229bfee4aaeaaa4dcdc5130435bdf7897154f34091	generated_video	regenerable_with_pinned_code_configs_seeds_upstreams_and_GPU_exact_encoded_bytes_not_guaranteed
external_large_artifact	-	/mnt/NAS/data/hl5757/generated_artifacts/lateact/gate0-20260823/0000/oracle_mouse_left.pt	339150	40bddbb52ff1b9b5cee1e71487587d7e3769c53f66c9c808292e55764d6f5325	generated_latent_tensor	regenerable_with_pinned_code_configs_seeds_upstreams_and_GPU_exact_encoded_bytes_not_guaranteed
external_large_artifact	-	/mnt/NAS/data/hl5757/generated_artifacts/lateact/gate0-20260823/0000/oracle_mouse_right.mp4	1900560	33968d14c443f07faf09b77c7d56041ca045aab5f9151a2473c1ffbededd024e	generated_video	regenerable_with_pinned_code_configs_seeds_upstreams_and_GPU_exact_encoded_bytes_not_guaranteed
external_large_artifact	-	/mnt/NAS/data/hl5757/generated_artifacts/lateact/gate0-20260823/0000/oracle_mouse_right.pt	339155	0bbd639c61dda38a935e6b62da98f41977c3a51d113ffbe6f5193ba6f082e559	generated_latent_tensor	regenerable_with_pinned_code_configs_seeds_upstreams_and_GPU_exact_encoded_bytes_not_guaranteed
external_large_artifact	-	/mnt/NAS/data/hl5757/generated_artifacts/lateact/gate0-20260823/0000/prefix.pt	339031	6939158eb5facba630975bed04a3b945a9271611ac7b5616233d4ff1c72e4a16	generated_latent_tensor	regenerable_with_pinned_code_configs_seeds_upstreams_and_GPU_exact_encoded_bytes_not_guaranteed
external_large_artifact	-	/mnt/NAS/data/hl5757/generated_artifacts/lateact/gate0-20260823/0000/rl_s1.mp4	1913176	54c2c5f495653f9732e02127f3460effd56c1efb9e9f365c64f0ffc5d88925c2	generated_video	regenerable_with_pinned_code_configs_seeds_upstreams_and_GPU_exact_encoded_bytes_not_guaranteed
external_large_artifact	-	/mnt/NAS/data/hl5757/generated_artifacts/lateact/gate0-20260823/0000/rl_s1.pt	339026	af1b1415783f95c09f4f3a760a034a8fe8ac9d6a269f7c19321ff90c5c5f8ff4	generated_latent_tensor	regenerable_with_pinned_code_configs_seeds_upstreams_and_GPU_exact_encoded_bytes_not_guaranteed
external_large_artifact	-	/mnt/NAS/data/hl5757/generated_artifacts/lateact/gate0-20260823/0000/rl_s2.mp4	1987778	7b3c3fed4700b7eda79ff051aa283a39b295104cfddff2d1e3a7d7517f7e997e	generated_video	regenerable_with_pinned_code_configs_seeds_upstreams_and_GPU_exact_encoded_bytes_not_guaranteed
external_large_artifact	-	/mnt/NAS/data/hl5757/generated_artifacts/lateact/gate0-20260823/0000/rl_s2.pt	339026	1becb6cc4737230ff6b409599af3f03300580381dd3937898430c53a9dbd1797	generated_latent_tensor	regenerable_with_pinned_code_configs_seeds_upstreams_and_GPU_exact_encoded_bytes_not_guaranteed
external_large_artifact	-	/mnt/NAS/data/hl5757/generated_artifacts/lateact/gate0-20260823/0001/lr_s1.mp4	1228751	305617b048d09f7972d5ba8cd8a74111c885b7320718d2cac15df011bba82a55	generated_video	regenerable_with_pinned_code_configs_seeds_upstreams_and_GPU_exact_encoded_bytes_not_guaranteed
external_large_artifact	-	/mnt/NAS/data/hl5757/generated_artifacts/lateact/gate0-20260823/0001/lr_s1.pt	339026	ac45da091b8e168058d8e7d770d26a9e470a87276411a76b2e26353838009d08	generated_latent_tensor	regenerable_with_pinned_code_configs_seeds_upstreams_and_GPU_exact_encoded_bytes_not_guaranteed
external_large_artifact	-	/mnt/NAS/data/hl5757/generated_artifacts/lateact/gate0-20260823/0001/lr_s2.mp4	1275278	3eb830fefc25b3352432335a5ac4f058c770e75239d002b1abc782f22f408631	generated_video	regenerable_with_pinned_code_configs_seeds_upstreams_and_GPU_exact_encoded_bytes_not_guaranteed
external_large_artifact	-	/mnt/NAS/data/hl5757/generated_artifacts/lateact/gate0-20260823/0001/lr_s2.pt	339026	31ad4f3c3648c4c92df676b88c8fb8f289054fa4148fe5d6ec2dfb9b2f2cb5ee	generated_latent_tensor	regenerable_with_pinned_code_configs_seeds_upstreams_and_GPU_exact_encoded_bytes_not_guaranteed
external_large_artifact	-	/mnt/NAS/data/hl5757/generated_artifacts/lateact/gate0-20260823/0001/oracle_mouse_left.mp4	1208651	408c01c55e4aa031c2f9ba52b627a9b4067022886a02bfcacea8e8f9e5249264	generated_video	regenerable_with_pinned_code_configs_seeds_upstreams_and_GPU_exact_encoded_bytes_not_guaranteed
external_large_artifact	-	/mnt/NAS/data/hl5757/generated_artifacts/lateact/gate0-20260823/0001/oracle_mouse_left.pt	339150	017ea9aa4bb137eee4e59b2bc8b4f0ea4d9c196573f2949ac3234020802f0e14	generated_latent_tensor	regenerable_with_pinned_code_configs_seeds_upstreams_and_GPU_exact_encoded_bytes_not_guaranteed
external_large_artifact	-	/mnt/NAS/data/hl5757/generated_artifacts/lateact/gate0-20260823/0001/oracle_mouse_right.mp4	1218032	ce1f2fb016bfa52623eb7e5ed8f9e59e003aead8ec2ec49158cb9e46f6923260	generated_video	regenerable_with_pinned_code_configs_seeds_upstreams_and_GPU_exact_encoded_bytes_not_guaranteed
external_large_artifact	-	/mnt/NAS/data/hl5757/generated_artifacts/lateact/gate0-20260823/0001/oracle_mouse_right.pt	339155	0f8e9840b405228cbd8d9666faa015e961e4c1201d392c7cbbcd21df1b29f56f	generated_latent_tensor	regenerable_with_pinned_code_configs_seeds_upstreams_and_GPU_exact_encoded_bytes_not_guaranteed
external_large_artifact	-	/mnt/NAS/data/hl5757/generated_artifacts/lateact/gate0-20260823/0001/prefix.pt	339031	1ac0ecb08922df726cad45eb4db1c4f6ad90eb2012ce01e8a7360e29fd156d51	generated_latent_tensor	regenerable_with_pinned_code_configs_seeds_upstreams_and_GPU_exact_encoded_bytes_not_guaranteed
external_large_artifact	-	/mnt/NAS/data/hl5757/generated_artifacts/lateact/gate0-20260823/0001/rl_s1.mp4	1228742	389c80185863d39fb7429146873b6c73fbc6dc7684ada84bf32e7a8c10644091	generated_video	regenerable_with_pinned_code_configs_seeds_upstreams_and_GPU_exact_encoded_bytes_not_guaranteed
external_large_artifact	-	/mnt/NAS/data/hl5757/generated_artifacts/lateact/gate0-20260823/0001/rl_s1.pt	339026	d67324c6be67a679007cbeb555832e1976e20c3d58fc7477394cd08a5f2f117b	generated_latent_tensor	regenerable_with_pinned_code_configs_seeds_upstreams_and_GPU_exact_encoded_bytes_not_guaranteed
external_large_artifact	-	/mnt/NAS/data/hl5757/generated_artifacts/lateact/gate0-20260823/0001/rl_s2.mp4	1318464	cea33031ac047a9173d33624e1846d201b4db62cdb63505d47148c3012e09122	generated_video	regenerable_with_pinned_code_configs_seeds_upstreams_and_GPU_exact_encoded_bytes_not_guaranteed
external_large_artifact	-	/mnt/NAS/data/hl5757/generated_artifacts/lateact/gate0-20260823/0001/rl_s2.pt	339026	91a1646ffe66175503ad9c2243a84685f46e18d5e267425bba59448e6d0d4560	generated_latent_tensor	regenerable_with_pinned_code_configs_seeds_upstreams_and_GPU_exact_encoded_bytes_not_guaranteed
external_large_artifact	-	/mnt/NAS/data/hl5757/generated_artifacts/lateact/gate0-20260823/0002/lr_s1.mp4	2140378	6f06528b30561ee0565bb83e4766cc6800ad0d02fa9ed54695cc601a7c404639	generated_video	regenerable_with_pinned_code_configs_seeds_upstreams_and_GPU_exact_encoded_bytes_not_guaranteed
external_large_artifact	-	/mnt/NAS/data/hl5757/generated_artifacts/lateact/gate0-20260823/0002/lr_s1.pt	339026	7ed9fba4bb3fec466ce82154fe1d344ef9036911491aae940d57ae59cea185ef	generated_latent_tensor	regenerable_with_pinned_code_configs_seeds_upstreams_and_GPU_exact_encoded_bytes_not_guaranteed
external_large_artifact	-	/mnt/NAS/data/hl5757/generated_artifacts/lateact/gate0-20260823/0002/lr_s2.mp4	2260966	600034c77a7be45e47103b3b63c51a57165de2825c5382a06335f53917580369	generated_video	regenerable_with_pinned_code_configs_seeds_upstreams_and_GPU_exact_encoded_bytes_not_guaranteed
external_large_artifact	-	/mnt/NAS/data/hl5757/generated_artifacts/lateact/gate0-20260823/0002/lr_s2.pt	339026	e5aa34036f884d5130e4078f39161ac4aff5a674264d07ce5ef8ee16cdac79a0	generated_latent_tensor	regenerable_with_pinned_code_configs_seeds_upstreams_and_GPU_exact_encoded_bytes_not_guaranteed
external_large_artifact	-	/mnt/NAS/data/hl5757/generated_artifacts/lateact/gate0-20260823/0002/oracle_mouse_left.mp4	2120457	2fad317c82c7c8f236d0097e47afa1915afd55371dc1c75c0edec2101fcaa9c9	generated_video	regenerable_with_pinned_code_configs_seeds_upstreams_and_GPU_exact_encoded_bytes_not_guaranteed
external_large_artifact	-	/mnt/NAS/data/hl5757/generated_artifacts/lateact/gate0-20260823/0002/oracle_mouse_left.pt	339150	b9d07524662170cabdef039a6f68deb0833e4cd6325d082853ddb8131bf32bb2	generated_latent_tensor	regenerable_with_pinned_code_configs_seeds_upstreams_and_GPU_exact_encoded_bytes_not_guaranteed
external_large_artifact	-	/mnt/NAS/data/hl5757/generated_artifacts/lateact/gate0-20260823/0002/oracle_mouse_right.mp4	2143677	8432d39c59e9bb87202be12ff751f91f81272db4ac7beb7dfc79d6f3a6923638	generated_video	regenerable_with_pinned_code_configs_seeds_upstreams_and_GPU_exact_encoded_bytes_not_guaranteed
external_large_artifact	-	/mnt/NAS/data/hl5757/generated_artifacts/lateact/gate0-20260823/0002/oracle_mouse_right.pt	339155	e289620ab9ff74d588d4e6a7234490ba8190013d29d5ddba36d5dd553e1209a8	generated_latent_tensor	regenerable_with_pinned_code_configs_seeds_upstreams_and_GPU_exact_encoded_bytes_not_guaranteed
external_large_artifact	-	/mnt/NAS/data/hl5757/generated_artifacts/lateact/gate0-20260823/0002/prefix.pt	339031	440a6d47631e4a4a8f65253386d222f112d566118a35c9e6bcff316f83d9f2fe	generated_latent_tensor	regenerable_with_pinned_code_configs_seeds_upstreams_and_GPU_exact_encoded_bytes_not_guaranteed
external_large_artifact	-	/mnt/NAS/data/hl5757/generated_artifacts/lateact/gate0-20260823/0002/rl_s1.mp4	2128441	35608c4aa80d60268ade20d5fda61278f75cacb0da8f037ad97441438e567976	generated_video	regenerable_with_pinned_code_configs_seeds_upstreams_and_GPU_exact_encoded_bytes_not_guaranteed
external_large_artifact	-	/mnt/NAS/data/hl5757/generated_artifacts/lateact/gate0-20260823/0002/rl_s1.pt	339026	a1823023bbef659c80c8c287c9331593fc96605c1f5a36f61e81769bdb603012	generated_latent_tensor	regenerable_with_pinned_code_configs_seeds_upstreams_and_GPU_exact_encoded_bytes_not_guaranteed
external_large_artifact	-	/mnt/NAS/data/hl5757/generated_artifacts/lateact/gate0-20260823/0002/rl_s2.mp4	2298516	aa84763fb71be336bfa0faecbdbe07dfe067cc0289326fabb975bda781d4e1af	generated_video	regenerable_with_pinned_code_configs_seeds_upstreams_and_GPU_exact_encoded_bytes_not_guaranteed
external_large_artifact	-	/mnt/NAS/data/hl5757/generated_artifacts/lateact/gate0-20260823/0002/rl_s2.pt	339026	fdae281fb92489ff96040c30872978685a90cff473207f4ceec5931ed5792bb9	generated_latent_tensor	regenerable_with_pinned_code_configs_seeds_upstreams_and_GPU_exact_encoded_bytes_not_guaranteed
external_large_artifact	-	/mnt/NAS/data/hl5757/generated_artifacts/lateact/gate0-20260823/0003/lr_s1.mp4	641341	59b732f5d4dcdadfbea3a5c7c129129ddbb0d89c54a9db9a46d48d3a59bfd0f8	generated_video	regenerable_with_pinned_code_configs_seeds_upstreams_and_GPU_exact_encoded_bytes_not_guaranteed
external_large_artifact	-	/mnt/NAS/data/hl5757/generated_artifacts/lateact/gate0-20260823/0003/lr_s1.pt	339026	10a73fbd53d116af9e7a04076318b35dadb3f2eaf72861b751823cf54ad8776e	generated_latent_tensor	regenerable_with_pinned_code_configs_seeds_upstreams_and_GPU_exact_encoded_bytes_not_guaranteed
external_large_artifact	-	/mnt/NAS/data/hl5757/generated_artifacts/lateact/gate0-20260823/0003/lr_s2.mp4	691749	01e7d8682474f167f6a892c80b6222df769c834219c45e2ef4e79ecf511614ab	generated_video	regenerable_with_pinned_code_configs_seeds_upstreams_and_GPU_exact_encoded_bytes_not_guaranteed
external_large_artifact	-	/mnt/NAS/data/hl5757/generated_artifacts/lateact/gate0-20260823/0003/lr_s2.pt	339026	5d6f994ae4ca9af63adb251974b9dfd0c994270f2858ea51147466ac25ccbd67	generated_latent_tensor	regenerable_with_pinned_code_configs_seeds_upstreams_and_GPU_exact_encoded_bytes_not_guaranteed
external_large_artifact	-	/mnt/NAS/data/hl5757/generated_artifacts/lateact/gate0-20260823/0003/oracle_mouse_left.mp4	666153	9571b1604b16552da2a57cdc852bd8f0b4c812ca83805cec1e22533236a69b1d	generated_video	regenerable_with_pinned_code_configs_seeds_upstreams_and_GPU_exact_encoded_bytes_not_guaranteed
external_large_artifact	-	/mnt/NAS/data/hl5757/generated_artifacts/lateact/gate0-20260823/0003/oracle_mouse_left.pt	339150	5aabcac5bae105a35c5bc8a98dfc1ce1c8a1e16486b7fec167c11efab57483ea	generated_latent_tensor	regenerable_with_pinned_code_configs_seeds_upstreams_and_GPU_exact_encoded_bytes_not_guaranteed
external_large_artifact	-	/mnt/NAS/data/hl5757/generated_artifacts/lateact/gate0-20260823/0003/oracle_mouse_right.mp4	648499	024ef79b908fc75d354745d2a508748191873f08a326e465fb72a2681384e6a4	generated_video	regenerable_with_pinned_code_configs_seeds_upstreams_and_GPU_exact_encoded_bytes_not_guaranteed
external_large_artifact	-	/mnt/NAS/data/hl5757/generated_artifacts/lateact/gate0-20260823/0003/oracle_mouse_right.pt	339155	d4bb0d9e8e04ec7be35cdf2aa3b635b3b2725944a44be1291db98eb42fd66eac	generated_latent_tensor	regenerable_with_pinned_code_configs_seeds_upstreams_and_GPU_exact_encoded_bytes_not_guaranteed
external_large_artifact	-	/mnt/NAS/data/hl5757/generated_artifacts/lateact/gate0-20260823/0003/prefix.pt	339031	67398fafcff0f43caaac4e475f6d520545619a7b98200fe954791033ce5b3910	generated_latent_tensor	regenerable_with_pinned_code_configs_seeds_upstreams_and_GPU_exact_encoded_bytes_not_guaranteed
external_large_artifact	-	/mnt/NAS/data/hl5757/generated_artifacts/lateact/gate0-20260823/0003/rl_s1.mp4	661041	5866c3bbea21a5f447ecddd001dbc47de199fb7b507660c9571094c2e4b857f4	generated_video	regenerable_with_pinned_code_configs_seeds_upstreams_and_GPU_exact_encoded_bytes_not_guaranteed
external_large_artifact	-	/mnt/NAS/data/hl5757/generated_artifacts/lateact/gate0-20260823/0003/rl_s1.pt	339026	96ad8dba003d942df8e4913c462174fcd7658950f487ad88a2bb0f663adbb314	generated_latent_tensor	regenerable_with_pinned_code_configs_seeds_upstreams_and_GPU_exact_encoded_bytes_not_guaranteed
external_large_artifact	-	/mnt/NAS/data/hl5757/generated_artifacts/lateact/gate0-20260823/0003/rl_s2.mp4	658173	496ecc7e4eabea88cdea8d6ce6529f69da0b60d62e73ade54250ebaf4b6c207d	generated_video	regenerable_with_pinned_code_configs_seeds_upstreams_and_GPU_exact_encoded_bytes_not_guaranteed
external_large_artifact	-	/mnt/NAS/data/hl5757/generated_artifacts/lateact/gate0-20260823/0003/rl_s2.pt	339026	03e16dccd4990a43251c6920991d6e0d419c547df80558174dc99fdca9a2e4e9	generated_latent_tensor	regenerable_with_pinned_code_configs_seeds_upstreams_and_GPU_exact_encoded_bytes_not_guaranteed
external_large_artifact	-	/mnt/NAS/data/hl5757/generated_artifacts/lateact/gate0-20260823/0004/lr_s1.mp4	1324923	9c8548ddd77954475bac844c2a06c63031fc64aa5d6bdee589b45fddfdb6da4d	generated_video	regenerable_with_pinned_code_configs_seeds_upstreams_and_GPU_exact_encoded_bytes_not_guaranteed
external_large_artifact	-	/mnt/NAS/data/hl5757/generated_artifacts/lateact/gate0-20260823/0004/lr_s1.pt	339026	d653643a192f29c223cbd21c258b2ed3444745a4f8d4e3d4eb043018e2f3cd68	generated_latent_tensor	regenerable_with_pinned_code_configs_seeds_upstreams_and_GPU_exact_encoded_bytes_not_guaranteed
external_large_artifact	-	/mnt/NAS/data/hl5757/generated_artifacts/lateact/gate0-20260823/0004/lr_s2.mp4	1344820	638b371db198a9e4dd3f4f93c298ef6e66eacd6aed1cc7f4abdb9a5c611f56ae	generated_video	regenerable_with_pinned_code_configs_seeds_upstreams_and_GPU_exact_encoded_bytes_not_guaranteed
external_large_artifact	-	/mnt/NAS/data/hl5757/generated_artifacts/lateact/gate0-20260823/0004/lr_s2.pt	339026	4ab4e42ab877b8c8f5f13403ed8df2f9a8f8d209f46118274400d2a69a5044ef	generated_latent_tensor	regenerable_with_pinned_code_configs_seeds_upstreams_and_GPU_exact_encoded_bytes_not_guaranteed
external_large_artifact	-	/mnt/NAS/data/hl5757/generated_artifacts/lateact/gate0-20260823/0004/oracle_mouse_left.mp4	1319307	34bc02385cba15233360932c2bf10b32543d75956c1e997e22cb643df02c5c58	generated_video	regenerable_with_pinned_code_configs_seeds_upstreams_and_GPU_exact_encoded_bytes_not_guaranteed
external_large_artifact	-	/mnt/NAS/data/hl5757/generated_artifacts/lateact/gate0-20260823/0004/oracle_mouse_left.pt	339150	1e971a7bbcf56643ca2e00f23993e37d29daf608667a06664b57b077a567539a	generated_latent_tensor	regenerable_with_pinned_code_configs_seeds_upstreams_and_GPU_exact_encoded_bytes_not_guaranteed
external_large_artifact	-	/mnt/NAS/data/hl5757/generated_artifacts/lateact/gate0-20260823/0004/oracle_mouse_right.mp4	1323307	ce45c3d15b564a09b4f6e29a7f58f87763b36a55dceb965ed14f2e2d25980e93	generated_video	regenerable_with_pinned_code_configs_seeds_upstreams_and_GPU_exact_encoded_bytes_not_guaranteed
external_large_artifact	-	/mnt/NAS/data/hl5757/generated_artifacts/lateact/gate0-20260823/0004/oracle_mouse_right.pt	339155	5f03acceaccd89fd6c7b9be7c7fded33b169adfc4569ed4ac166697d244ffbf0	generated_latent_tensor	regenerable_with_pinned_code_configs_seeds_upstreams_and_GPU_exact_encoded_bytes_not_guaranteed
external_large_artifact	-	/mnt/NAS/data/hl5757/generated_artifacts/lateact/gate0-20260823/0004/prefix.pt	339031	6065923d0662631323dbaf85091e74b822628e0936e31cb51bcfc9ec45a44900	generated_latent_tensor	regenerable_with_pinned_code_configs_seeds_upstreams_and_GPU_exact_encoded_bytes_not_guaranteed
external_large_artifact	-	/mnt/NAS/data/hl5757/generated_artifacts/lateact/gate0-20260823/0004/rl_s1.mp4	1331841	0c4487d5eba4a02f5c212ce3a9fd938a64d0d885c82158fa5a1e030dfd15d554	generated_video	regenerable_with_pinned_code_configs_seeds_upstreams_and_GPU_exact_encoded_bytes_not_guaranteed
external_large_artifact	-	/mnt/NAS/data/hl5757/generated_artifacts/lateact/gate0-20260823/0004/rl_s1.pt	339026	7ae6a40029538c690c2c3fd8f230f4183316669f16a332ab22e84a0029781ef8	generated_latent_tensor	regenerable_with_pinned_code_configs_seeds_upstreams_and_GPU_exact_encoded_bytes_not_guaranteed
external_large_artifact	-	/mnt/NAS/data/hl5757/generated_artifacts/lateact/gate0-20260823/0004/rl_s2.mp4	1504766	64d8ae98cec30d7ee6b0a6a171edfcf16c3105de86fe6dfe133ca679a48bbeaa	generated_video	regenerable_with_pinned_code_configs_seeds_upstreams_and_GPU_exact_encoded_bytes_not_guaranteed
external_large_artifact	-	/mnt/NAS/data/hl5757/generated_artifacts/lateact/gate0-20260823/0004/rl_s2.pt	339026	a7669d47238a5a1c9306021a247df89484f892bae55c66d1b533044fece3dea6	generated_latent_tensor	regenerable_with_pinned_code_configs_seeds_upstreams_and_GPU_exact_encoded_bytes_not_guaranteed
external_large_artifact	-	/mnt/NAS/data/hl5757/generated_artifacts/lateact/gate0-20260823/0005/lr_s1.mp4	1002264	15eeba2df43fac12c00a882dbbea8808e2ce3773ebcfa0c4d264da23f8e91931	generated_video	regenerable_with_pinned_code_configs_seeds_upstreams_and_GPU_exact_encoded_bytes_not_guaranteed
external_large_artifact	-	/mnt/NAS/data/hl5757/generated_artifacts/lateact/gate0-20260823/0005/lr_s1.pt	339026	c23cd12a2fb6d5a0eb8f7c6796a93f3a6284b1ef15b3689c172ae6e103418b57	generated_latent_tensor	regenerable_with_pinned_code_configs_seeds_upstreams_and_GPU_exact_encoded_bytes_not_guaranteed
external_large_artifact	-	/mnt/NAS/data/hl5757/generated_artifacts/lateact/gate0-20260823/0005/lr_s2.mp4	1038157	43c550d20f4529f6a0fb4c02112242922e5a102b8d6379a4d85c6ccfd30e0ed7	generated_video	regenerable_with_pinned_code_configs_seeds_upstreams_and_GPU_exact_encoded_bytes_not_guaranteed
external_large_artifact	-	/mnt/NAS/data/hl5757/generated_artifacts/lateact/gate0-20260823/0005/lr_s2.pt	339026	285806ab1d9e9e7a08e6c35657f67087eadaed07ed465194f634cf4d00525d13	generated_latent_tensor	regenerable_with_pinned_code_configs_seeds_upstreams_and_GPU_exact_encoded_bytes_not_guaranteed
external_large_artifact	-	/mnt/NAS/data/hl5757/generated_artifacts/lateact/gate0-20260823/0005/oracle_mouse_left.mp4	1011243	86138e1cffa5012c565d26e55e0f82f25e7418f0878dfd4e606ebbbf36d3dcf6	generated_video	regenerable_with_pinned_code_configs_seeds_upstreams_and_GPU_exact_encoded_bytes_not_guaranteed
external_large_artifact	-	/mnt/NAS/data/hl5757/generated_artifacts/lateact/gate0-20260823/0005/oracle_mouse_left.pt	339150	17ad673e26b70b489afcb22182f2048d2cc44d770ee8748e20c00995a6795aa5	generated_latent_tensor	regenerable_with_pinned_code_configs_seeds_upstreams_and_GPU_exact_encoded_bytes_not_guaranteed
external_large_artifact	-	/mnt/NAS/data/hl5757/generated_artifacts/lateact/gate0-20260823/0005/oracle_mouse_right.mp4	1006620	2ccfa04d11176a911194e8cfa308dd8522a022b0254fff518cd374b19833914d	generated_video	regenerable_with_pinned_code_configs_seeds_upstreams_and_GPU_exact_encoded_bytes_not_guaranteed
external_large_artifact	-	/mnt/NAS/data/hl5757/generated_artifacts/lateact/gate0-20260823/0005/oracle_mouse_right.pt	339155	1666b87a4bf9c1e3738cf0ccf7c882401ead5450db825948b38d83b31c703992	generated_latent_tensor	regenerable_with_pinned_code_configs_seeds_upstreams_and_GPU_exact_encoded_bytes_not_guaranteed
external_large_artifact	-	/mnt/NAS/data/hl5757/generated_artifacts/lateact/gate0-20260823/0005/prefix.pt	339031	7a744a5c318e4b433468f2a247c4527c7f60e9b4727083d98927babf4cad1648	generated_latent_tensor	regenerable_with_pinned_code_configs_seeds_upstreams_and_GPU_exact_encoded_bytes_not_guaranteed
external_large_artifact	-	/mnt/NAS/data/hl5757/generated_artifacts/lateact/gate0-20260823/0005/rl_s1.mp4	995893	e10f1312b8ec79d73c512733316df52432bf49d20e9f9fdc914f0b1036c0796f	generated_video	regenerable_with_pinned_code_configs_seeds_upstreams_and_GPU_exact_encoded_bytes_not_guaranteed
external_large_artifact	-	/mnt/NAS/data/hl5757/generated_artifacts/lateact/gate0-20260823/0005/rl_s1.pt	339026	1c61d5fcaff15ee9635844a600a871b5431e12840457d46354087023e3a34989	generated_latent_tensor	regenerable_with_pinned_code_configs_seeds_upstreams_and_GPU_exact_encoded_bytes_not_guaranteed
external_large_artifact	-	/mnt/NAS/data/hl5757/generated_artifacts/lateact/gate0-20260823/0005/rl_s2.mp4	1047270	0442286a8d236943e846611bda44b867e1494b99e5a54f5b0ed25f824945a0cd	generated_video	regenerable_with_pinned_code_configs_seeds_upstreams_and_GPU_exact_encoded_bytes_not_guaranteed
external_large_artifact	-	/mnt/NAS/data/hl5757/generated_artifacts/lateact/gate0-20260823/0005/rl_s2.pt	339026	8606f99b9adad084f9d09e3955a98ddfb7d6e164d9c4e829a54ff9d62f942d72	generated_latent_tensor	regenerable_with_pinned_code_configs_seeds_upstreams_and_GPU_exact_encoded_bytes_not_guaranteed
external_large_artifact	-	/mnt/NAS/data/hl5757/generated_artifacts/lateact/gate0-20260823/0006/lr_s1.mp4	2290594	336e0cf4f0312a9a578450a0c9ee45aeec7a5a24e8014e2abc1226fb05335348	generated_video	regenerable_with_pinned_code_configs_seeds_upstreams_and_GPU_exact_encoded_bytes_not_guaranteed
external_large_artifact	-	/mnt/NAS/data/hl5757/generated_artifacts/lateact/gate0-20260823/0006/lr_s1.pt	339026	712cf5513f866062db9f767c2077538a4a65c60d4f835b3adfc7709254640f86	generated_latent_tensor	regenerable_with_pinned_code_configs_seeds_upstreams_and_GPU_exact_encoded_bytes_not_guaranteed
external_large_artifact	-	/mnt/NAS/data/hl5757/generated_artifacts/lateact/gate0-20260823/0006/lr_s2.mp4	2424924	74c9bd2dd27159a36ed45e5f058a0d756462cb7ac2f59db098f670ba55361b4b	generated_video	regenerable_with_pinned_code_configs_seeds_upstreams_and_GPU_exact_encoded_bytes_not_guaranteed
external_large_artifact	-	/mnt/NAS/data/hl5757/generated_artifacts/lateact/gate0-20260823/0006/lr_s2.pt	339026	6008cf259afc5479c5a197f57e18398d4fa2a473beb7fb6892f11ecb0d1c6e7e	generated_latent_tensor	regenerable_with_pinned_code_configs_seeds_upstreams_and_GPU_exact_encoded_bytes_not_guaranteed
external_large_artifact	-	/mnt/NAS/data/hl5757/generated_artifacts/lateact/gate0-20260823/0006/oracle_mouse_left.mp4	2273494	7f7363a83219eb54e6d1979b0a6a7e3149fcb7834b654d20b8428e92483eb616	generated_video	regenerable_with_pinned_code_configs_seeds_upstreams_and_GPU_exact_encoded_bytes_not_guaranteed
external_large_artifact	-	/mnt/NAS/data/hl5757/generated_artifacts/lateact/gate0-20260823/0006/oracle_mouse_left.pt	339150	cb76863441adf4d91a61f9552942189f82b8d78e112c875b4a885f86172c5256	generated_latent_tensor	regenerable_with_pinned_code_configs_seeds_upstreams_and_GPU_exact_encoded_bytes_not_guaranteed
external_large_artifact	-	/mnt/NAS/data/hl5757/generated_artifacts/lateact/gate0-20260823/0006/oracle_mouse_right.mp4	2294493	2dda2a620c800028a26da8111e787a623f06a1e1c4b7dbe7f3b4364f02424a4e	generated_video	regenerable_with_pinned_code_configs_seeds_upstreams_and_GPU_exact_encoded_bytes_not_guaranteed
external_large_artifact	-	/mnt/NAS/data/hl5757/generated_artifacts/lateact/gate0-20260823/0006/oracle_mouse_right.pt	339155	e6075682cb873606c58f59bd66ed430f986f96863438af4cef0d232ed53765cc	generated_latent_tensor	regenerable_with_pinned_code_configs_seeds_upstreams_and_GPU_exact_encoded_bytes_not_guaranteed
external_large_artifact	-	/mnt/NAS/data/hl5757/generated_artifacts/lateact/gate0-20260823/0006/prefix.pt	339031	4ef678f6c00f261ef605f37d3be0b03f910cc3c4fe8caf8f10861575f610910a	generated_latent_tensor	regenerable_with_pinned_code_configs_seeds_upstreams_and_GPU_exact_encoded_bytes_not_guaranteed
external_large_artifact	-	/mnt/NAS/data/hl5757/generated_artifacts/lateact/gate0-20260823/0006/rl_s1.mp4	2289149	fb4c2f1b9bd5854c16e162dcf6f971d2068995284ddd3c49fcda6d5338899dfe	generated_video	regenerable_with_pinned_code_configs_seeds_upstreams_and_GPU_exact_encoded_bytes_not_guaranteed
external_large_artifact	-	/mnt/NAS/data/hl5757/generated_artifacts/lateact/gate0-20260823/0006/rl_s1.pt	339026	52fadf235da110d64fe3c7349bf57d8989de8e3774ebf35cfff9322c4142125f	generated_latent_tensor	regenerable_with_pinned_code_configs_seeds_upstreams_and_GPU_exact_encoded_bytes_not_guaranteed
external_large_artifact	-	/mnt/NAS/data/hl5757/generated_artifacts/lateact/gate0-20260823/0006/rl_s2.mp4	2431617	62ee41ac2d0f48ebb7ce7d20f9cd40fe0340243f76f0318865a68ceaf7b46e48	generated_video	regenerable_with_pinned_code_configs_seeds_upstreams_and_GPU_exact_encoded_bytes_not_guaranteed
external_large_artifact	-	/mnt/NAS/data/hl5757/generated_artifacts/lateact/gate0-20260823/0006/rl_s2.pt	339026	9ec1afcde701521550be605143d6c48fb02dd770aff643f3f54740acea0125ea	generated_latent_tensor	regenerable_with_pinned_code_configs_seeds_upstreams_and_GPU_exact_encoded_bytes_not_guaranteed
external_large_artifact	-	/mnt/NAS/data/hl5757/generated_artifacts/lateact/gate0-20260823/0007/lr_s1.mp4	1844483	151dbb433e0f8999d58973838c4a820b6ce47c854c9ac7cb18a18d495523e246	generated_video	regenerable_with_pinned_code_configs_seeds_upstreams_and_GPU_exact_encoded_bytes_not_guaranteed
external_large_artifact	-	/mnt/NAS/data/hl5757/generated_artifacts/lateact/gate0-20260823/0007/lr_s1.pt	339026	e4cfbabfa78b7821509b098b76e5f67cb49593576a4d7bf342e51620ab51af2c	generated_latent_tensor	regenerable_with_pinned_code_configs_seeds_upstreams_and_GPU_exact_encoded_bytes_not_guaranteed
external_large_artifact	-	/mnt/NAS/data/hl5757/generated_artifacts/lateact/gate0-20260823/0007/lr_s2.mp4	1935054	90955010e2eb9b41c308471ab26f71ec8b9bfbf539c798de91c6f35ae9988559	generated_video	regenerable_with_pinned_code_configs_seeds_upstreams_and_GPU_exact_encoded_bytes_not_guaranteed
external_large_artifact	-	/mnt/NAS/data/hl5757/generated_artifacts/lateact/gate0-20260823/0007/lr_s2.pt	339026	3f633cc20b44f35ec359d956b05e582e72a88767962626c96b633aad779abcac	generated_latent_tensor	regenerable_with_pinned_code_configs_seeds_upstreams_and_GPU_exact_encoded_bytes_not_guaranteed
external_large_artifact	-	/mnt/NAS/data/hl5757/generated_artifacts/lateact/gate0-20260823/0007/oracle_mouse_left.mp4	1859041	669e6274a8b0f822543f6ac93794c2d61145451a6879ff6f3d6fb36d79aa5f4a	generated_video	regenerable_with_pinned_code_configs_seeds_upstreams_and_GPU_exact_encoded_bytes_not_guaranteed
external_large_artifact	-	/mnt/NAS/data/hl5757/generated_artifacts/lateact/gate0-20260823/0007/oracle_mouse_left.pt	339150	245a19600b53329e94b49b877ea14c05be3d832e9e5e00a19d9f625629c8f1c3	generated_latent_tensor	regenerable_with_pinned_code_configs_seeds_upstreams_and_GPU_exact_encoded_bytes_not_guaranteed
external_large_artifact	-	/mnt/NAS/data/hl5757/generated_artifacts/lateact/gate0-20260823/0007/oracle_mouse_right.mp4	1842640	1448fcb8c0eb0f53d070aeca98075cdbd645655d00f728e9b6b81a19d909791f	generated_video	regenerable_with_pinned_code_configs_seeds_upstreams_and_GPU_exact_encoded_bytes_not_guaranteed
external_large_artifact	-	/mnt/NAS/data/hl5757/generated_artifacts/lateact/gate0-20260823/0007/oracle_mouse_right.pt	339155	42ddba21ccd0e8bc50de027643be251ef8b9ee7f759cbf36dbdebca758081d4a	generated_latent_tensor	regenerable_with_pinned_code_configs_seeds_upstreams_and_GPU_exact_encoded_bytes_not_guaranteed
external_large_artifact	-	/mnt/NAS/data/hl5757/generated_artifacts/lateact/gate0-20260823/0007/prefix.pt	339031	3027cdc21e09265dd248df1d232afb0ae6c5e20a2726acacf31263204eaf48bd	generated_latent_tensor	regenerable_with_pinned_code_configs_seeds_upstreams_and_GPU_exact_encoded_bytes_not_guaranteed
external_large_artifact	-	/mnt/NAS/data/hl5757/generated_artifacts/lateact/gate0-20260823/0007/rl_s1.mp4	1863739	c6d41fae701a317c08580e5e0eda0a4203e6abf96f93b323632b1af7115ebbff	generated_video	regenerable_with_pinned_code_configs_seeds_upstreams_and_GPU_exact_encoded_bytes_not_guaranteed
external_large_artifact	-	/mnt/NAS/data/hl5757/generated_artifacts/lateact/gate0-20260823/0007/rl_s1.pt	339026	d26203012ae0efa61021e6c00ca615e6f1d059120a651ceceece63c290ed8869	generated_latent_tensor	regenerable_with_pinned_code_configs_seeds_upstreams_and_GPU_exact_encoded_bytes_not_guaranteed
external_large_artifact	-	/mnt/NAS/data/hl5757/generated_artifacts/lateact/gate0-20260823/0007/rl_s2.mp4	1921964	fb8af9caff180bbb94c058766773b5b05823f88f1ad7db40f09e494788bd9f7a	generated_video	regenerable_with_pinned_code_configs_seeds_upstreams_and_GPU_exact_encoded_bytes_not_guaranteed
external_large_artifact	-	/mnt/NAS/data/hl5757/generated_artifacts/lateact/gate0-20260823/0007/rl_s2.pt	339026	6838b87ae11a4cc1998f2fc1f4e3c75a269613b9531cc4dd3ff5ff6d60529e25	generated_latent_tensor	regenerable_with_pinned_code_configs_seeds_upstreams_and_GPU_exact_encoded_bytes_not_guaranteed
stored_in_git	results/frozen/gate0/gate0_qualitative_montage.png	/mnt/NAS/data/hl5757/generated_artifacts/lateact/gate0-20260823/gate0_qualitative_montage.png	940472	6f2267529123f29f581d434fbf90b8f3bfc28c4f802a8cc32c2e267e97a15602	qualitative_scientific_montage	authoritative_archived_copy
stored_in_git	results/frozen/gate0/gate0_shard_0.json	/mnt/NAS/data/hl5757/generated_artifacts/lateact/gate0-20260823/gate0_shard_0.json	189780	c775e79b62572c3cf88e60d8eb1aa8064454ebe3bf0ca39152313b4b364d9f16	frozen_numerical_or_provenance_record	authoritative_archived_copy
stored_in_git	results/frozen/gate0/gate0_shard_1.json	/mnt/NAS/data/hl5757/generated_artifacts/lateact/gate0-20260823/gate0_shard_1.json	189754	9087d2697a4d7f615616a9194a17ed89b2ee4dfc84456e7db53719ba486f40e9	frozen_numerical_or_provenance_record	authoritative_archived_copy
stored_in_git	results/frozen/gate0/gate0_summary.json	/mnt/NAS/data/hl5757/generated_artifacts/lateact/gate0-20260823/gate0_summary.json	14310	10caa2800f2b11e93461336ad2c2cc7d814a03db98a99fba80cf70983c50a12a	frozen_numerical_or_provenance_record	authoritative_archived_copy
external_large_artifact	-	/mnt/NAS/data/hl5757/generated_artifacts/lateact/gate1-engineering/0000/left_to_right_direct_late_bind.mp4	1931701	221be6fda4d4a6ad1cdcfdec22dc975b3236ac4920a02ca9df4d9e74e234a030	generated_video	regenerable_with_pinned_code_configs_seeds_upstreams_and_GPU_exact_encoded_bytes_not_guaranteed
external_large_artifact	-	/mnt/NAS/data/hl5757/generated_artifacts/lateact/gate1-engineering/0000/left_to_right_direct_late_bind.pt	339343	14abb65ea4616d35cecfcb18f536e8973e27128b47526d8ce25e6d26774dc1b7	generated_latent_tensor	regenerable_with_pinned_code_configs_seeds_upstreams_and_GPU_exact_encoded_bytes_not_guaranteed
external_large_artifact	-	/mnt/NAS/data/hl5757/generated_artifacts/lateact/gate1-engineering/0000/left_to_right_full_restart.mp4	1900560	33968d14c443f07faf09b77c7d56041ca045aab5f9151a2473c1ffbededd024e	generated_video	regenerable_with_pinned_code_configs_seeds_upstreams_and_GPU_exact_encoded_bytes_not_guaranteed
external_large_artifact	-	/mnt/NAS/data/hl5757/generated_artifacts/lateact/gate1-engineering/0000/left_to_right_full_restart.pt	339323	07d171b6992d1ffced9bc4b65db544272e1bad18a4089df6917f25f41f50eb96	generated_latent_tensor	regenerable_with_pinned_code_configs_seeds_upstreams_and_GPU_exact_encoded_bytes_not_guaranteed
external_large_artifact	-	/mnt/NAS/data/hl5757/generated_artifacts/lateact/gate1-engineering/0000/left_to_right_minimal_rollback.mp4	1914791	b62b581dd3cf036d00f437c5f7f5d24a495c68f1b04a6082575a3fea8d1c212f	generated_video	regenerable_with_pinned_code_configs_seeds_upstreams_and_GPU_exact_encoded_bytes_not_guaranteed
external_large_artifact	-	/mnt/NAS/data/hl5757/generated_artifacts/lateact/gate1-engineering/0000/left_to_right_minimal_rollback.pt	339343	1187721ca6965e318c7a12e1110029028623fd53335738a7f73f8b871c264cdb	generated_latent_tensor	regenerable_with_pinned_code_configs_seeds_upstreams_and_GPU_exact_encoded_bytes_not_guaranteed
external_large_artifact	-	/mnt/NAS/data/hl5757/generated_artifacts/lateact/gate1-engineering/0000/left_to_right_new_oracle.mp4	1900560	33968d14c443f07faf09b77c7d56041ca045aab5f9151a2473c1ffbededd024e	generated_video	regenerable_with_pinned_code_configs_seeds_upstreams_and_GPU_exact_encoded_bytes_not_guaranteed
external_large_artifact	-	/mnt/NAS/data/hl5757/generated_artifacts/lateact/gate1-engineering/0000/left_to_right_new_oracle.pt	339313	01289a5323521346ac239940060b5663fc1b80a6662d0612987e0ecd4dac00cb	generated_latent_tensor	regenerable_with_pinned_code_configs_seeds_upstreams_and_GPU_exact_encoded_bytes_not_guaranteed
external_large_artifact	-	/mnt/NAS/data/hl5757/generated_artifacts/lateact/gate1-engineering/0000/left_to_right_old.mp4	1888590	a60eb47fe9735f315010b9229bfee4aaeaaa4dcdc5130435bdf7897154f34091	generated_video	regenerable_with_pinned_code_configs_seeds_upstreams_and_GPU_exact_encoded_bytes_not_guaranteed
external_large_artifact	-	/mnt/NAS/data/hl5757/generated_artifacts/lateact/gate1-engineering/0000/left_to_right_old.pt	339150	7a9d78c27426c59ff8fc6b261ea4546c22ec68f713b6e82e6bda130186dbc441	generated_latent_tensor	regenerable_with_pinned_code_configs_seeds_upstreams_and_GPU_exact_encoded_bytes_not_guaranteed
external_large_artifact	-	/mnt/NAS/data/hl5757/generated_artifacts/lateact/gate1-engineering/0000/right_to_left_direct_late_bind.mp4	1987778	7b3c3fed4700b7eda79ff051aa283a39b295104cfddff2d1e3a7d7517f7e997e	generated_video	regenerable_with_pinned_code_configs_seeds_upstreams_and_GPU_exact_encoded_bytes_not_guaranteed
external_large_artifact	-	/mnt/NAS/data/hl5757/generated_artifacts/lateact/gate1-engineering/0000/right_to_left_direct_late_bind.pt	339343	99881db9f0a75d66523c471b60d329b40696dc2ff093e887e30bcbc35366f435	generated_latent_tensor	regenerable_with_pinned_code_configs_seeds_upstreams_and_GPU_exact_encoded_bytes_not_guaranteed
external_large_artifact	-	/mnt/NAS/data/hl5757/generated_artifacts/lateact/gate1-engineering/0000/right_to_left_full_restart.mp4	1888590	a60eb47fe9735f315010b9229bfee4aaeaaa4dcdc5130435bdf7897154f34091	generated_video	regenerable_with_pinned_code_configs_seeds_upstreams_and_GPU_exact_encoded_bytes_not_guaranteed
external_large_artifact	-	/mnt/NAS/data/hl5757/generated_artifacts/lateact/gate1-engineering/0000/right_to_left_full_restart.pt	339323	fb69a75dfb193c9a351409cc05cee9724e14da7f45e4b161742cb20e997a5198	generated_latent_tensor	regenerable_with_pinned_code_configs_seeds_upstreams_and_GPU_exact_encoded_bytes_not_guaranteed
external_large_artifact	-	/mnt/NAS/data/hl5757/generated_artifacts/lateact/gate1-engineering/0000/right_to_left_minimal_rollback.mp4	1913176	54c2c5f495653f9732e02127f3460effd56c1efb9e9f365c64f0ffc5d88925c2	generated_video	regenerable_with_pinned_code_configs_seeds_upstreams_and_GPU_exact_encoded_bytes_not_guaranteed
external_large_artifact	-	/mnt/NAS/data/hl5757/generated_artifacts/lateact/gate1-engineering/0000/right_to_left_minimal_rollback.pt	339343	5fde87e80fd8467f8d4ab8d0889f810f974fb22f726de4aabdb1b57acc9a38d0	generated_latent_tensor	regenerable_with_pinned_code_configs_seeds_upstreams_and_GPU_exact_encoded_bytes_not_guaranteed
external_large_artifact	-	/mnt/NAS/data/hl5757/generated_artifacts/lateact/gate1-engineering/0000/right_to_left_new_oracle.mp4	1888590	a60eb47fe9735f315010b9229bfee4aaeaaa4dcdc5130435bdf7897154f34091	generated_video	regenerable_with_pinned_code_configs_seeds_upstreams_and_GPU_exact_encoded_bytes_not_guaranteed
external_large_artifact	-	/mnt/NAS/data/hl5757/generated_artifacts/lateact/gate1-engineering/0000/right_to_left_new_oracle.pt	339313	9180b24086cc7b6aa2250ccff33f4dec530e3495dd7e63d24bec4101f0a47394	generated_latent_tensor	regenerable_with_pinned_code_configs_seeds_upstreams_and_GPU_exact_encoded_bytes_not_guaranteed
external_large_artifact	-	/mnt/NAS/data/hl5757/generated_artifacts/lateact/gate1-engineering/0000/right_to_left_old.mp4	1900560	33968d14c443f07faf09b77c7d56041ca045aab5f9151a2473c1ffbededd024e	generated_video	regenerable_with_pinned_code_configs_seeds_upstreams_and_GPU_exact_encoded_bytes_not_guaranteed
external_large_artifact	-	/mnt/NAS/data/hl5757/generated_artifacts/lateact/gate1-engineering/0000/right_to_left_old.pt	339150	9eabeab68ecefe868226e86378e3955ca32e80b83c9090bcffdc9a0ac6d82aa5	generated_latent_tensor	regenerable_with_pinned_code_configs_seeds_upstreams_and_GPU_exact_encoded_bytes_not_guaranteed
stored_in_git	results/frozen/gate1/engineering/gate1_shard_0.json	/mnt/NAS/data/hl5757/generated_artifacts/lateact/gate1-engineering/gate1_shard_0.json	34351	3395fc0802acd89d2b52fecf1f5f6805656025f7b0ec05f166cf951bd6b1a1cc	frozen_numerical_or_provenance_record	authoritative_archived_copy
external_large_artifact	-	/mnt/NAS/data/hl5757/generated_artifacts/lateact/gate1/0000/left_to_right_direct_late_bind.mp4	1931701	221be6fda4d4a6ad1cdcfdec22dc975b3236ac4920a02ca9df4d9e74e234a030	generated_video	regenerable_with_pinned_code_configs_seeds_upstreams_and_GPU_exact_encoded_bytes_not_guaranteed
external_large_artifact	-	/mnt/NAS/data/hl5757/generated_artifacts/lateact/gate1/0000/left_to_right_direct_late_bind.pt	339343	14abb65ea4616d35cecfcb18f536e8973e27128b47526d8ce25e6d26774dc1b7	generated_latent_tensor	regenerable_with_pinned_code_configs_seeds_upstreams_and_GPU_exact_encoded_bytes_not_guaranteed
external_large_artifact	-	/mnt/NAS/data/hl5757/generated_artifacts/lateact/gate1/0000/left_to_right_full_restart.mp4	1900560	33968d14c443f07faf09b77c7d56041ca045aab5f9151a2473c1ffbededd024e	generated_video	regenerable_with_pinned_code_configs_seeds_upstreams_and_GPU_exact_encoded_bytes_not_guaranteed
external_large_artifact	-	/mnt/NAS/data/hl5757/generated_artifacts/lateact/gate1/0000/left_to_right_full_restart.pt	339323	07d171b6992d1ffced9bc4b65db544272e1bad18a4089df6917f25f41f50eb96	generated_latent_tensor	regenerable_with_pinned_code_configs_seeds_upstreams_and_GPU_exact_encoded_bytes_not_guaranteed
external_large_artifact	-	/mnt/NAS/data/hl5757/generated_artifacts/lateact/gate1/0000/left_to_right_minimal_rollback.mp4	1914791	b62b581dd3cf036d00f437c5f7f5d24a495c68f1b04a6082575a3fea8d1c212f	generated_video	regenerable_with_pinned_code_configs_seeds_upstreams_and_GPU_exact_encoded_bytes_not_guaranteed
external_large_artifact	-	/mnt/NAS/data/hl5757/generated_artifacts/lateact/gate1/0000/left_to_right_minimal_rollback.pt	339343	1187721ca6965e318c7a12e1110029028623fd53335738a7f73f8b871c264cdb	generated_latent_tensor	regenerable_with_pinned_code_configs_seeds_upstreams_and_GPU_exact_encoded_bytes_not_guaranteed
external_large_artifact	-	/mnt/NAS/data/hl5757/generated_artifacts/lateact/gate1/0000/left_to_right_new_oracle.mp4	1900560	33968d14c443f07faf09b77c7d56041ca045aab5f9151a2473c1ffbededd024e	generated_video	regenerable_with_pinned_code_configs_seeds_upstreams_and_GPU_exact_encoded_bytes_not_guaranteed
external_large_artifact	-	/mnt/NAS/data/hl5757/generated_artifacts/lateact/gate1/0000/left_to_right_new_oracle.pt	339313	01289a5323521346ac239940060b5663fc1b80a6662d0612987e0ecd4dac00cb	generated_latent_tensor	regenerable_with_pinned_code_configs_seeds_upstreams_and_GPU_exact_encoded_bytes_not_guaranteed
external_large_artifact	-	/mnt/NAS/data/hl5757/generated_artifacts/lateact/gate1/0000/left_to_right_old.mp4	1888590	a60eb47fe9735f315010b9229bfee4aaeaaa4dcdc5130435bdf7897154f34091	generated_video	regenerable_with_pinned_code_configs_seeds_upstreams_and_GPU_exact_encoded_bytes_not_guaranteed
external_large_artifact	-	/mnt/NAS/data/hl5757/generated_artifacts/lateact/gate1/0000/left_to_right_old.pt	339150	7a9d78c27426c59ff8fc6b261ea4546c22ec68f713b6e82e6bda130186dbc441	generated_latent_tensor	regenerable_with_pinned_code_configs_seeds_upstreams_and_GPU_exact_encoded_bytes_not_guaranteed
external_large_artifact	-	/mnt/NAS/data/hl5757/generated_artifacts/lateact/gate1/0000/right_to_left_direct_late_bind.mp4	1987778	7b3c3fed4700b7eda79ff051aa283a39b295104cfddff2d1e3a7d7517f7e997e	generated_video	regenerable_with_pinned_code_configs_seeds_upstreams_and_GPU_exact_encoded_bytes_not_guaranteed
external_large_artifact	-	/mnt/NAS/data/hl5757/generated_artifacts/lateact/gate1/0000/right_to_left_direct_late_bind.pt	339343	99881db9f0a75d66523c471b60d329b40696dc2ff093e887e30bcbc35366f435	generated_latent_tensor	regenerable_with_pinned_code_configs_seeds_upstreams_and_GPU_exact_encoded_bytes_not_guaranteed
external_large_artifact	-	/mnt/NAS/data/hl5757/generated_artifacts/lateact/gate1/0000/right_to_left_full_restart.mp4	1888590	a60eb47fe9735f315010b9229bfee4aaeaaa4dcdc5130435bdf7897154f34091	generated_video	regenerable_with_pinned_code_configs_seeds_upstreams_and_GPU_exact_encoded_bytes_not_guaranteed
external_large_artifact	-	/mnt/NAS/data/hl5757/generated_artifacts/lateact/gate1/0000/right_to_left_full_restart.pt	339323	fb69a75dfb193c9a351409cc05cee9724e14da7f45e4b161742cb20e997a5198	generated_latent_tensor	regenerable_with_pinned_code_configs_seeds_upstreams_and_GPU_exact_encoded_bytes_not_guaranteed
external_large_artifact	-	/mnt/NAS/data/hl5757/generated_artifacts/lateact/gate1/0000/right_to_left_minimal_rollback.mp4	1913176	54c2c5f495653f9732e02127f3460effd56c1efb9e9f365c64f0ffc5d88925c2	generated_video	regenerable_with_pinned_code_configs_seeds_upstreams_and_GPU_exact_encoded_bytes_not_guaranteed
external_large_artifact	-	/mnt/NAS/data/hl5757/generated_artifacts/lateact/gate1/0000/right_to_left_minimal_rollback.pt	339343	5fde87e80fd8467f8d4ab8d0889f810f974fb22f726de4aabdb1b57acc9a38d0	generated_latent_tensor	regenerable_with_pinned_code_configs_seeds_upstreams_and_GPU_exact_encoded_bytes_not_guaranteed
external_large_artifact	-	/mnt/NAS/data/hl5757/generated_artifacts/lateact/gate1/0000/right_to_left_new_oracle.mp4	1888590	a60eb47fe9735f315010b9229bfee4aaeaaa4dcdc5130435bdf7897154f34091	generated_video	regenerable_with_pinned_code_configs_seeds_upstreams_and_GPU_exact_encoded_bytes_not_guaranteed
external_large_artifact	-	/mnt/NAS/data/hl5757/generated_artifacts/lateact/gate1/0000/right_to_left_new_oracle.pt	339313	9180b24086cc7b6aa2250ccff33f4dec530e3495dd7e63d24bec4101f0a47394	generated_latent_tensor	regenerable_with_pinned_code_configs_seeds_upstreams_and_GPU_exact_encoded_bytes_not_guaranteed
external_large_artifact	-	/mnt/NAS/data/hl5757/generated_artifacts/lateact/gate1/0000/right_to_left_old.mp4	1900560	33968d14c443f07faf09b77c7d56041ca045aab5f9151a2473c1ffbededd024e	generated_video	regenerable_with_pinned_code_configs_seeds_upstreams_and_GPU_exact_encoded_bytes_not_guaranteed
external_large_artifact	-	/mnt/NAS/data/hl5757/generated_artifacts/lateact/gate1/0000/right_to_left_old.pt	339150	9eabeab68ecefe868226e86378e3955ca32e80b83c9090bcffdc9a0ac6d82aa5	generated_latent_tensor	regenerable_with_pinned_code_configs_seeds_upstreams_and_GPU_exact_encoded_bytes_not_guaranteed
external_large_artifact	-	/mnt/NAS/data/hl5757/generated_artifacts/lateact/gate1/0001/left_to_right_direct_late_bind.mp4	1275278	3eb830fefc25b3352432335a5ac4f058c770e75239d002b1abc782f22f408631	generated_video	regenerable_with_pinned_code_configs_seeds_upstreams_and_GPU_exact_encoded_bytes_not_guaranteed
external_large_artifact	-	/mnt/NAS/data/hl5757/generated_artifacts/lateact/gate1/0001/left_to_right_direct_late_bind.pt	339343	bb609dd569a5c70df302668f9d6310c6516c4a02d27936ff4e56d0e82a7f93bc	generated_latent_tensor	regenerable_with_pinned_code_configs_seeds_upstreams_and_GPU_exact_encoded_bytes_not_guaranteed
external_large_artifact	-	/mnt/NAS/data/hl5757/generated_artifacts/lateact/gate1/0001/left_to_right_full_restart.mp4	1218032	ce1f2fb016bfa52623eb7e5ed8f9e59e003aead8ec2ec49158cb9e46f6923260	generated_video	regenerable_with_pinned_code_configs_seeds_upstreams_and_GPU_exact_encoded_bytes_not_guaranteed
external_large_artifact	-	/mnt/NAS/data/hl5757/generated_artifacts/lateact/gate1/0001/left_to_right_full_restart.pt	339323	f8b5226bae269ba8270d6f0619964bb1e965d966dff7f124bbc8a95414cd1a12	generated_latent_tensor	regenerable_with_pinned_code_configs_seeds_upstreams_and_GPU_exact_encoded_bytes_not_guaranteed
external_large_artifact	-	/mnt/NAS/data/hl5757/generated_artifacts/lateact/gate1/0001/left_to_right_minimal_rollback.mp4	1228751	305617b048d09f7972d5ba8cd8a74111c885b7320718d2cac15df011bba82a55	generated_video	regenerable_with_pinned_code_configs_seeds_upstreams_and_GPU_exact_encoded_bytes_not_guaranteed
external_large_artifact	-	/mnt/NAS/data/hl5757/generated_artifacts/lateact/gate1/0001/left_to_right_minimal_rollback.pt	339343	d20b045638f7fab3dcd3394b85d3baee4299642dd95481bb249a669ea9ba3b17	generated_latent_tensor	regenerable_with_pinned_code_configs_seeds_upstreams_and_GPU_exact_encoded_bytes_not_guaranteed
external_large_artifact	-	/mnt/NAS/data/hl5757/generated_artifacts/lateact/gate1/0001/left_to_right_new_oracle.mp4	1218032	ce1f2fb016bfa52623eb7e5ed8f9e59e003aead8ec2ec49158cb9e46f6923260	generated_video	regenerable_with_pinned_code_configs_seeds_upstreams_and_GPU_exact_encoded_bytes_not_guaranteed
external_large_artifact	-	/mnt/NAS/data/hl5757/generated_artifacts/lateact/gate1/0001/left_to_right_new_oracle.pt	339313	ba05ee5a6a1e430092123e057599e7b13ea15616ad9f3180ab7d3cc35d209c4d	generated_latent_tensor	regenerable_with_pinned_code_configs_seeds_upstreams_and_GPU_exact_encoded_bytes_not_guaranteed
external_large_artifact	-	/mnt/NAS/data/hl5757/generated_artifacts/lateact/gate1/0001/left_to_right_old.mp4	1208651	408c01c55e4aa031c2f9ba52b627a9b4067022886a02bfcacea8e8f9e5249264	generated_video	regenerable_with_pinned_code_configs_seeds_upstreams_and_GPU_exact_encoded_bytes_not_guaranteed
external_large_artifact	-	/mnt/NAS/data/hl5757/generated_artifacts/lateact/gate1/0001/left_to_right_old.pt	339150	3bb091e1d7f3869e850a872d72644c443a9583d2d828a0dc636251e50530d8d3	generated_latent_tensor	regenerable_with_pinned_code_configs_seeds_upstreams_and_GPU_exact_encoded_bytes_not_guaranteed
external_large_artifact	-	/mnt/NAS/data/hl5757/generated_artifacts/lateact/gate1/0001/right_to_left_direct_late_bind.mp4	1318464	cea33031ac047a9173d33624e1846d201b4db62cdb63505d47148c3012e09122	generated_video	regenerable_with_pinned_code_configs_seeds_upstreams_and_GPU_exact_encoded_bytes_not_guaranteed
external_large_artifact	-	/mnt/NAS/data/hl5757/generated_artifacts/lateact/gate1/0001/right_to_left_direct_late_bind.pt	339343	d10714291111bd0168fef44a5815d4664a699b27924fd166dc9d2b7f7523696a	generated_latent_tensor	regenerable_with_pinned_code_configs_seeds_upstreams_and_GPU_exact_encoded_bytes_not_guaranteed
external_large_artifact	-	/mnt/NAS/data/hl5757/generated_artifacts/lateact/gate1/0001/right_to_left_full_restart.mp4	1208651	408c01c55e4aa031c2f9ba52b627a9b4067022886a02bfcacea8e8f9e5249264	generated_video	regenerable_with_pinned_code_configs_seeds_upstreams_and_GPU_exact_encoded_bytes_not_guaranteed
external_large_artifact	-	/mnt/NAS/data/hl5757/generated_artifacts/lateact/gate1/0001/right_to_left_full_restart.pt	339323	b9a5a618c8152765b72cb749e868186d5a226535a02ea96b104c4849f8602523	generated_latent_tensor	regenerable_with_pinned_code_configs_seeds_upstreams_and_GPU_exact_encoded_bytes_not_guaranteed
external_large_artifact	-	/mnt/NAS/data/hl5757/generated_artifacts/lateact/gate1/0001/right_to_left_minimal_rollback.mp4	1228742	389c80185863d39fb7429146873b6c73fbc6dc7684ada84bf32e7a8c10644091	generated_video	regenerable_with_pinned_code_configs_seeds_upstreams_and_GPU_exact_encoded_bytes_not_guaranteed
external_large_artifact	-	/mnt/NAS/data/hl5757/generated_artifacts/lateact/gate1/0001/right_to_left_minimal_rollback.pt	339343	96fec9711e051fd1408eb246d8a2cf1f8c6662d393dc544cf1c03f91e1b9fc4d	generated_latent_tensor	regenerable_with_pinned_code_configs_seeds_upstreams_and_GPU_exact_encoded_bytes_not_guaranteed
external_large_artifact	-	/mnt/NAS/data/hl5757/generated_artifacts/lateact/gate1/0001/right_to_left_new_oracle.mp4	1208651	408c01c55e4aa031c2f9ba52b627a9b4067022886a02bfcacea8e8f9e5249264	generated_video	regenerable_with_pinned_code_configs_seeds_upstreams_and_GPU_exact_encoded_bytes_not_guaranteed
external_large_artifact	-	/mnt/NAS/data/hl5757/generated_artifacts/lateact/gate1/0001/right_to_left_new_oracle.pt	339313	78495ee6915825393db17f661d54428e8259f5b978a48df435eff19bf72effb0	generated_latent_tensor	regenerable_with_pinned_code_configs_seeds_upstreams_and_GPU_exact_encoded_bytes_not_guaranteed
external_large_artifact	-	/mnt/NAS/data/hl5757/generated_artifacts/lateact/gate1/0001/right_to_left_old.mp4	1218032	ce1f2fb016bfa52623eb7e5ed8f9e59e003aead8ec2ec49158cb9e46f6923260	generated_video	regenerable_with_pinned_code_configs_seeds_upstreams_and_GPU_exact_encoded_bytes_not_guaranteed
external_large_artifact	-	/mnt/NAS/data/hl5757/generated_artifacts/lateact/gate1/0001/right_to_left_old.pt	339150	6022bb100d821b2ef990ac96f84d293337a32bce498ce4b5c25782b805d04e41	generated_latent_tensor	regenerable_with_pinned_code_configs_seeds_upstreams_and_GPU_exact_encoded_bytes_not_guaranteed
external_large_artifact	-	/mnt/NAS/data/hl5757/generated_artifacts/lateact/gate1/0002/left_to_right_direct_late_bind.mp4	2260966	600034c77a7be45e47103b3b63c51a57165de2825c5382a06335f53917580369	generated_video	regenerable_with_pinned_code_configs_seeds_upstreams_and_GPU_exact_encoded_bytes_not_guaranteed
external_large_artifact	-	/mnt/NAS/data/hl5757/generated_artifacts/lateact/gate1/0002/left_to_right_direct_late_bind.pt	339343	ede313d547aaecc2f6707fe34caaf55dc9875c989e1c2106b9969a42651d4ad3	generated_latent_tensor	regenerable_with_pinned_code_configs_seeds_upstreams_and_GPU_exact_encoded_bytes_not_guaranteed
external_large_artifact	-	/mnt/NAS/data/hl5757/generated_artifacts/lateact/gate1/0002/left_to_right_full_restart.mp4	2143677	8432d39c59e9bb87202be12ff751f91f81272db4ac7beb7dfc79d6f3a6923638	generated_video	regenerable_with_pinned_code_configs_seeds_upstreams_and_GPU_exact_encoded_bytes_not_guaranteed
external_large_artifact	-	/mnt/NAS/data/hl5757/generated_artifacts/lateact/gate1/0002/left_to_right_full_restart.pt	339323	26fdb6fb6693b4d6d1c1443716d957f34f2ee725b2388c66d9f41e0900820eb9	generated_latent_tensor	regenerable_with_pinned_code_configs_seeds_upstreams_and_GPU_exact_encoded_bytes_not_guaranteed
external_large_artifact	-	/mnt/NAS/data/hl5757/generated_artifacts/lateact/gate1/0002/left_to_right_minimal_rollback.mp4	2140378	6f06528b30561ee0565bb83e4766cc6800ad0d02fa9ed54695cc601a7c404639	generated_video	regenerable_with_pinned_code_configs_seeds_upstreams_and_GPU_exact_encoded_bytes_not_guaranteed
external_large_artifact	-	/mnt/NAS/data/hl5757/generated_artifacts/lateact/gate1/0002/left_to_right_minimal_rollback.pt	339343	bbfadc52517356d7d806f1c6bf33aaca7f659e8f6a76c1b46c1adef0fb71264f	generated_latent_tensor	regenerable_with_pinned_code_configs_seeds_upstreams_and_GPU_exact_encoded_bytes_not_guaranteed
external_large_artifact	-	/mnt/NAS/data/hl5757/generated_artifacts/lateact/gate1/0002/left_to_right_new_oracle.mp4	2143677	8432d39c59e9bb87202be12ff751f91f81272db4ac7beb7dfc79d6f3a6923638	generated_video	regenerable_with_pinned_code_configs_seeds_upstreams_and_GPU_exact_encoded_bytes_not_guaranteed
external_large_artifact	-	/mnt/NAS/data/hl5757/generated_artifacts/lateact/gate1/0002/left_to_right_new_oracle.pt	339313	c689e33ef0a62d0025a49ed1dd7ae1df4293e80f323d4b6ddbb7c82e17b5f4a2	generated_latent_tensor	regenerable_with_pinned_code_configs_seeds_upstreams_and_GPU_exact_encoded_bytes_not_guaranteed
external_large_artifact	-	/mnt/NAS/data/hl5757/generated_artifacts/lateact/gate1/0002/left_to_right_old.mp4	2120457	2fad317c82c7c8f236d0097e47afa1915afd55371dc1c75c0edec2101fcaa9c9	generated_video	regenerable_with_pinned_code_configs_seeds_upstreams_and_GPU_exact_encoded_bytes_not_guaranteed
external_large_artifact	-	/mnt/NAS/data/hl5757/generated_artifacts/lateact/gate1/0002/left_to_right_old.pt	339150	ff15d6f86a22f4ed4aaed5559bdd05762eb82922ba969451d9d0ef2cec33a272	generated_latent_tensor	regenerable_with_pinned_code_configs_seeds_upstreams_and_GPU_exact_encoded_bytes_not_guaranteed
external_large_artifact	-	/mnt/NAS/data/hl5757/generated_artifacts/lateact/gate1/0002/right_to_left_direct_late_bind.mp4	2298516	aa84763fb71be336bfa0faecbdbe07dfe067cc0289326fabb975bda781d4e1af	generated_video	regenerable_with_pinned_code_configs_seeds_upstreams_and_GPU_exact_encoded_bytes_not_guaranteed
external_large_artifact	-	/mnt/NAS/data/hl5757/generated_artifacts/lateact/gate1/0002/right_to_left_direct_late_bind.pt	339343	04e7dceec52080d977ed721d2561ee36ed0813156912df3535e8c76e385628b0	generated_latent_tensor	regenerable_with_pinned_code_configs_seeds_upstreams_and_GPU_exact_encoded_bytes_not_guaranteed
external_large_artifact	-	/mnt/NAS/data/hl5757/generated_artifacts/lateact/gate1/0002/right_to_left_full_restart.mp4	2120457	2fad317c82c7c8f236d0097e47afa1915afd55371dc1c75c0edec2101fcaa9c9	generated_video	regenerable_with_pinned_code_configs_seeds_upstreams_and_GPU_exact_encoded_bytes_not_guaranteed
external_large_artifact	-	/mnt/NAS/data/hl5757/generated_artifacts/lateact/gate1/0002/right_to_left_full_restart.pt	339323	633a7e025c601021f96c5f9c1de0ad8ece205f9da3c70e251d316bdc17a00345	generated_latent_tensor	regenerable_with_pinned_code_configs_seeds_upstreams_and_GPU_exact_encoded_bytes_not_guaranteed
external_large_artifact	-	/mnt/NAS/data/hl5757/generated_artifacts/lateact/gate1/0002/right_to_left_minimal_rollback.mp4	2128441	35608c4aa80d60268ade20d5fda61278f75cacb0da8f037ad97441438e567976	generated_video	regenerable_with_pinned_code_configs_seeds_upstreams_and_GPU_exact_encoded_bytes_not_guaranteed
external_large_artifact	-	/mnt/NAS/data/hl5757/generated_artifacts/lateact/gate1/0002/right_to_left_minimal_rollback.pt	339343	bd080a4f7e2c2e443e744d539568e0f63262ea87d514b35e617703881154e151	generated_latent_tensor	regenerable_with_pinned_code_configs_seeds_upstreams_and_GPU_exact_encoded_bytes_not_guaranteed
external_large_artifact	-	/mnt/NAS/data/hl5757/generated_artifacts/lateact/gate1/0002/right_to_left_new_oracle.mp4	2120457	2fad317c82c7c8f236d0097e47afa1915afd55371dc1c75c0edec2101fcaa9c9	generated_video	regenerable_with_pinned_code_configs_seeds_upstreams_and_GPU_exact_encoded_bytes_not_guaranteed
external_large_artifact	-	/mnt/NAS/data/hl5757/generated_artifacts/lateact/gate1/0002/right_to_left_new_oracle.pt	339313	d29290b6d405b671171c06e79552d1c815330ec8f1752ffc906549c8c289a190	generated_latent_tensor	regenerable_with_pinned_code_configs_seeds_upstreams_and_GPU_exact_encoded_bytes_not_guaranteed
external_large_artifact	-	/mnt/NAS/data/hl5757/generated_artifacts/lateact/gate1/0002/right_to_left_old.mp4	2143677	8432d39c59e9bb87202be12ff751f91f81272db4ac7beb7dfc79d6f3a6923638	generated_video	regenerable_with_pinned_code_configs_seeds_upstreams_and_GPU_exact_encoded_bytes_not_guaranteed
external_large_artifact	-	/mnt/NAS/data/hl5757/generated_artifacts/lateact/gate1/0002/right_to_left_old.pt	339150	5056431d103a77b331fd1fad0bc775d1843d8209490017d76b6fc32d9e0b621c	generated_latent_tensor	regenerable_with_pinned_code_configs_seeds_upstreams_and_GPU_exact_encoded_bytes_not_guaranteed
external_large_artifact	-	/mnt/NAS/data/hl5757/generated_artifacts/lateact/gate1/0003/left_to_right_direct_late_bind.mp4	691749	01e7d8682474f167f6a892c80b6222df769c834219c45e2ef4e79ecf511614ab	generated_video	regenerable_with_pinned_code_configs_seeds_upstreams_and_GPU_exact_encoded_bytes_not_guaranteed
external_large_artifact	-	/mnt/NAS/data/hl5757/generated_artifacts/lateact/gate1/0003/left_to_right_direct_late_bind.pt	339343	cc55afb4a099192f30390505ecc4eab4c836b4552e1a93c520960d19838cda40	generated_latent_tensor	regenerable_with_pinned_code_configs_seeds_upstreams_and_GPU_exact_encoded_bytes_not_guaranteed
external_large_artifact	-	/mnt/NAS/data/hl5757/generated_artifacts/lateact/gate1/0003/left_to_right_full_restart.mp4	648499	024ef79b908fc75d354745d2a508748191873f08a326e465fb72a2681384e6a4	generated_video	regenerable_with_pinned_code_configs_seeds_upstreams_and_GPU_exact_encoded_bytes_not_guaranteed
external_large_artifact	-	/mnt/NAS/data/hl5757/generated_artifacts/lateact/gate1/0003/left_to_right_full_restart.pt	339323	9d0935868205df05824b7c987435c02eeb54cbaab50b774d3941ae0548368857	generated_latent_tensor	regenerable_with_pinned_code_configs_seeds_upstreams_and_GPU_exact_encoded_bytes_not_guaranteed
external_large_artifact	-	/mnt/NAS/data/hl5757/generated_artifacts/lateact/gate1/0003/left_to_right_minimal_rollback.mp4	641341	59b732f5d4dcdadfbea3a5c7c129129ddbb0d89c54a9db9a46d48d3a59bfd0f8	generated_video	regenerable_with_pinned_code_configs_seeds_upstreams_and_GPU_exact_encoded_bytes_not_guaranteed
external_large_artifact	-	/mnt/NAS/data/hl5757/generated_artifacts/lateact/gate1/0003/left_to_right_minimal_rollback.pt	339343	916ef9fcd27bfc4d2704c62c4d6e158b97759415a76f36ec089df763781ec701	generated_latent_tensor	regenerable_with_pinned_code_configs_seeds_upstreams_and_GPU_exact_encoded_bytes_not_guaranteed
external_large_artifact	-	/mnt/NAS/data/hl5757/generated_artifacts/lateact/gate1/0003/left_to_right_new_oracle.mp4	648499	024ef79b908fc75d354745d2a508748191873f08a326e465fb72a2681384e6a4	generated_video	regenerable_with_pinned_code_configs_seeds_upstreams_and_GPU_exact_encoded_bytes_not_guaranteed
external_large_artifact	-	/mnt/NAS/data/hl5757/generated_artifacts/lateact/gate1/0003/left_to_right_new_oracle.pt	339313	e05b9a0b3c7c260cec69e93aaf6979264d5e99cce02eb030415ba5517308749a	generated_latent_tensor	regenerable_with_pinned_code_configs_seeds_upstreams_and_GPU_exact_encoded_bytes_not_guaranteed
external_large_artifact	-	/mnt/NAS/data/hl5757/generated_artifacts/lateact/gate1/0003/left_to_right_old.mp4	666153	9571b1604b16552da2a57cdc852bd8f0b4c812ca83805cec1e22533236a69b1d	generated_video	regenerable_with_pinned_code_configs_seeds_upstreams_and_GPU_exact_encoded_bytes_not_guaranteed
external_large_artifact	-	/mnt/NAS/data/hl5757/generated_artifacts/lateact/gate1/0003/left_to_right_old.pt	339150	95210cd725996d5c9320c46bfb01f6be9ea9819d92901d6405af1d2a33e61829	generated_latent_tensor	regenerable_with_pinned_code_configs_seeds_upstreams_and_GPU_exact_encoded_bytes_not_guaranteed
external_large_artifact	-	/mnt/NAS/data/hl5757/generated_artifacts/lateact/gate1/0003/right_to_left_direct_late_bind.mp4	658173	496ecc7e4eabea88cdea8d6ce6529f69da0b60d62e73ade54250ebaf4b6c207d	generated_video	regenerable_with_pinned_code_configs_seeds_upstreams_and_GPU_exact_encoded_bytes_not_guaranteed
external_large_artifact	-	/mnt/NAS/data/hl5757/generated_artifacts/lateact/gate1/0003/right_to_left_direct_late_bind.pt	339343	9bc21809dc040eaabc79250d8512f6f758952454dd0d65ce63c2bbd7d3dd2aae	generated_latent_tensor	regenerable_with_pinned_code_configs_seeds_upstreams_and_GPU_exact_encoded_bytes_not_guaranteed
external_large_artifact	-	/mnt/NAS/data/hl5757/generated_artifacts/lateact/gate1/0003/right_to_left_full_restart.mp4	666153	9571b1604b16552da2a57cdc852bd8f0b4c812ca83805cec1e22533236a69b1d	generated_video	regenerable_with_pinned_code_configs_seeds_upstreams_and_GPU_exact_encoded_bytes_not_guaranteed
external_large_artifact	-	/mnt/NAS/data/hl5757/generated_artifacts/lateact/gate1/0003/right_to_left_full_restart.pt	339323	dea4b445783f1a3036cb53c9b24821f90395839ca5c20c25e7171df99ef1d609	generated_latent_tensor	regenerable_with_pinned_code_configs_seeds_upstreams_and_GPU_exact_encoded_bytes_not_guaranteed
external_large_artifact	-	/mnt/NAS/data/hl5757/generated_artifacts/lateact/gate1/0003/right_to_left_minimal_rollback.mp4	661041	5866c3bbea21a5f447ecddd001dbc47de199fb7b507660c9571094c2e4b857f4	generated_video	regenerable_with_pinned_code_configs_seeds_upstreams_and_GPU_exact_encoded_bytes_not_guaranteed
external_large_artifact	-	/mnt/NAS/data/hl5757/generated_artifacts/lateact/gate1/0003/right_to_left_minimal_rollback.pt	339343	a0d64211d0673244d73ca50e8a9cd8d5f9daabf1d913c9be033c7a2b6ddd1a83	generated_latent_tensor	regenerable_with_pinned_code_configs_seeds_upstreams_and_GPU_exact_encoded_bytes_not_guaranteed
external_large_artifact	-	/mnt/NAS/data/hl5757/generated_artifacts/lateact/gate1/0003/right_to_left_new_oracle.mp4	666153	9571b1604b16552da2a57cdc852bd8f0b4c812ca83805cec1e22533236a69b1d	generated_video	regenerable_with_pinned_code_configs_seeds_upstreams_and_GPU_exact_encoded_bytes_not_guaranteed
external_large_artifact	-	/mnt/NAS/data/hl5757/generated_artifacts/lateact/gate1/0003/right_to_left_new_oracle.pt	339313	50067ef52d55bb12fa9320fdf634d8431e9c6f2a178b3cb29ccbf583227ef1b4	generated_latent_tensor	regenerable_with_pinned_code_configs_seeds_upstreams_and_GPU_exact_encoded_bytes_not_guaranteed
external_large_artifact	-	/mnt/NAS/data/hl5757/generated_artifacts/lateact/gate1/0003/right_to_left_old.mp4	648499	024ef79b908fc75d354745d2a508748191873f08a326e465fb72a2681384e6a4	generated_video	regenerable_with_pinned_code_configs_seeds_upstreams_and_GPU_exact_encoded_bytes_not_guaranteed
external_large_artifact	-	/mnt/NAS/data/hl5757/generated_artifacts/lateact/gate1/0003/right_to_left_old.pt	339150	0489e6fc464ce47b997feb8f0418fbf62ff54b0e8e432cf34f44fc8bca260f51	generated_latent_tensor	regenerable_with_pinned_code_configs_seeds_upstreams_and_GPU_exact_encoded_bytes_not_guaranteed
external_large_artifact	-	/mnt/NAS/data/hl5757/generated_artifacts/lateact/gate1/0004/left_to_right_direct_late_bind.mp4	1344820	638b371db198a9e4dd3f4f93c298ef6e66eacd6aed1cc7f4abdb9a5c611f56ae	generated_video	regenerable_with_pinned_code_configs_seeds_upstreams_and_GPU_exact_encoded_bytes_not_guaranteed
external_large_artifact	-	/mnt/NAS/data/hl5757/generated_artifacts/lateact/gate1/0004/left_to_right_direct_late_bind.pt	339343	05793967ed51901103361a5135c3f91361531f9818737bda2171cb59a7ff1245	generated_latent_tensor	regenerable_with_pinned_code_configs_seeds_upstreams_and_GPU_exact_encoded_bytes_not_guaranteed
external_large_artifact	-	/mnt/NAS/data/hl5757/generated_artifacts/lateact/gate1/0004/left_to_right_full_restart.mp4	1323307	ce45c3d15b564a09b4f6e29a7f58f87763b36a55dceb965ed14f2e2d25980e93	generated_video	regenerable_with_pinned_code_configs_seeds_upstreams_and_GPU_exact_encoded_bytes_not_guaranteed
external_large_artifact	-	/mnt/NAS/data/hl5757/generated_artifacts/lateact/gate1/0004/left_to_right_full_restart.pt	339323	4594b7d4fbf6f4f8cbbfe97fda851fc4cb69860549183b63b038c57f68e44ec8	generated_latent_tensor	regenerable_with_pinned_code_configs_seeds_upstreams_and_GPU_exact_encoded_bytes_not_guaranteed
external_large_artifact	-	/mnt/NAS/data/hl5757/generated_artifacts/lateact/gate1/0004/left_to_right_minimal_rollback.mp4	1324923	9c8548ddd77954475bac844c2a06c63031fc64aa5d6bdee589b45fddfdb6da4d	generated_video	regenerable_with_pinned_code_configs_seeds_upstreams_and_GPU_exact_encoded_bytes_not_guaranteed
external_large_artifact	-	/mnt/NAS/data/hl5757/generated_artifacts/lateact/gate1/0004/left_to_right_minimal_rollback.pt	339343	8b7950e51b394ba03d1a64676fcd0b6a44f527ecc566025d25f490fe5134dd94	generated_latent_tensor	regenerable_with_pinned_code_configs_seeds_upstreams_and_GPU_exact_encoded_bytes_not_guaranteed
external_large_artifact	-	/mnt/NAS/data/hl5757/generated_artifacts/lateact/gate1/0004/left_to_right_new_oracle.mp4	1323307	ce45c3d15b564a09b4f6e29a7f58f87763b36a55dceb965ed14f2e2d25980e93	generated_video	regenerable_with_pinned_code_configs_seeds_upstreams_and_GPU_exact_encoded_bytes_not_guaranteed
external_large_artifact	-	/mnt/NAS/data/hl5757/generated_artifacts/lateact/gate1/0004/left_to_right_new_oracle.pt	339313	3237b28c0bb81c2053c3dcd68dfe9a9f7e6ed0fd37922b2655edf3b03c1fafff	generated_latent_tensor	regenerable_with_pinned_code_configs_seeds_upstreams_and_GPU_exact_encoded_bytes_not_guaranteed
external_large_artifact	-	/mnt/NAS/data/hl5757/generated_artifacts/lateact/gate1/0004/left_to_right_old.mp4	1319307	34bc02385cba15233360932c2bf10b32543d75956c1e997e22cb643df02c5c58	generated_video	regenerable_with_pinned_code_configs_seeds_upstreams_and_GPU_exact_encoded_bytes_not_guaranteed
external_large_artifact	-	/mnt/NAS/data/hl5757/generated_artifacts/lateact/gate1/0004/left_to_right_old.pt	339150	9e1037455f7f6f8593a3cb420b78f209c7858a9a5971fc475a6b3dd66cc5129c	generated_latent_tensor	regenerable_with_pinned_code_configs_seeds_upstreams_and_GPU_exact_encoded_bytes_not_guaranteed
external_large_artifact	-	/mnt/NAS/data/hl5757/generated_artifacts/lateact/gate1/0004/right_to_left_direct_late_bind.mp4	1504766	64d8ae98cec30d7ee6b0a6a171edfcf16c3105de86fe6dfe133ca679a48bbeaa	generated_video	regenerable_with_pinned_code_configs_seeds_upstreams_and_GPU_exact_encoded_bytes_not_guaranteed
external_large_artifact	-	/mnt/NAS/data/hl5757/generated_artifacts/lateact/gate1/0004/right_to_left_direct_late_bind.pt	339343	2f3b799a74ff7cc5e306fac47085449c306348d70d6b9dd8ebc290bdd0b7e7f6	generated_latent_tensor	regenerable_with_pinned_code_configs_seeds_upstreams_and_GPU_exact_encoded_bytes_not_guaranteed
external_large_artifact	-	/mnt/NAS/data/hl5757/generated_artifacts/lateact/gate1/0004/right_to_left_full_restart.mp4	1319307	34bc02385cba15233360932c2bf10b32543d75956c1e997e22cb643df02c5c58	generated_video	regenerable_with_pinned_code_configs_seeds_upstreams_and_GPU_exact_encoded_bytes_not_guaranteed
external_large_artifact	-	/mnt/NAS/data/hl5757/generated_artifacts/lateact/gate1/0004/right_to_left_full_restart.pt	339323	462bbe79b76d02dc973a41569e4a457a2dc7d767c2d1a42e13183f212e7f8e9f	generated_latent_tensor	regenerable_with_pinned_code_configs_seeds_upstreams_and_GPU_exact_encoded_bytes_not_guaranteed
external_large_artifact	-	/mnt/NAS/data/hl5757/generated_artifacts/lateact/gate1/0004/right_to_left_minimal_rollback.mp4	1331841	0c4487d5eba4a02f5c212ce3a9fd938a64d0d885c82158fa5a1e030dfd15d554	generated_video	regenerable_with_pinned_code_configs_seeds_upstreams_and_GPU_exact_encoded_bytes_not_guaranteed
external_large_artifact	-	/mnt/NAS/data/hl5757/generated_artifacts/lateact/gate1/0004/right_to_left_minimal_rollback.pt	339343	55e815bef271c9281dd0cbecd63f0e1abad88fa13ea241dc81b342519d1b1945	generated_latent_tensor	regenerable_with_pinned_code_configs_seeds_upstreams_and_GPU_exact_encoded_bytes_not_guaranteed
external_large_artifact	-	/mnt/NAS/data/hl5757/generated_artifacts/lateact/gate1/0004/right_to_left_new_oracle.mp4	1319307	34bc02385cba15233360932c2bf10b32543d75956c1e997e22cb643df02c5c58	generated_video	regenerable_with_pinned_code_configs_seeds_upstreams_and_GPU_exact_encoded_bytes_not_guaranteed
external_large_artifact	-	/mnt/NAS/data/hl5757/generated_artifacts/lateact/gate1/0004/right_to_left_new_oracle.pt	339313	ee3e80514c2edb6a989dc3f9a371e7c94486545897786a5714031716ac32a1e5	generated_latent_tensor	regenerable_with_pinned_code_configs_seeds_upstreams_and_GPU_exact_encoded_bytes_not_guaranteed
external_large_artifact	-	/mnt/NAS/data/hl5757/generated_artifacts/lateact/gate1/0004/right_to_left_old.mp4	1323307	ce45c3d15b564a09b4f6e29a7f58f87763b36a55dceb965ed14f2e2d25980e93	generated_video	regenerable_with_pinned_code_configs_seeds_upstreams_and_GPU_exact_encoded_bytes_not_guaranteed
external_large_artifact	-	/mnt/NAS/data/hl5757/generated_artifacts/lateact/gate1/0004/right_to_left_old.pt	339150	c3843dfdbf5bb05a614598a017c905e2d84a2cba3777ebf1b078e6fdae59600b	generated_latent_tensor	regenerable_with_pinned_code_configs_seeds_upstreams_and_GPU_exact_encoded_bytes_not_guaranteed
external_large_artifact	-	/mnt/NAS/data/hl5757/generated_artifacts/lateact/gate1/0005/left_to_right_direct_late_bind.mp4	1038157	43c550d20f4529f6a0fb4c02112242922e5a102b8d6379a4d85c6ccfd30e0ed7	generated_video	regenerable_with_pinned_code_configs_seeds_upstreams_and_GPU_exact_encoded_bytes_not_guaranteed
external_large_artifact	-	/mnt/NAS/data/hl5757/generated_artifacts/lateact/gate1/0005/left_to_right_direct_late_bind.pt	339343	05e586ab8e3ec1d1d44627c410050fd6b07d2bcb6429356b3407006154741992	generated_latent_tensor	regenerable_with_pinned_code_configs_seeds_upstreams_and_GPU_exact_encoded_bytes_not_guaranteed
external_large_artifact	-	/mnt/NAS/data/hl5757/generated_artifacts/lateact/gate1/0005/left_to_right_full_restart.mp4	1006620	2ccfa04d11176a911194e8cfa308dd8522a022b0254fff518cd374b19833914d	generated_video	regenerable_with_pinned_code_configs_seeds_upstreams_and_GPU_exact_encoded_bytes_not_guaranteed
external_large_artifact	-	/mnt/NAS/data/hl5757/generated_artifacts/lateact/gate1/0005/left_to_right_full_restart.pt	339323	e892639c7c2d6bfea76e6300927bc32603cd35f0a97eb0f016dabb0fa02065da	generated_latent_tensor	regenerable_with_pinned_code_configs_seeds_upstreams_and_GPU_exact_encoded_bytes_not_guaranteed
external_large_artifact	-	/mnt/NAS/data/hl5757/generated_artifacts/lateact/gate1/0005/left_to_right_minimal_rollback.mp4	1002264	15eeba2df43fac12c00a882dbbea8808e2ce3773ebcfa0c4d264da23f8e91931	generated_video	regenerable_with_pinned_code_configs_seeds_upstreams_and_GPU_exact_encoded_bytes_not_guaranteed
external_large_artifact	-	/mnt/NAS/data/hl5757/generated_artifacts/lateact/gate1/0005/left_to_right_minimal_rollback.pt	339343	bb5fb0c419082f9f43c4461ae78582c5158a26652a25f9084370590c4b97737b	generated_latent_tensor	regenerable_with_pinned_code_configs_seeds_upstreams_and_GPU_exact_encoded_bytes_not_guaranteed
external_large_artifact	-	/mnt/NAS/data/hl5757/generated_artifacts/lateact/gate1/0005/left_to_right_new_oracle.mp4	1006620	2ccfa04d11176a911194e8cfa308dd8522a022b0254fff518cd374b19833914d	generated_video	regenerable_with_pinned_code_configs_seeds_upstreams_and_GPU_exact_encoded_bytes_not_guaranteed
external_large_artifact	-	/mnt/NAS/data/hl5757/generated_artifacts/lateact/gate1/0005/left_to_right_new_oracle.pt	339313	45cb6b3ad0d1beef169f039812c08c5ed83f0bdccf52e26f244c6172c7f31a0e	generated_latent_tensor	regenerable_with_pinned_code_configs_seeds_upstreams_and_GPU_exact_encoded_bytes_not_guaranteed
external_large_artifact	-	/mnt/NAS/data/hl5757/generated_artifacts/lateact/gate1/0005/left_to_right_old.mp4	1011243	86138e1cffa5012c565d26e55e0f82f25e7418f0878dfd4e606ebbbf36d3dcf6	generated_video	regenerable_with_pinned_code_configs_seeds_upstreams_and_GPU_exact_encoded_bytes_not_guaranteed
external_large_artifact	-	/mnt/NAS/data/hl5757/generated_artifacts/lateact/gate1/0005/left_to_right_old.pt	339150	d4c8ba42078c38b11150723ec08f9f736fefd0198e31e3fc9e78cd6514433fe6	generated_latent_tensor	regenerable_with_pinned_code_configs_seeds_upstreams_and_GPU_exact_encoded_bytes_not_guaranteed
external_large_artifact	-	/mnt/NAS/data/hl5757/generated_artifacts/lateact/gate1/0005/right_to_left_direct_late_bind.mp4	1047270	0442286a8d236943e846611bda44b867e1494b99e5a54f5b0ed25f824945a0cd	generated_video	regenerable_with_pinned_code_configs_seeds_upstreams_and_GPU_exact_encoded_bytes_not_guaranteed
external_large_artifact	-	/mnt/NAS/data/hl5757/generated_artifacts/lateact/gate1/0005/right_to_left_direct_late_bind.pt	339343	78107b9285462befb5d4a07a420b182ed4b7c274071f7d4660a8a6cf74d4574a	generated_latent_tensor	regenerable_with_pinned_code_configs_seeds_upstreams_and_GPU_exact_encoded_bytes_not_guaranteed
external_large_artifact	-	/mnt/NAS/data/hl5757/generated_artifacts/lateact/gate1/0005/right_to_left_full_restart.mp4	1011243	86138e1cffa5012c565d26e55e0f82f25e7418f0878dfd4e606ebbbf36d3dcf6	generated_video	regenerable_with_pinned_code_configs_seeds_upstreams_and_GPU_exact_encoded_bytes_not_guaranteed
external_large_artifact	-	/mnt/NAS/data/hl5757/generated_artifacts/lateact/gate1/0005/right_to_left_full_restart.pt	339323	b5fe64c69d1b6878ebf54d9429fb711097eb9e5d42e868749e603c2425320e25	generated_latent_tensor	regenerable_with_pinned_code_configs_seeds_upstreams_and_GPU_exact_encoded_bytes_not_guaranteed
external_large_artifact	-	/mnt/NAS/data/hl5757/generated_artifacts/lateact/gate1/0005/right_to_left_minimal_rollback.mp4	995893	e10f1312b8ec79d73c512733316df52432bf49d20e9f9fdc914f0b1036c0796f	generated_video	regenerable_with_pinned_code_configs_seeds_upstreams_and_GPU_exact_encoded_bytes_not_guaranteed
external_large_artifact	-	/mnt/NAS/data/hl5757/generated_artifacts/lateact/gate1/0005/right_to_left_minimal_rollback.pt	339343	b322578aa1c767b1f9586b3dbefc346193f6b15d733af5f22da5b9ae283559e3	generated_latent_tensor	regenerable_with_pinned_code_configs_seeds_upstreams_and_GPU_exact_encoded_bytes_not_guaranteed
external_large_artifact	-	/mnt/NAS/data/hl5757/generated_artifacts/lateact/gate1/0005/right_to_left_new_oracle.mp4	1011243	86138e1cffa5012c565d26e55e0f82f25e7418f0878dfd4e606ebbbf36d3dcf6	generated_video	regenerable_with_pinned_code_configs_seeds_upstreams_and_GPU_exact_encoded_bytes_not_guaranteed
external_large_artifact	-	/mnt/NAS/data/hl5757/generated_artifacts/lateact/gate1/0005/right_to_left_new_oracle.pt	339313	6eb8df5e34823e9b5d3f4cd0d20a748a4fd68e5a96587592f6669e60694f9e3c	generated_latent_tensor	regenerable_with_pinned_code_configs_seeds_upstreams_and_GPU_exact_encoded_bytes_not_guaranteed
external_large_artifact	-	/mnt/NAS/data/hl5757/generated_artifacts/lateact/gate1/0005/right_to_left_old.mp4	1006620	2ccfa04d11176a911194e8cfa308dd8522a022b0254fff518cd374b19833914d	generated_video	regenerable_with_pinned_code_configs_seeds_upstreams_and_GPU_exact_encoded_bytes_not_guaranteed
external_large_artifact	-	/mnt/NAS/data/hl5757/generated_artifacts/lateact/gate1/0005/right_to_left_old.pt	339150	17adb0a1d6750c58e850ed2eb472126ef296f1d9e53d7d360abcdb99e57ed212	generated_latent_tensor	regenerable_with_pinned_code_configs_seeds_upstreams_and_GPU_exact_encoded_bytes_not_guaranteed
external_large_artifact	-	/mnt/NAS/data/hl5757/generated_artifacts/lateact/gate1/0006/left_to_right_direct_late_bind.mp4	2424924	74c9bd2dd27159a36ed45e5f058a0d756462cb7ac2f59db098f670ba55361b4b	generated_video	regenerable_with_pinned_code_configs_seeds_upstreams_and_GPU_exact_encoded_bytes_not_guaranteed
external_large_artifact	-	/mnt/NAS/data/hl5757/generated_artifacts/lateact/gate1/0006/left_to_right_direct_late_bind.pt	339343	da7607175eb28d68db82769d3a02c9c3aef695f3f828988b949af73036db84e1	generated_latent_tensor	regenerable_with_pinned_code_configs_seeds_upstreams_and_GPU_exact_encoded_bytes_not_guaranteed
external_large_artifact	-	/mnt/NAS/data/hl5757/generated_artifacts/lateact/gate1/0006/left_to_right_full_restart.mp4	2294493	2dda2a620c800028a26da8111e787a623f06a1e1c4b7dbe7f3b4364f02424a4e	generated_video	regenerable_with_pinned_code_configs_seeds_upstreams_and_GPU_exact_encoded_bytes_not_guaranteed
external_large_artifact	-	/mnt/NAS/data/hl5757/generated_artifacts/lateact/gate1/0006/left_to_right_full_restart.pt	339323	942180d814379ae667b031daa7a5ca7e1c303c59ef34b2bd512a553a7d6c0f97	generated_latent_tensor	regenerable_with_pinned_code_configs_seeds_upstreams_and_GPU_exact_encoded_bytes_not_guaranteed
external_large_artifact	-	/mnt/NAS/data/hl5757/generated_artifacts/lateact/gate1/0006/left_to_right_minimal_rollback.mp4	2290594	336e0cf4f0312a9a578450a0c9ee45aeec7a5a24e8014e2abc1226fb05335348	generated_video	regenerable_with_pinned_code_configs_seeds_upstreams_and_GPU_exact_encoded_bytes_not_guaranteed
external_large_artifact	-	/mnt/NAS/data/hl5757/generated_artifacts/lateact/gate1/0006/left_to_right_minimal_rollback.pt	339343	d6814ebc7e968d2a5dd05ee7a0928438a328e448e01655c5908b5cc7dcf6cb04	generated_latent_tensor	regenerable_with_pinned_code_configs_seeds_upstreams_and_GPU_exact_encoded_bytes_not_guaranteed
external_large_artifact	-	/mnt/NAS/data/hl5757/generated_artifacts/lateact/gate1/0006/left_to_right_new_oracle.mp4	2294493	2dda2a620c800028a26da8111e787a623f06a1e1c4b7dbe7f3b4364f02424a4e	generated_video	regenerable_with_pinned_code_configs_seeds_upstreams_and_GPU_exact_encoded_bytes_not_guaranteed
external_large_artifact	-	/mnt/NAS/data/hl5757/generated_artifacts/lateact/gate1/0006/left_to_right_new_oracle.pt	339313	1293cf7d2314e7fa996cf66a5545de6d2aba0cb408466d5ff22268df5e1cfe02	generated_latent_tensor	regenerable_with_pinned_code_configs_seeds_upstreams_and_GPU_exact_encoded_bytes_not_guaranteed
external_large_artifact	-	/mnt/NAS/data/hl5757/generated_artifacts/lateact/gate1/0006/left_to_right_old.mp4	2273494	7f7363a83219eb54e6d1979b0a6a7e3149fcb7834b654d20b8428e92483eb616	generated_video	regenerable_with_pinned_code_configs_seeds_upstreams_and_GPU_exact_encoded_bytes_not_guaranteed
external_large_artifact	-	/mnt/NAS/data/hl5757/generated_artifacts/lateact/gate1/0006/left_to_right_old.pt	339150	0d22f768f3e0548c89d88cff5918a82d1530f05f3321ca44d0a45ce08630cca0	generated_latent_tensor	regenerable_with_pinned_code_configs_seeds_upstreams_and_GPU_exact_encoded_bytes_not_guaranteed
external_large_artifact	-	/mnt/NAS/data/hl5757/generated_artifacts/lateact/gate1/0006/right_to_left_direct_late_bind.mp4	2431617	62ee41ac2d0f48ebb7ce7d20f9cd40fe0340243f76f0318865a68ceaf7b46e48	generated_video	regenerable_with_pinned_code_configs_seeds_upstreams_and_GPU_exact_encoded_bytes_not_guaranteed
external_large_artifact	-	/mnt/NAS/data/hl5757/generated_artifacts/lateact/gate1/0006/right_to_left_direct_late_bind.pt	339343	5892531d2b626f0671bd5e500d7429d25e6780c7734dca16949aad3c2c25bdb7	generated_latent_tensor	regenerable_with_pinned_code_configs_seeds_upstreams_and_GPU_exact_encoded_bytes_not_guaranteed
external_large_artifact	-	/mnt/NAS/data/hl5757/generated_artifacts/lateact/gate1/0006/right_to_left_full_restart.mp4	2273494	7f7363a83219eb54e6d1979b0a6a7e3149fcb7834b654d20b8428e92483eb616	generated_video	regenerable_with_pinned_code_configs_seeds_upstreams_and_GPU_exact_encoded_bytes_not_guaranteed
external_large_artifact	-	/mnt/NAS/data/hl5757/generated_artifacts/lateact/gate1/0006/right_to_left_full_restart.pt	339323	7152e84703441d79628cf94c80ac649ea2fa31ef028dba7470ed1aa394fec825	generated_latent_tensor	regenerable_with_pinned_code_configs_seeds_upstreams_and_GPU_exact_encoded_bytes_not_guaranteed
external_large_artifact	-	/mnt/NAS/data/hl5757/generated_artifacts/lateact/gate1/0006/right_to_left_minimal_rollback.mp4	2289149	fb4c2f1b9bd5854c16e162dcf6f971d2068995284ddd3c49fcda6d5338899dfe	generated_video	regenerable_with_pinned_code_configs_seeds_upstreams_and_GPU_exact_encoded_bytes_not_guaranteed
external_large_artifact	-	/mnt/NAS/data/hl5757/generated_artifacts/lateact/gate1/0006/right_to_left_minimal_rollback.pt	339343	97fa70cffa2bfd5113cc4cb6e0408449380ac669a268311ac91c0781f1e540d5	generated_latent_tensor	regenerable_with_pinned_code_configs_seeds_upstreams_and_GPU_exact_encoded_bytes_not_guaranteed
external_large_artifact	-	/mnt/NAS/data/hl5757/generated_artifacts/lateact/gate1/0006/right_to_left_new_oracle.mp4	2273494	7f7363a83219eb54e6d1979b0a6a7e3149fcb7834b654d20b8428e92483eb616	generated_video	regenerable_with_pinned_code_configs_seeds_upstreams_and_GPU_exact_encoded_bytes_not_guaranteed
external_large_artifact	-	/mnt/NAS/data/hl5757/generated_artifacts/lateact/gate1/0006/right_to_left_new_oracle.pt	339313	9efdc79cabbc29f151d7955ba54fa143921a6e4fe5c6c2f5240fcce3b4ae5729	generated_latent_tensor	regenerable_with_pinned_code_configs_seeds_upstreams_and_GPU_exact_encoded_bytes_not_guaranteed
external_large_artifact	-	/mnt/NAS/data/hl5757/generated_artifacts/lateact/gate1/0006/right_to_left_old.mp4	2294493	2dda2a620c800028a26da8111e787a623f06a1e1c4b7dbe7f3b4364f02424a4e	generated_video	regenerable_with_pinned_code_configs_seeds_upstreams_and_GPU_exact_encoded_bytes_not_guaranteed
external_large_artifact	-	/mnt/NAS/data/hl5757/generated_artifacts/lateact/gate1/0006/right_to_left_old.pt	339150	2a3b0ddc3aa129698ec27daf8f680ec7c777a5883c5c47e2edcf44e94f67edc5	generated_latent_tensor	regenerable_with_pinned_code_configs_seeds_upstreams_and_GPU_exact_encoded_bytes_not_guaranteed
external_large_artifact	-	/mnt/NAS/data/hl5757/generated_artifacts/lateact/gate1/0007/left_to_right_direct_late_bind.mp4	1935054	90955010e2eb9b41c308471ab26f71ec8b9bfbf539c798de91c6f35ae9988559	generated_video	regenerable_with_pinned_code_configs_seeds_upstreams_and_GPU_exact_encoded_bytes_not_guaranteed
external_large_artifact	-	/mnt/NAS/data/hl5757/generated_artifacts/lateact/gate1/0007/left_to_right_direct_late_bind.pt	339343	a2c554921466bccddae954f4ffaf502e0e765f5b381c79b37fcb5b3d0a8cf913	generated_latent_tensor	regenerable_with_pinned_code_configs_seeds_upstreams_and_GPU_exact_encoded_bytes_not_guaranteed
external_large_artifact	-	/mnt/NAS/data/hl5757/generated_artifacts/lateact/gate1/0007/left_to_right_full_restart.mp4	1842640	1448fcb8c0eb0f53d070aeca98075cdbd645655d00f728e9b6b81a19d909791f	generated_video	regenerable_with_pinned_code_configs_seeds_upstreams_and_GPU_exact_encoded_bytes_not_guaranteed
external_large_artifact	-	/mnt/NAS/data/hl5757/generated_artifacts/lateact/gate1/0007/left_to_right_full_restart.pt	339323	97968153360c19831e6bce6dbcbabd20864458ec7b8e2096ce4a1f282c25ff89	generated_latent_tensor	regenerable_with_pinned_code_configs_seeds_upstreams_and_GPU_exact_encoded_bytes_not_guaranteed
external_large_artifact	-	/mnt/NAS/data/hl5757/generated_artifacts/lateact/gate1/0007/left_to_right_minimal_rollback.mp4	1844483	151dbb433e0f8999d58973838c4a820b6ce47c854c9ac7cb18a18d495523e246	generated_video	regenerable_with_pinned_code_configs_seeds_upstreams_and_GPU_exact_encoded_bytes_not_guaranteed
external_large_artifact	-	/mnt/NAS/data/hl5757/generated_artifacts/lateact/gate1/0007/left_to_right_minimal_rollback.pt	339343	2305f4d3a08ef20415a791e043c32c71c49e764946918a3c3e4f36f75fc4b31b	generated_latent_tensor	regenerable_with_pinned_code_configs_seeds_upstreams_and_GPU_exact_encoded_bytes_not_guaranteed
external_large_artifact	-	/mnt/NAS/data/hl5757/generated_artifacts/lateact/gate1/0007/left_to_right_new_oracle.mp4	1842640	1448fcb8c0eb0f53d070aeca98075cdbd645655d00f728e9b6b81a19d909791f	generated_video	regenerable_with_pinned_code_configs_seeds_upstreams_and_GPU_exact_encoded_bytes_not_guaranteed
external_large_artifact	-	/mnt/NAS/data/hl5757/generated_artifacts/lateact/gate1/0007/left_to_right_new_oracle.pt	339313	1222d0a1fbdf96e524c8fdbe1c1cc738c57f700d3cca3f6f3aca6139bc523389	generated_latent_tensor	regenerable_with_pinned_code_configs_seeds_upstreams_and_GPU_exact_encoded_bytes_not_guaranteed
external_large_artifact	-	/mnt/NAS/data/hl5757/generated_artifacts/lateact/gate1/0007/left_to_right_old.mp4	1859041	669e6274a8b0f822543f6ac93794c2d61145451a6879ff6f3d6fb36d79aa5f4a	generated_video	regenerable_with_pinned_code_configs_seeds_upstreams_and_GPU_exact_encoded_bytes_not_guaranteed
external_large_artifact	-	/mnt/NAS/data/hl5757/generated_artifacts/lateact/gate1/0007/left_to_right_old.pt	339150	547f4c0eeb2c1882362585cbad715ffac2fa5235b7eb4accbf3423727fc31580	generated_latent_tensor	regenerable_with_pinned_code_configs_seeds_upstreams_and_GPU_exact_encoded_bytes_not_guaranteed
external_large_artifact	-	/mnt/NAS/data/hl5757/generated_artifacts/lateact/gate1/0007/right_to_left_direct_late_bind.mp4	1921964	fb8af9caff180bbb94c058766773b5b05823f88f1ad7db40f09e494788bd9f7a	generated_video	regenerable_with_pinned_code_configs_seeds_upstreams_and_GPU_exact_encoded_bytes_not_guaranteed
external_large_artifact	-	/mnt/NAS/data/hl5757/generated_artifacts/lateact/gate1/0007/right_to_left_direct_late_bind.pt	339343	8d2269772f1f9cbb23d1edec2340b32e8b1e677cbe708acab8f99e6da926f992	generated_latent_tensor	regenerable_with_pinned_code_configs_seeds_upstreams_and_GPU_exact_encoded_bytes_not_guaranteed
external_large_artifact	-	/mnt/NAS/data/hl5757/generated_artifacts/lateact/gate1/0007/right_to_left_full_restart.mp4	1859041	669e6274a8b0f822543f6ac93794c2d61145451a6879ff6f3d6fb36d79aa5f4a	generated_video	regenerable_with_pinned_code_configs_seeds_upstreams_and_GPU_exact_encoded_bytes_not_guaranteed
external_large_artifact	-	/mnt/NAS/data/hl5757/generated_artifacts/lateact/gate1/0007/right_to_left_full_restart.pt	339323	e9fccaf4216ccf2154131cf3534b97dac11458762df0335fb7f10db5124ed352	generated_latent_tensor	regenerable_with_pinned_code_configs_seeds_upstreams_and_GPU_exact_encoded_bytes_not_guaranteed
external_large_artifact	-	/mnt/NAS/data/hl5757/generated_artifacts/lateact/gate1/0007/right_to_left_minimal_rollback.mp4	1863739	c6d41fae701a317c08580e5e0eda0a4203e6abf96f93b323632b1af7115ebbff	generated_video	regenerable_with_pinned_code_configs_seeds_upstreams_and_GPU_exact_encoded_bytes_not_guaranteed
external_large_artifact	-	/mnt/NAS/data/hl5757/generated_artifacts/lateact/gate1/0007/right_to_left_minimal_rollback.pt	339343	15663631d3d9b749047798ebc7633a95d69b91dea878b948beb00e79597d10cd	generated_latent_tensor	regenerable_with_pinned_code_configs_seeds_upstreams_and_GPU_exact_encoded_bytes_not_guaranteed
external_large_artifact	-	/mnt/NAS/data/hl5757/generated_artifacts/lateact/gate1/0007/right_to_left_new_oracle.mp4	1859041	669e6274a8b0f822543f6ac93794c2d61145451a6879ff6f3d6fb36d79aa5f4a	generated_video	regenerable_with_pinned_code_configs_seeds_upstreams_and_GPU_exact_encoded_bytes_not_guaranteed
external_large_artifact	-	/mnt/NAS/data/hl5757/generated_artifacts/lateact/gate1/0007/right_to_left_new_oracle.pt	339313	db38901c98675488591e4d514f8b3e982d923fae7b36874f2c9d61601e8f0999	generated_latent_tensor	regenerable_with_pinned_code_configs_seeds_upstreams_and_GPU_exact_encoded_bytes_not_guaranteed
external_large_artifact	-	/mnt/NAS/data/hl5757/generated_artifacts/lateact/gate1/0007/right_to_left_old.mp4	1842640	1448fcb8c0eb0f53d070aeca98075cdbd645655d00f728e9b6b81a19d909791f	generated_video	regenerable_with_pinned_code_configs_seeds_upstreams_and_GPU_exact_encoded_bytes_not_guaranteed
external_large_artifact	-	/mnt/NAS/data/hl5757/generated_artifacts/lateact/gate1/0007/right_to_left_old.pt	339150	31844a9b36f2997e1ba695d1c4d9c4313e77891d54e09a745c3c6ac828094ff4	generated_latent_tensor	regenerable_with_pinned_code_configs_seeds_upstreams_and_GPU_exact_encoded_bytes_not_guaranteed
stored_in_git	results/frozen/gate1/gate1_qualitative_montage.png	/mnt/NAS/data/hl5757/generated_artifacts/lateact/gate1/gate1_qualitative_montage.png	580656	8f717ed3e943fd4b0289f5650a9d9031466a6d8cad2b95e5a13a3fa450800445	qualitative_scientific_montage	authoritative_archived_copy
stored_in_git	results/frozen/gate1/gate1_shard_0.json	/mnt/NAS/data/hl5757/generated_artifacts/lateact/gate1/gate1_shard_0.json	124108	c029f4ee2c14019ef13a882ee8af1fcdece7065e0e3763a4b9380ec6269acf3d	frozen_numerical_or_provenance_record	authoritative_archived_copy
stored_in_git	results/frozen/gate1/gate1_shard_1.json	/mnt/NAS/data/hl5757/generated_artifacts/lateact/gate1/gate1_shard_1.json	123961	b0c3e6f4e6025b7a9c93231fdb6d95c447ff97be3db8a09c880b9e59510a2c86	frozen_numerical_or_provenance_record	authoritative_archived_copy
stored_in_git	results/frozen/gate1/gate1_summary.json	/mnt/NAS/data/hl5757/generated_artifacts/lateact/gate1/gate1_summary.json	28976	f97b3199b59c63269d4a2e40f5f8f6355452c149d6c84e37876b7cea0130804c	frozen_numerical_or_provenance_record	authoritative_archived_copy
external_large_artifact	-	/mnt/NAS/data/hl5757/generated_artifacts/lateact/gate2-engineering/0008_v0/left_to_right_direct_late.mp4	1140258	eca83e4a457913a70d9fb0a038d53f3ae70f9f13afeeb85487fa3e2c048eae35	generated_video	regenerable_with_pinned_code_configs_seeds_upstreams_and_GPU_exact_encoded_bytes_not_guaranteed
external_large_artifact	-	/mnt/NAS/data/hl5757/generated_artifacts/lateact/gate2-engineering/0008_v0/left_to_right_direct_late.pt	339318	5f3318eee76988cad9816028f04a50e7ab9e1781f6a22b1ab51f5cd5cb17fe9d	generated_latent_tensor	regenerable_with_pinned_code_configs_seeds_upstreams_and_GPU_exact_encoded_bytes_not_guaranteed
external_large_artifact	-	/mnt/NAS/data/hl5757/generated_artifacts/lateact/gate2-engineering/0008_v0/left_to_right_lateact.mp4	1164018	4c1082496e87331362aac103ea68bdd0f640c702a431523d7bc32cc50f5d1501	generated_video	regenerable_with_pinned_code_configs_seeds_upstreams_and_GPU_exact_encoded_bytes_not_guaranteed
external_large_artifact	-	/mnt/NAS/data/hl5757/generated_artifacts/lateact/gate2-engineering/0008_v0/left_to_right_lateact.pt	339234	cdee0f377aa1a3de50a464292f841d42f69f044f77087015d604fe558ecd613d	generated_latent_tensor	regenerable_with_pinned_code_configs_seeds_upstreams_and_GPU_exact_encoded_bytes_not_guaranteed
external_large_artifact	-	/mnt/NAS/data/hl5757/generated_artifacts/lateact/gate2-engineering/0008_v0/left_to_right_new_oracle.mp4	1164613	8feb7df9574c8bb3cd0328970b1b88e30c5621de3ac966ec5f0b2703717424b6	generated_video	regenerable_with_pinned_code_configs_seeds_upstreams_and_GPU_exact_encoded_bytes_not_guaranteed
external_large_artifact	-	/mnt/NAS/data/hl5757/generated_artifacts/lateact/gate2-engineering/0008_v0/left_to_right_new_oracle.pt	339313	60c235449ddce882b1dfaac9e95ff2743271c26f1eb69f1bb5b58e861d2dd49d	generated_latent_tensor	regenerable_with_pinned_code_configs_seeds_upstreams_and_GPU_exact_encoded_bytes_not_guaranteed
external_large_artifact	-	/mnt/NAS/data/hl5757/generated_artifacts/lateact/gate2-engineering/0008_v0/left_to_right_next_new.mp4	1911643	85793b92cc9b7fc88aafac94782223531d1358b7cf32b5942057409e7b88af60	generated_video	regenerable_with_pinned_code_configs_seeds_upstreams_and_GPU_exact_encoded_bytes_not_guaranteed
external_large_artifact	-	/mnt/NAS/data/hl5757/generated_artifacts/lateact/gate2-engineering/0008_v0/left_to_right_next_new.pt	339303	054efccca9ee835eb99661f6d076fc173abd7f1aea551d1743af5716cade480f	generated_latent_tensor	regenerable_with_pinned_code_configs_seeds_upstreams_and_GPU_exact_encoded_bytes_not_guaranteed
external_large_artifact	-	/mnt/NAS/data/hl5757/generated_artifacts/lateact/gate2-engineering/0008_v0/left_to_right_next_old.mp4	1921985	dc38344b60973da0c81768eb4418dc73919b598812a6e8d409b3b654cb5e03cb	generated_video	regenerable_with_pinned_code_configs_seeds_upstreams_and_GPU_exact_encoded_bytes_not_guaranteed
external_large_artifact	-	/mnt/NAS/data/hl5757/generated_artifacts/lateact/gate2-engineering/0008_v0/left_to_right_next_old.pt	339303	c10343aafd72ef879dc247eba96eea35e87c1e80ea5fd0f14be680d2778c4d3e	generated_latent_tensor	regenerable_with_pinned_code_configs_seeds_upstreams_and_GPU_exact_encoded_bytes_not_guaranteed
external_large_artifact	-	/mnt/NAS/data/hl5757/generated_artifacts/lateact/gate2-engineering/0008_v0/left_to_right_old.mp4	1151689	07296954f8afc9a0a48c43ed9e2e1f0bbb6d9e069a0d9db5c7e0183803e109b5	generated_video	regenerable_with_pinned_code_configs_seeds_upstreams_and_GPU_exact_encoded_bytes_not_guaranteed
external_large_artifact	-	/mnt/NAS/data/hl5757/generated_artifacts/lateact/gate2-engineering/0008_v0/left_to_right_old.pt	339150	9b10e484ba2880919a224cfd15ec3e4d999413229362f9e434e68ba58e356138	generated_latent_tensor	regenerable_with_pinned_code_configs_seeds_upstreams_and_GPU_exact_encoded_bytes_not_guaranteed
external_large_artifact	-	/mnt/NAS/data/hl5757/generated_artifacts/lateact/gate2-engineering/0008_v0/right_to_left_direct_late.mp4	1264438	3ec6cfe888605ded0c0348a0c4f53c93f719ef4df0b9b77f0d30c1e2382e70a1	generated_video	regenerable_with_pinned_code_configs_seeds_upstreams_and_GPU_exact_encoded_bytes_not_guaranteed
external_large_artifact	-	/mnt/NAS/data/hl5757/generated_artifacts/lateact/gate2-engineering/0008_v0/right_to_left_direct_late.pt	339318	a2f69e594a7a55865ac4748a39bf392268f5d20fdf8b3788326e078bdb4555b6	generated_latent_tensor	regenerable_with_pinned_code_configs_seeds_upstreams_and_GPU_exact_encoded_bytes_not_guaranteed
external_large_artifact	-	/mnt/NAS/data/hl5757/generated_artifacts/lateact/gate2-engineering/0008_v0/right_to_left_lateact.mp4	1155191	44f55616ebb7fab3d2e30f526bcbad5ddb97a1a16d390df648a16bc9ee631251	generated_video	regenerable_with_pinned_code_configs_seeds_upstreams_and_GPU_exact_encoded_bytes_not_guaranteed
external_large_artifact	-	/mnt/NAS/data/hl5757/generated_artifacts/lateact/gate2-engineering/0008_v0/right_to_left_lateact.pt	339234	2664b7333b3706314eeb55dd68e3c8d7cdc5e7e17fdf8957a7d9649bccdde2b5	generated_latent_tensor	regenerable_with_pinned_code_configs_seeds_upstreams_and_GPU_exact_encoded_bytes_not_guaranteed
external_large_artifact	-	/mnt/NAS/data/hl5757/generated_artifacts/lateact/gate2-engineering/0008_v0/right_to_left_new_oracle.mp4	1151689	07296954f8afc9a0a48c43ed9e2e1f0bbb6d9e069a0d9db5c7e0183803e109b5	generated_video	regenerable_with_pinned_code_configs_seeds_upstreams_and_GPU_exact_encoded_bytes_not_guaranteed
external_large_artifact	-	/mnt/NAS/data/hl5757/generated_artifacts/lateact/gate2-engineering/0008_v0/right_to_left_new_oracle.pt	339313	1ab5dc10878d3cb269fa2945fd0ff735cc089b1ef78ee823d0f8f8828be4a388	generated_latent_tensor	regenerable_with_pinned_code_configs_seeds_upstreams_and_GPU_exact_encoded_bytes_not_guaranteed
external_large_artifact	-	/mnt/NAS/data/hl5757/generated_artifacts/lateact/gate2-engineering/0008_v0/right_to_left_next_new.mp4	1957001	d3ec71748cc52abd4437a533e945baf6a4b837a17317fd97cd8bb002fc0221b5	generated_video	regenerable_with_pinned_code_configs_seeds_upstreams_and_GPU_exact_encoded_bytes_not_guaranteed
external_large_artifact	-	/mnt/NAS/data/hl5757/generated_artifacts/lateact/gate2-engineering/0008_v0/right_to_left_next_new.pt	339303	efe70b6d2393d04bc2a70be5e68c1f7824e15193629f90d76b9b4f0da5fbb3cc	generated_latent_tensor	regenerable_with_pinned_code_configs_seeds_upstreams_and_GPU_exact_encoded_bytes_not_guaranteed
external_large_artifact	-	/mnt/NAS/data/hl5757/generated_artifacts/lateact/gate2-engineering/0008_v0/right_to_left_next_old.mp4	1958341	1e67b8884435932ceb6928d49756b8b635796919047d71e951e7061896264de0	generated_video	regenerable_with_pinned_code_configs_seeds_upstreams_and_GPU_exact_encoded_bytes_not_guaranteed
external_large_artifact	-	/mnt/NAS/data/hl5757/generated_artifacts/lateact/gate2-engineering/0008_v0/right_to_left_next_old.pt	339303	0088770e4d3d1092a6f99d3af3af0f804cf0ff54cf64d351200c7f05089d1be5	generated_latent_tensor	regenerable_with_pinned_code_configs_seeds_upstreams_and_GPU_exact_encoded_bytes_not_guaranteed
external_large_artifact	-	/mnt/NAS/data/hl5757/generated_artifacts/lateact/gate2-engineering/0008_v0/right_to_left_old.mp4	1164613	8feb7df9574c8bb3cd0328970b1b88e30c5621de3ac966ec5f0b2703717424b6	generated_video	regenerable_with_pinned_code_configs_seeds_upstreams_and_GPU_exact_encoded_bytes_not_guaranteed
external_large_artifact	-	/mnt/NAS/data/hl5757/generated_artifacts/lateact/gate2-engineering/0008_v0/right_to_left_old.pt	339150	056d851f35e4731e31810c53729b4860a1e922c1cd97e1da8115ba77643d3514	generated_latent_tensor	regenerable_with_pinned_code_configs_seeds_upstreams_and_GPU_exact_encoded_bytes_not_guaranteed
stored_in_git	results/frozen/gate2/engineering/mouse_shard_0.json	/mnt/NAS/data/hl5757/generated_artifacts/lateact/gate2-engineering/mouse_shard_0.json	67921	86f4be82cb8fa393639285646adaa3544b852634326a55af55853bf5a31d4cd7	frozen_numerical_or_provenance_record	authoritative_archived_copy
external_large_artifact	-	/mnt/NAS/data/hl5757/generated_artifacts/lateact/gate2/primary/0008_v0/left_to_right_direct_late.mp4	1140258	eca83e4a457913a70d9fb0a038d53f3ae70f9f13afeeb85487fa3e2c048eae35	generated_video	regenerable_with_pinned_code_configs_seeds_upstreams_and_GPU_exact_encoded_bytes_not_guaranteed
external_large_artifact	-	/mnt/NAS/data/hl5757/generated_artifacts/lateact/gate2/primary/0008_v0/left_to_right_direct_late.pt	339318	5f3318eee76988cad9816028f04a50e7ab9e1781f6a22b1ab51f5cd5cb17fe9d	generated_latent_tensor	regenerable_with_pinned_code_configs_seeds_upstreams_and_GPU_exact_encoded_bytes_not_guaranteed
external_large_artifact	-	/mnt/NAS/data/hl5757/generated_artifacts/lateact/gate2/primary/0008_v0/left_to_right_lateact.mp4	1164018	4c1082496e87331362aac103ea68bdd0f640c702a431523d7bc32cc50f5d1501	generated_video	regenerable_with_pinned_code_configs_seeds_upstreams_and_GPU_exact_encoded_bytes_not_guaranteed
external_large_artifact	-	/mnt/NAS/data/hl5757/generated_artifacts/lateact/gate2/primary/0008_v0/left_to_right_lateact.pt	339234	cdee0f377aa1a3de50a464292f841d42f69f044f77087015d604fe558ecd613d	generated_latent_tensor	regenerable_with_pinned_code_configs_seeds_upstreams_and_GPU_exact_encoded_bytes_not_guaranteed
external_large_artifact	-	/mnt/NAS/data/hl5757/generated_artifacts/lateact/gate2/primary/0008_v0/left_to_right_new_oracle.mp4	1164613	8feb7df9574c8bb3cd0328970b1b88e30c5621de3ac966ec5f0b2703717424b6	generated_video	regenerable_with_pinned_code_configs_seeds_upstreams_and_GPU_exact_encoded_bytes_not_guaranteed
external_large_artifact	-	/mnt/NAS/data/hl5757/generated_artifacts/lateact/gate2/primary/0008_v0/left_to_right_new_oracle.pt	339313	60c235449ddce882b1dfaac9e95ff2743271c26f1eb69f1bb5b58e861d2dd49d	generated_latent_tensor	regenerable_with_pinned_code_configs_seeds_upstreams_and_GPU_exact_encoded_bytes_not_guaranteed
external_large_artifact	-	/mnt/NAS/data/hl5757/generated_artifacts/lateact/gate2/primary/0008_v0/left_to_right_next_new.mp4	1911643	85793b92cc9b7fc88aafac94782223531d1358b7cf32b5942057409e7b88af60	generated_video	regenerable_with_pinned_code_configs_seeds_upstreams_and_GPU_exact_encoded_bytes_not_guaranteed
external_large_artifact	-	/mnt/NAS/data/hl5757/generated_artifacts/lateact/gate2/primary/0008_v0/left_to_right_next_new.pt	339303	054efccca9ee835eb99661f6d076fc173abd7f1aea551d1743af5716cade480f	generated_latent_tensor	regenerable_with_pinned_code_configs_seeds_upstreams_and_GPU_exact_encoded_bytes_not_guaranteed
external_large_artifact	-	/mnt/NAS/data/hl5757/generated_artifacts/lateact/gate2/primary/0008_v0/left_to_right_next_old.mp4	1921985	dc38344b60973da0c81768eb4418dc73919b598812a6e8d409b3b654cb5e03cb	generated_video	regenerable_with_pinned_code_configs_seeds_upstreams_and_GPU_exact_encoded_bytes_not_guaranteed
external_large_artifact	-	/mnt/NAS/data/hl5757/generated_artifacts/lateact/gate2/primary/0008_v0/left_to_right_next_old.pt	339303	c10343aafd72ef879dc247eba96eea35e87c1e80ea5fd0f14be680d2778c4d3e	generated_latent_tensor	regenerable_with_pinned_code_configs_seeds_upstreams_and_GPU_exact_encoded_bytes_not_guaranteed
external_large_artifact	-	/mnt/NAS/data/hl5757/generated_artifacts/lateact/gate2/primary/0008_v0/left_to_right_old.mp4	1151689	07296954f8afc9a0a48c43ed9e2e1f0bbb6d9e069a0d9db5c7e0183803e109b5	generated_video	regenerable_with_pinned_code_configs_seeds_upstreams_and_GPU_exact_encoded_bytes_not_guaranteed
external_large_artifact	-	/mnt/NAS/data/hl5757/generated_artifacts/lateact/gate2/primary/0008_v0/left_to_right_old.pt	339150	9b10e484ba2880919a224cfd15ec3e4d999413229362f9e434e68ba58e356138	generated_latent_tensor	regenerable_with_pinned_code_configs_seeds_upstreams_and_GPU_exact_encoded_bytes_not_guaranteed
external_large_artifact	-	/mnt/NAS/data/hl5757/generated_artifacts/lateact/gate2/primary/0008_v0/right_to_left_direct_late.mp4	1264438	3ec6cfe888605ded0c0348a0c4f53c93f719ef4df0b9b77f0d30c1e2382e70a1	generated_video	regenerable_with_pinned_code_configs_seeds_upstreams_and_GPU_exact_encoded_bytes_not_guaranteed
external_large_artifact	-	/mnt/NAS/data/hl5757/generated_artifacts/lateact/gate2/primary/0008_v0/right_to_left_direct_late.pt	339318	a2f69e594a7a55865ac4748a39bf392268f5d20fdf8b3788326e078bdb4555b6	generated_latent_tensor	regenerable_with_pinned_code_configs_seeds_upstreams_and_GPU_exact_encoded_bytes_not_guaranteed
external_large_artifact	-	/mnt/NAS/data/hl5757/generated_artifacts/lateact/gate2/primary/0008_v0/right_to_left_lateact.mp4	1155191	44f55616ebb7fab3d2e30f526bcbad5ddb97a1a16d390df648a16bc9ee631251	generated_video	regenerable_with_pinned_code_configs_seeds_upstreams_and_GPU_exact_encoded_bytes_not_guaranteed
external_large_artifact	-	/mnt/NAS/data/hl5757/generated_artifacts/lateact/gate2/primary/0008_v0/right_to_left_lateact.pt	339234	2664b7333b3706314eeb55dd68e3c8d7cdc5e7e17fdf8957a7d9649bccdde2b5	generated_latent_tensor	regenerable_with_pinned_code_configs_seeds_upstreams_and_GPU_exact_encoded_bytes_not_guaranteed
external_large_artifact	-	/mnt/NAS/data/hl5757/generated_artifacts/lateact/gate2/primary/0008_v0/right_to_left_new_oracle.mp4	1151689	07296954f8afc9a0a48c43ed9e2e1f0bbb6d9e069a0d9db5c7e0183803e109b5	generated_video	regenerable_with_pinned_code_configs_seeds_upstreams_and_GPU_exact_encoded_bytes_not_guaranteed
external_large_artifact	-	/mnt/NAS/data/hl5757/generated_artifacts/lateact/gate2/primary/0008_v0/right_to_left_new_oracle.pt	339313	1ab5dc10878d3cb269fa2945fd0ff735cc089b1ef78ee823d0f8f8828be4a388	generated_latent_tensor	regenerable_with_pinned_code_configs_seeds_upstreams_and_GPU_exact_encoded_bytes_not_guaranteed
external_large_artifact	-	/mnt/NAS/data/hl5757/generated_artifacts/lateact/gate2/primary/0008_v0/right_to_left_next_new.mp4	1957001	d3ec71748cc52abd4437a533e945baf6a4b837a17317fd97cd8bb002fc0221b5	generated_video	regenerable_with_pinned_code_configs_seeds_upstreams_and_GPU_exact_encoded_bytes_not_guaranteed
external_large_artifact	-	/mnt/NAS/data/hl5757/generated_artifacts/lateact/gate2/primary/0008_v0/right_to_left_next_new.pt	339303	efe70b6d2393d04bc2a70be5e68c1f7824e15193629f90d76b9b4f0da5fbb3cc	generated_latent_tensor	regenerable_with_pinned_code_configs_seeds_upstreams_and_GPU_exact_encoded_bytes_not_guaranteed
external_large_artifact	-	/mnt/NAS/data/hl5757/generated_artifacts/lateact/gate2/primary/0008_v0/right_to_left_next_old.mp4	1958341	1e67b8884435932ceb6928d49756b8b635796919047d71e951e7061896264de0	generated_video	regenerable_with_pinned_code_configs_seeds_upstreams_and_GPU_exact_encoded_bytes_not_guaranteed
external_large_artifact	-	/mnt/NAS/data/hl5757/generated_artifacts/lateact/gate2/primary/0008_v0/right_to_left_next_old.pt	339303	0088770e4d3d1092a6f99d3af3af0f804cf0ff54cf64d351200c7f05089d1be5	generated_latent_tensor	regenerable_with_pinned_code_configs_seeds_upstreams_and_GPU_exact_encoded_bytes_not_guaranteed
external_large_artifact	-	/mnt/NAS/data/hl5757/generated_artifacts/lateact/gate2/primary/0008_v0/right_to_left_old.mp4	1164613	8feb7df9574c8bb3cd0328970b1b88e30c5621de3ac966ec5f0b2703717424b6	generated_video	regenerable_with_pinned_code_configs_seeds_upstreams_and_GPU_exact_encoded_bytes_not_guaranteed
external_large_artifact	-	/mnt/NAS/data/hl5757/generated_artifacts/lateact/gate2/primary/0008_v0/right_to_left_old.pt	339150	056d851f35e4731e31810c53729b4860a1e922c1cd97e1da8115ba77643d3514	generated_latent_tensor	regenerable_with_pinned_code_configs_seeds_upstreams_and_GPU_exact_encoded_bytes_not_guaranteed
external_large_artifact	-	/mnt/NAS/data/hl5757/generated_artifacts/lateact/gate2/primary/0008_v1/left_to_right_direct_late.mp4	1152769	b94cf2b912df903e7cca302090911c2adb838f43f132a2c2c223ea717ac904b1	generated_video	regenerable_with_pinned_code_configs_seeds_upstreams_and_GPU_exact_encoded_bytes_not_guaranteed
external_large_artifact	-	/mnt/NAS/data/hl5757/generated_artifacts/lateact/gate2/primary/0008_v1/left_to_right_direct_late.pt	339318	3cdc1498f63f5a837bb6346736bdc4941e1f6fa26b9273aaf08646c230ae864f	generated_latent_tensor	regenerable_with_pinned_code_configs_seeds_upstreams_and_GPU_exact_encoded_bytes_not_guaranteed
external_large_artifact	-	/mnt/NAS/data/hl5757/generated_artifacts/lateact/gate2/primary/0008_v1/left_to_right_lateact.mp4	1149883	e516aee3726ed437f6d6fb52cf7ccb0c9603e850acbdef26ba4659fcc0551f73	generated_video	regenerable_with_pinned_code_configs_seeds_upstreams_and_GPU_exact_encoded_bytes_not_guaranteed
external_large_artifact	-	/mnt/NAS/data/hl5757/generated_artifacts/lateact/gate2/primary/0008_v1/left_to_right_lateact.pt	339234	8f44efff43f8d519c98fb7b33b7939c873c503e35632e54029aca7cba07f6bf5	generated_latent_tensor	regenerable_with_pinned_code_configs_seeds_upstreams_and_GPU_exact_encoded_bytes_not_guaranteed
external_large_artifact	-	/mnt/NAS/data/hl5757/generated_artifacts/lateact/gate2/primary/0008_v1/left_to_right_new_oracle.mp4	1150763	cffcc11d3bdcf392c3e4c864fc366658891cd693c2558858cb783c8d12b6687c	generated_video	regenerable_with_pinned_code_configs_seeds_upstreams_and_GPU_exact_encoded_bytes_not_guaranteed
external_large_artifact	-	/mnt/NAS/data/hl5757/generated_artifacts/lateact/gate2/primary/0008_v1/left_to_right_new_oracle.pt	339313	b010d9a7d6c36f663d5d40e8c5922d7309c7599cb8b6d768994cfa7f2189b5d1	generated_latent_tensor	regenerable_with_pinned_code_configs_seeds_upstreams_and_GPU_exact_encoded_bytes_not_guaranteed
external_large_artifact	-	/mnt/NAS/data/hl5757/generated_artifacts/lateact/gate2/primary/0008_v1/left_to_right_next_new.mp4	1901558	5392ab1cfd3d7f9697f8c9328dfcddd4b2bb508cd67ff4bb916fe9a98c062213	generated_video	regenerable_with_pinned_code_configs_seeds_upstreams_and_GPU_exact_encoded_bytes_not_guaranteed
external_large_artifact	-	/mnt/NAS/data/hl5757/generated_artifacts/lateact/gate2/primary/0008_v1/left_to_right_next_new.pt	339303	6e396f1ff7c05209065bde9f1c3fc0834ba0c4b6d90673e579a70fdeb3e0ccc4	generated_latent_tensor	regenerable_with_pinned_code_configs_seeds_upstreams_and_GPU_exact_encoded_bytes_not_guaranteed
external_large_artifact	-	/mnt/NAS/data/hl5757/generated_artifacts/lateact/gate2/primary/0008_v1/left_to_right_next_old.mp4	1844681	ac67dfda6a48935737d12f17a8eadb74a22ade8f126e89beb66a5fe6c45aab55	generated_video	regenerable_with_pinned_code_configs_seeds_upstreams_and_GPU_exact_encoded_bytes_not_guaranteed
external_large_artifact	-	/mnt/NAS/data/hl5757/generated_artifacts/lateact/gate2/primary/0008_v1/left_to_right_next_old.pt	339303	5a2647841069825c46d8ff1209c74a9811b169e8c48a59cb4fa5b00b9494f6cb	generated_latent_tensor	regenerable_with_pinned_code_configs_seeds_upstreams_and_GPU_exact_encoded_bytes_not_guaranteed
external_large_artifact	-	/mnt/NAS/data/hl5757/generated_artifacts/lateact/gate2/primary/0008_v1/left_to_right_old.mp4	1141892	2d2a960712d093dfb81dfa760cb9ef666fc6b5ec0763093a6b77515ec115c86b	generated_video	regenerable_with_pinned_code_configs_seeds_upstreams_and_GPU_exact_encoded_bytes_not_guaranteed
external_large_artifact	-	/mnt/NAS/data/hl5757/generated_artifacts/lateact/gate2/primary/0008_v1/left_to_right_old.pt	339150	f0143a9ca4c3f5cd01532bd934e7373c025e99f40b5bfb34d293cc27ad383543	generated_latent_tensor	regenerable_with_pinned_code_configs_seeds_upstreams_and_GPU_exact_encoded_bytes_not_guaranteed
external_large_artifact	-	/mnt/NAS/data/hl5757/generated_artifacts/lateact/gate2/primary/0008_v1/right_to_left_direct_late.mp4	1222375	867e0dc41567aa45446b4bc8f10c28f9558efcadcde4489fe75bf21b592b4706	generated_video	regenerable_with_pinned_code_configs_seeds_upstreams_and_GPU_exact_encoded_bytes_not_guaranteed
external_large_artifact	-	/mnt/NAS/data/hl5757/generated_artifacts/lateact/gate2/primary/0008_v1/right_to_left_direct_late.pt	339318	52c6e67a7bd719651a143e2b7af716f7a08bec674d94c1d501d654122d0f9a62	generated_latent_tensor	regenerable_with_pinned_code_configs_seeds_upstreams_and_GPU_exact_encoded_bytes_not_guaranteed
external_large_artifact	-	/mnt/NAS/data/hl5757/generated_artifacts/lateact/gate2/primary/0008_v1/right_to_left_lateact.mp4	1137641	2dd607438213f10054732d470a636bfebdcb7b8cf39fa35399df7efd94ce1b5a	generated_video	regenerable_with_pinned_code_configs_seeds_upstreams_and_GPU_exact_encoded_bytes_not_guaranteed
external_large_artifact	-	/mnt/NAS/data/hl5757/generated_artifacts/lateact/gate2/primary/0008_v1/right_to_left_lateact.pt	339234	fd30957cc6898483b6c22ca9b1f4e5c90cf8334413b0b717dcb45abb7dfe7f05	generated_latent_tensor	regenerable_with_pinned_code_configs_seeds_upstreams_and_GPU_exact_encoded_bytes_not_guaranteed
external_large_artifact	-	/mnt/NAS/data/hl5757/generated_artifacts/lateact/gate2/primary/0008_v1/right_to_left_new_oracle.mp4	1141892	2d2a960712d093dfb81dfa760cb9ef666fc6b5ec0763093a6b77515ec115c86b	generated_video	regenerable_with_pinned_code_configs_seeds_upstreams_and_GPU_exact_encoded_bytes_not_guaranteed
external_large_artifact	-	/mnt/NAS/data/hl5757/generated_artifacts/lateact/gate2/primary/0008_v1/right_to_left_new_oracle.pt	339313	be53cea18c23f87c74e92d9d8eb10bdaec4a18ac4d1e018a0dc25f6182ee3337	generated_latent_tensor	regenerable_with_pinned_code_configs_seeds_upstreams_and_GPU_exact_encoded_bytes_not_guaranteed
external_large_artifact	-	/mnt/NAS/data/hl5757/generated_artifacts/lateact/gate2/primary/0008_v1/right_to_left_next_new.mp4	1934179	1df17e196aca30fd9d5f6011eaca921f265ef8e00bb78131f6360b5822808f51	generated_video	regenerable_with_pinned_code_configs_seeds_upstreams_and_GPU_exact_encoded_bytes_not_guaranteed
external_large_artifact	-	/mnt/NAS/data/hl5757/generated_artifacts/lateact/gate2/primary/0008_v1/right_to_left_next_new.pt	339303	a7441bb852d81968caf89a0a386cea4ddb7df40073927589f2a089e50ecd4c3f	generated_latent_tensor	regenerable_with_pinned_code_configs_seeds_upstreams_and_GPU_exact_encoded_bytes_not_guaranteed
external_large_artifact	-	/mnt/NAS/data/hl5757/generated_artifacts/lateact/gate2/primary/0008_v1/right_to_left_next_old.mp4	1939440	edc90138ce0998ef7422864851a3c02ad2d5105391207c5fb5857300add839b1	generated_video	regenerable_with_pinned_code_configs_seeds_upstreams_and_GPU_exact_encoded_bytes_not_guaranteed
external_large_artifact	-	/mnt/NAS/data/hl5757/generated_artifacts/lateact/gate2/primary/0008_v1/right_to_left_next_old.pt	339303	983162ef02380299e41b4d23c740477a40e33d591bc4ea8ee31c1fdb41f526a5	generated_latent_tensor	regenerable_with_pinned_code_configs_seeds_upstreams_and_GPU_exact_encoded_bytes_not_guaranteed
external_large_artifact	-	/mnt/NAS/data/hl5757/generated_artifacts/lateact/gate2/primary/0008_v1/right_to_left_old.mp4	1150763	cffcc11d3bdcf392c3e4c864fc366658891cd693c2558858cb783c8d12b6687c	generated_video	regenerable_with_pinned_code_configs_seeds_upstreams_and_GPU_exact_encoded_bytes_not_guaranteed
external_large_artifact	-	/mnt/NAS/data/hl5757/generated_artifacts/lateact/gate2/primary/0008_v1/right_to_left_old.pt	339150	a804a4e14b0b65580753f0864e6f91e0afcead4103574a508bfdc8b6eb1e62cd	generated_latent_tensor	regenerable_with_pinned_code_configs_seeds_upstreams_and_GPU_exact_encoded_bytes_not_guaranteed
external_large_artifact	-	/mnt/NAS/data/hl5757/generated_artifacts/lateact/gate2/primary/0008_v2/left_to_right_direct_late.mp4	1160325	015648ced16d21d874494be7e91ec18a02a453c1cdf172e5e15efc666d25ebf6	generated_video	regenerable_with_pinned_code_configs_seeds_upstreams_and_GPU_exact_encoded_bytes_not_guaranteed
external_large_artifact	-	/mnt/NAS/data/hl5757/generated_artifacts/lateact/gate2/primary/0008_v2/left_to_right_direct_late.pt	339318	66ead7abba775c3395668aeaed564ed1af2a47b02fb32d38cf6b38b3be250c64	generated_latent_tensor	regenerable_with_pinned_code_configs_seeds_upstreams_and_GPU_exact_encoded_bytes_not_guaranteed
external_large_artifact	-	/mnt/NAS/data/hl5757/generated_artifacts/lateact/gate2/primary/0008_v2/left_to_right_lateact.mp4	1159408	c6443d5b5a617eb32fb6030b942774ee855b2b20e8374a8c7a931f2f06e5e077	generated_video	regenerable_with_pinned_code_configs_seeds_upstreams_and_GPU_exact_encoded_bytes_not_guaranteed
external_large_artifact	-	/mnt/NAS/data/hl5757/generated_artifacts/lateact/gate2/primary/0008_v2/left_to_right_lateact.pt	339234	6d64cbeb6a76dbf5f72b3e11549e8382fab5fae5201dfaa589743cdd5c57e606	generated_latent_tensor	regenerable_with_pinned_code_configs_seeds_upstreams_and_GPU_exact_encoded_bytes_not_guaranteed
external_large_artifact	-	/mnt/NAS/data/hl5757/generated_artifacts/lateact/gate2/primary/0008_v2/left_to_right_new_oracle.mp4	1160136	6bd0b725bb896fff1823a1746f2efec822124eb76411d38fec3864caf9b1df8c	generated_video	regenerable_with_pinned_code_configs_seeds_upstreams_and_GPU_exact_encoded_bytes_not_guaranteed
external_large_artifact	-	/mnt/NAS/data/hl5757/generated_artifacts/lateact/gate2/primary/0008_v2/left_to_right_new_oracle.pt	339313	555d64637a6b3c5a3fea276d5d7f43e0792a03a4f39601f807feda02226caa96	generated_latent_tensor	regenerable_with_pinned_code_configs_seeds_upstreams_and_GPU_exact_encoded_bytes_not_guaranteed
external_large_artifact	-	/mnt/NAS/data/hl5757/generated_artifacts/lateact/gate2/primary/0008_v2/left_to_right_next_new.mp4	1919945	81d874784a67c03cde9d11fefe16e2e81c9e923fa089ea2c9f5ef2f9538e461b	generated_video	regenerable_with_pinned_code_configs_seeds_upstreams_and_GPU_exact_encoded_bytes_not_guaranteed
external_large_artifact	-	/mnt/NAS/data/hl5757/generated_artifacts/lateact/gate2/primary/0008_v2/left_to_right_next_new.pt	339303	c880e685bbf70add95cb7e6debda8f5d43c50b1e83e20c4a761d35502557fa34	generated_latent_tensor	regenerable_with_pinned_code_configs_seeds_upstreams_and_GPU_exact_encoded_bytes_not_guaranteed
external_large_artifact	-	/mnt/NAS/data/hl5757/generated_artifacts/lateact/gate2/primary/0008_v2/left_to_right_next_old.mp4	1898026	d99549baba13879ce6fff67c2a60cd851668acdfdc3f734d0c6f27fbb0d0dbbf	generated_video	regenerable_with_pinned_code_configs_seeds_upstreams_and_GPU_exact_encoded_bytes_not_guaranteed
external_large_artifact	-	/mnt/NAS/data/hl5757/generated_artifacts/lateact/gate2/primary/0008_v2/left_to_right_next_old.pt	339303	e6ef6b6d0871a6a1bb269f11021f1ee3e70f41e85b8afffe4d5616a9f217ee41	generated_latent_tensor	regenerable_with_pinned_code_configs_seeds_upstreams_and_GPU_exact_encoded_bytes_not_guaranteed
external_large_artifact	-	/mnt/NAS/data/hl5757/generated_artifacts/lateact/gate2/primary/0008_v2/left_to_right_old.mp4	1152763	ed75dbb45e4f925d31c8c5990ce4c8848666e1a25f4c7850fe834c439339ec23	generated_video	regenerable_with_pinned_code_configs_seeds_upstreams_and_GPU_exact_encoded_bytes_not_guaranteed
external_large_artifact	-	/mnt/NAS/data/hl5757/generated_artifacts/lateact/gate2/primary/0008_v2/left_to_right_old.pt	339150	8d42be6b2bf435418dc47bee4a154dd6f40cc41d668d2d1744d9b1573155150b	generated_latent_tensor	regenerable_with_pinned_code_configs_seeds_upstreams_and_GPU_exact_encoded_bytes_not_guaranteed
external_large_artifact	-	/mnt/NAS/data/hl5757/generated_artifacts/lateact/gate2/primary/0008_v2/right_to_left_direct_late.mp4	1269036	e180c09515fec044aa79ac39be952faf25be75b3dcc67c808f8ef1d081a8dc1c	generated_video	regenerable_with_pinned_code_configs_seeds_upstreams_and_GPU_exact_encoded_bytes_not_guaranteed
external_large_artifact	-	/mnt/NAS/data/hl5757/generated_artifacts/lateact/gate2/primary/0008_v2/right_to_left_direct_late.pt	339318	2a646bb2e7cebf314a8571dd2462a29ffe44643cf4d31d7f7d2d8265c03b931f	generated_latent_tensor	regenerable_with_pinned_code_configs_seeds_upstreams_and_GPU_exact_encoded_bytes_not_guaranteed
external_large_artifact	-	/mnt/NAS/data/hl5757/generated_artifacts/lateact/gate2/primary/0008_v2/right_to_left_lateact.mp4	1158584	35b0be072bdf1b6b5ff23c346e78f4d9c3b683d4e96b1a250309e04091616e2c	generated_video	regenerable_with_pinned_code_configs_seeds_upstreams_and_GPU_exact_encoded_bytes_not_guaranteed
external_large_artifact	-	/mnt/NAS/data/hl5757/generated_artifacts/lateact/gate2/primary/0008_v2/right_to_left_lateact.pt	339234	816accf7f0fb4ed22e233f44d87a383aaeefbf3d6e0c58420f73154cb04642ed	generated_latent_tensor	regenerable_with_pinned_code_configs_seeds_upstreams_and_GPU_exact_encoded_bytes_not_guaranteed
external_large_artifact	-	/mnt/NAS/data/hl5757/generated_artifacts/lateact/gate2/primary/0008_v2/right_to_left_new_oracle.mp4	1152763	ed75dbb45e4f925d31c8c5990ce4c8848666e1a25f4c7850fe834c439339ec23	generated_video	regenerable_with_pinned_code_configs_seeds_upstreams_and_GPU_exact_encoded_bytes_not_guaranteed
external_large_artifact	-	/mnt/NAS/data/hl5757/generated_artifacts/lateact/gate2/primary/0008_v2/right_to_left_new_oracle.pt	339313	61265928083d0ef99b96e8276caf8dce28639e7d28316f9b204d9751325f16cc	generated_latent_tensor	regenerable_with_pinned_code_configs_seeds_upstreams_and_GPU_exact_encoded_bytes_not_guaranteed
external_large_artifact	-	/mnt/NAS/data/hl5757/generated_artifacts/lateact/gate2/primary/0008_v2/right_to_left_next_new.mp4	1949674	c2174efbcf9d7a43774ea4cad438fc5ce8e572129705ce03bc1d5cada1cc114d	generated_video	regenerable_with_pinned_code_configs_seeds_upstreams_and_GPU_exact_encoded_bytes_not_guaranteed
external_large_artifact	-	/mnt/NAS/data/hl5757/generated_artifacts/lateact/gate2/primary/0008_v2/right_to_left_next_new.pt	339303	1c25fac71bbe8b8c2fb1028b221ed03bd7c2c2efb3ee4ecf1388f107788bede5	generated_latent_tensor	regenerable_with_pinned_code_configs_seeds_upstreams_and_GPU_exact_encoded_bytes_not_guaranteed
external_large_artifact	-	/mnt/NAS/data/hl5757/generated_artifacts/lateact/gate2/primary/0008_v2/right_to_left_next_old.mp4	1950616	92e1fad230972e01246ff611497982bf44b3008b5ee4988a56d6f3ce55c5742c	generated_video	regenerable_with_pinned_code_configs_seeds_upstreams_and_GPU_exact_encoded_bytes_not_guaranteed
external_large_artifact	-	/mnt/NAS/data/hl5757/generated_artifacts/lateact/gate2/primary/0008_v2/right_to_left_next_old.pt	339303	2862aafdde614f6008adabc900cae75a11eaf49a03c0e425b501594fbda7ab82	generated_latent_tensor	regenerable_with_pinned_code_configs_seeds_upstreams_and_GPU_exact_encoded_bytes_not_guaranteed
external_large_artifact	-	/mnt/NAS/data/hl5757/generated_artifacts/lateact/gate2/primary/0008_v2/right_to_left_old.mp4	1160136	6bd0b725bb896fff1823a1746f2efec822124eb76411d38fec3864caf9b1df8c	generated_video	regenerable_with_pinned_code_configs_seeds_upstreams_and_GPU_exact_encoded_bytes_not_guaranteed
external_large_artifact	-	/mnt/NAS/data/hl5757/generated_artifacts/lateact/gate2/primary/0008_v2/right_to_left_old.pt	339150	8611cee288493c084e2562044b0b8ffd8932549ba09643085638e7f9aa53e91c	generated_latent_tensor	regenerable_with_pinned_code_configs_seeds_upstreams_and_GPU_exact_encoded_bytes_not_guaranteed
external_large_artifact	-	/mnt/NAS/data/hl5757/generated_artifacts/lateact/gate2/primary/0008_v3/left_to_right_direct_late.mp4	1185916	9b9bd338eedd9a6cfb1194832fdd62248208345df177dc742eb7a334c6d4fff1	generated_video	regenerable_with_pinned_code_configs_seeds_upstreams_and_GPU_exact_encoded_bytes_not_guaranteed
external_large_artifact	-	/mnt/NAS/data/hl5757/generated_artifacts/lateact/gate2/primary/0008_v3/left_to_right_direct_late.pt	339318	ae9a3abf2b70d94e3b69ec2ee13e4a63d867950254abd0b2ca1393ebd5b7174f	generated_latent_tensor	regenerable_with_pinned_code_configs_seeds_upstreams_and_GPU_exact_encoded_bytes_not_guaranteed
external_large_artifact	-	/mnt/NAS/data/hl5757/generated_artifacts/lateact/gate2/primary/0008_v3/left_to_right_lateact.mp4	1172538	284201bf702fa770079e020302c899aac205c5b96953f2c1af637cbc709db348	generated_video	regenerable_with_pinned_code_configs_seeds_upstreams_and_GPU_exact_encoded_bytes_not_guaranteed
external_large_artifact	-	/mnt/NAS/data/hl5757/generated_artifacts/lateact/gate2/primary/0008_v3/left_to_right_lateact.pt	339234	e56c3e32fc480d001f043e8c0a827f37531ecbbc8662694919be260edf732d8b	generated_latent_tensor	regenerable_with_pinned_code_configs_seeds_upstreams_and_GPU_exact_encoded_bytes_not_guaranteed
external_large_artifact	-	/mnt/NAS/data/hl5757/generated_artifacts/lateact/gate2/primary/0008_v3/left_to_right_new_oracle.mp4	1171306	4d8bbd39c4ebc7cde11bf8d2bb85edc9718533d59f1e1f703b74c7556535a1d3	generated_video	regenerable_with_pinned_code_configs_seeds_upstreams_and_GPU_exact_encoded_bytes_not_guaranteed
external_large_artifact	-	/mnt/NAS/data/hl5757/generated_artifacts/lateact/gate2/primary/0008_v3/left_to_right_new_oracle.pt	339313	b2d56b3a36a7e78c8a47b0bb4dc83fecbe893b719e01b2335680c81becad65a8	generated_latent_tensor	regenerable_with_pinned_code_configs_seeds_upstreams_and_GPU_exact_encoded_bytes_not_guaranteed
external_large_artifact	-	/mnt/NAS/data/hl5757/generated_artifacts/lateact/gate2/primary/0008_v3/left_to_right_next_new.mp4	1946889	032735e2a07175ef504677eccf80a00b21720a444eb5132a26300ca6aa04cd90	generated_video	regenerable_with_pinned_code_configs_seeds_upstreams_and_GPU_exact_encoded_bytes_not_guaranteed
external_large_artifact	-	/mnt/NAS/data/hl5757/generated_artifacts/lateact/gate2/primary/0008_v3/left_to_right_next_new.pt	339303	74c6cf2019f6fdadf8b73a754f65c9bc7139c07da0072ed6c1d6fc8044b122f8	generated_latent_tensor	regenerable_with_pinned_code_configs_seeds_upstreams_and_GPU_exact_encoded_bytes_not_guaranteed
external_large_artifact	-	/mnt/NAS/data/hl5757/generated_artifacts/lateact/gate2/primary/0008_v3/left_to_right_next_old.mp4	1884597	e69c3cdc0ff303d16a759dd0530ebe411b94de3124b4bb9ac603af7acf8337d3	generated_video	regenerable_with_pinned_code_configs_seeds_upstreams_and_GPU_exact_encoded_bytes_not_guaranteed
external_large_artifact	-	/mnt/NAS/data/hl5757/generated_artifacts/lateact/gate2/primary/0008_v3/left_to_right_next_old.pt	339303	3e6de07bd183d53d564efc794db77e40cb0449e3f5c2d8165c74340d5abbd5f9	generated_latent_tensor	regenerable_with_pinned_code_configs_seeds_upstreams_and_GPU_exact_encoded_bytes_not_guaranteed
external_large_artifact	-	/mnt/NAS/data/hl5757/generated_artifacts/lateact/gate2/primary/0008_v3/left_to_right_old.mp4	1166831	3e79eae35c060544f1f2e2170ca868a2c7aff8e5fe405202f29552061d38c063	generated_video	regenerable_with_pinned_code_configs_seeds_upstreams_and_GPU_exact_encoded_bytes_not_guaranteed
external_large_artifact	-	/mnt/NAS/data/hl5757/generated_artifacts/lateact/gate2/primary/0008_v3/left_to_right_old.pt	339150	29f3e61af90473f8d2aa054636245a634670b1b44d147a337faffe5da7fb7b60	generated_latent_tensor	regenerable_with_pinned_code_configs_seeds_upstreams_and_GPU_exact_encoded_bytes_not_guaranteed
external_large_artifact	-	/mnt/NAS/data/hl5757/generated_artifacts/lateact/gate2/primary/0008_v3/right_to_left_direct_late.mp4	1274204	51ac2d53541302ca622bec7454b22a71b6c435f687725f42cab507ea07bce0cd	generated_video	regenerable_with_pinned_code_configs_seeds_upstreams_and_GPU_exact_encoded_bytes_not_guaranteed
external_large_artifact	-	/mnt/NAS/data/hl5757/generated_artifacts/lateact/gate2/primary/0008_v3/right_to_left_direct_late.pt	339318	0d384f597aa44cb36cb456899c941d5f1041e22491354d94929967a73058e4c8	generated_latent_tensor	regenerable_with_pinned_code_configs_seeds_upstreams_and_GPU_exact_encoded_bytes_not_guaranteed
external_large_artifact	-	/mnt/NAS/data/hl5757/generated_artifacts/lateact/gate2/primary/0008_v3/right_to_left_lateact.mp4	1166743	6b57e07753fe72537f6953f1ce55d3c049358c3ba80cc2b109f8a7d90e3a1db8	generated_video	regenerable_with_pinned_code_configs_seeds_upstreams_and_GPU_exact_encoded_bytes_not_guaranteed
external_large_artifact	-	/mnt/NAS/data/hl5757/generated_artifacts/lateact/gate2/primary/0008_v3/right_to_left_lateact.pt	339234	4538fd6a284b9636a17f82c0eee255359741b259917c54ec9d43fd832b114fc5	generated_latent_tensor	regenerable_with_pinned_code_configs_seeds_upstreams_and_GPU_exact_encoded_bytes_not_guaranteed
external_large_artifact	-	/mnt/NAS/data/hl5757/generated_artifacts/lateact/gate2/primary/0008_v3/right_to_left_new_oracle.mp4	1166831	3e79eae35c060544f1f2e2170ca868a2c7aff8e5fe405202f29552061d38c063	generated_video	regenerable_with_pinned_code_configs_seeds_upstreams_and_GPU_exact_encoded_bytes_not_guaranteed
external_large_artifact	-	/mnt/NAS/data/hl5757/generated_artifacts/lateact/gate2/primary/0008_v3/right_to_left_new_oracle.pt	339313	440c5e80559fe0560e385992f1a679c01e84c5a1409ea167fa197a637f359405	generated_latent_tensor	regenerable_with_pinned_code_configs_seeds_upstreams_and_GPU_exact_encoded_bytes_not_guaranteed
external_large_artifact	-	/mnt/NAS/data/hl5757/generated_artifacts/lateact/gate2/primary/0008_v3/right_to_left_next_new.mp4	1965761	0834935183dc7e95837b8af70c490a1fed6e91cd3a92e628d795dea61b0f2378	generated_video	regenerable_with_pinned_code_configs_seeds_upstreams_and_GPU_exact_encoded_bytes_not_guaranteed
external_large_artifact	-	/mnt/NAS/data/hl5757/generated_artifacts/lateact/gate2/primary/0008_v3/right_to_left_next_new.pt	339303	48c11c07fd3bcc6fa185b38e077ad6cf1db7900f7ea00300f0749dbe1f8e389f	generated_latent_tensor	regenerable_with_pinned_code_configs_seeds_upstreams_and_GPU_exact_encoded_bytes_not_guaranteed
external_large_artifact	-	/mnt/NAS/data/hl5757/generated_artifacts/lateact/gate2/primary/0008_v3/right_to_left_next_old.mp4	1952340	0c187e50d5981b7812f39d2a35992c6858aa6cb0e7456a4d0d9db4b413863625	generated_video	regenerable_with_pinned_code_configs_seeds_upstreams_and_GPU_exact_encoded_bytes_not_guaranteed
external_large_artifact	-	/mnt/NAS/data/hl5757/generated_artifacts/lateact/gate2/primary/0008_v3/right_to_left_next_old.pt	339303	a5031dbbf812a98e3af3c3d1d575f989a94037d190bcf06a3e890adcdbd6eafb	generated_latent_tensor	regenerable_with_pinned_code_configs_seeds_upstreams_and_GPU_exact_encoded_bytes_not_guaranteed
external_large_artifact	-	/mnt/NAS/data/hl5757/generated_artifacts/lateact/gate2/primary/0008_v3/right_to_left_old.mp4	1171306	4d8bbd39c4ebc7cde11bf8d2bb85edc9718533d59f1e1f703b74c7556535a1d3	generated_video	regenerable_with_pinned_code_configs_seeds_upstreams_and_GPU_exact_encoded_bytes_not_guaranteed
external_large_artifact	-	/mnt/NAS/data/hl5757/generated_artifacts/lateact/gate2/primary/0008_v3/right_to_left_old.pt	339150	7fa8932a3eb2a607fbeaf931d79efab2758f86bb5028266d49c0857a993fb861	generated_latent_tensor	regenerable_with_pinned_code_configs_seeds_upstreams_and_GPU_exact_encoded_bytes_not_guaranteed
external_large_artifact	-	/mnt/NAS/data/hl5757/generated_artifacts/lateact/gate2/primary/0009_v0/left_to_right_direct_late.mp4	1118731	1afea24dba74953bb385c05122d9711eab25af18b1ab29ba4eabb2b61f00181d	generated_video	regenerable_with_pinned_code_configs_seeds_upstreams_and_GPU_exact_encoded_bytes_not_guaranteed
external_large_artifact	-	/mnt/NAS/data/hl5757/generated_artifacts/lateact/gate2/primary/0009_v0/left_to_right_direct_late.pt	339318	eb326040e5f3358616b0778df6158496ff14ae9a93c64997be32b1d557e2a1f2	generated_latent_tensor	regenerable_with_pinned_code_configs_seeds_upstreams_and_GPU_exact_encoded_bytes_not_guaranteed
external_large_artifact	-	/mnt/NAS/data/hl5757/generated_artifacts/lateact/gate2/primary/0009_v0/left_to_right_lateact.mp4	1120522	c9a9ae7d7f8121239c21f9eb486f9ad3a576c45fc9aa61f138480ffdfcfc0673	generated_video	regenerable_with_pinned_code_configs_seeds_upstreams_and_GPU_exact_encoded_bytes_not_guaranteed
external_large_artifact	-	/mnt/NAS/data/hl5757/generated_artifacts/lateact/gate2/primary/0009_v0/left_to_right_lateact.pt	339234	4ede3506ff0db45fdac1740e40ccc956b9b671c0698067676e8475bf9aa5c131	generated_latent_tensor	regenerable_with_pinned_code_configs_seeds_upstreams_and_GPU_exact_encoded_bytes_not_guaranteed
external_large_artifact	-	/mnt/NAS/data/hl5757/generated_artifacts/lateact/gate2/primary/0009_v0/left_to_right_new_oracle.mp4	1115704	b0e69ac4ad40bf5a3fa4f93d487f1e5b9135c7c76858261328781df89fbf4627	generated_video	regenerable_with_pinned_code_configs_seeds_upstreams_and_GPU_exact_encoded_bytes_not_guaranteed
external_large_artifact	-	/mnt/NAS/data/hl5757/generated_artifacts/lateact/gate2/primary/0009_v0/left_to_right_new_oracle.pt	339313	6da259120e738e3b48b85bedd7ff00c24ab05abb5a5220f2550e83ff34da6426	generated_latent_tensor	regenerable_with_pinned_code_configs_seeds_upstreams_and_GPU_exact_encoded_bytes_not_guaranteed
external_large_artifact	-	/mnt/NAS/data/hl5757/generated_artifacts/lateact/gate2/primary/0009_v0/left_to_right_next_new.mp4	1873195	8f68709c264314c1b77b31e650abed37d862bf41c07621189de67fa859f070a3	generated_video	regenerable_with_pinned_code_configs_seeds_upstreams_and_GPU_exact_encoded_bytes_not_guaranteed
external_large_artifact	-	/mnt/NAS/data/hl5757/generated_artifacts/lateact/gate2/primary/0009_v0/left_to_right_next_new.pt	339303	c72dd74bce05d4baa4d6943bdd45c5b2bd26e7bf56134f40f8026f3ac30f8fb2	generated_latent_tensor	regenerable_with_pinned_code_configs_seeds_upstreams_and_GPU_exact_encoded_bytes_not_guaranteed
external_large_artifact	-	/mnt/NAS/data/hl5757/generated_artifacts/lateact/gate2/primary/0009_v0/left_to_right_next_old.mp4	1872155	4ccc89f99b35a9c18fb1a745d5006bf794e1cfcea91810874d0fd088320131c9	generated_video	regenerable_with_pinned_code_configs_seeds_upstreams_and_GPU_exact_encoded_bytes_not_guaranteed
external_large_artifact	-	/mnt/NAS/data/hl5757/generated_artifacts/lateact/gate2/primary/0009_v0/left_to_right_next_old.pt	339303	74cd5678b0194edf93e6e1ed0ed93c6aa211679dbc0a36bb459ad99b46593c24	generated_latent_tensor	regenerable_with_pinned_code_configs_seeds_upstreams_and_GPU_exact_encoded_bytes_not_guaranteed
external_large_artifact	-	/mnt/NAS/data/hl5757/generated_artifacts/lateact/gate2/primary/0009_v0/left_to_right_old.mp4	1111248	dbddca5a0799a10c6f4c161511bccab5b587ac115333ce3ddee4928a0bb38af0	generated_video	regenerable_with_pinned_code_configs_seeds_upstreams_and_GPU_exact_encoded_bytes_not_guaranteed
external_large_artifact	-	/mnt/NAS/data/hl5757/generated_artifacts/lateact/gate2/primary/0009_v0/left_to_right_old.pt	339150	49391627c4806eb51975b04a4c275f0ed3cfbde84649c278c3b72fbb5a6f01eb	generated_latent_tensor	regenerable_with_pinned_code_configs_seeds_upstreams_and_GPU_exact_encoded_bytes_not_guaranteed
external_large_artifact	-	/mnt/NAS/data/hl5757/generated_artifacts/lateact/gate2/primary/0009_v0/right_to_left_direct_late.mp4	1141896	ba9f0fd07ac5104776e8cbac591448adcbf7371836b4b5416ac4c21b31ae3eac	generated_video	regenerable_with_pinned_code_configs_seeds_upstreams_and_GPU_exact_encoded_bytes_not_guaranteed
external_large_artifact	-	/mnt/NAS/data/hl5757/generated_artifacts/lateact/gate2/primary/0009_v0/right_to_left_direct_late.pt	339318	c231240a5e5029ebf9689f967883bb79a7d7fff12b147d15b68aababe6f1a46b	generated_latent_tensor	regenerable_with_pinned_code_configs_seeds_upstreams_and_GPU_exact_encoded_bytes_not_guaranteed
external_large_artifact	-	/mnt/NAS/data/hl5757/generated_artifacts/lateact/gate2/primary/0009_v0/right_to_left_lateact.mp4	1121968	783620017e800e382f014a31a65261161a0cbc8e9747e0436bc61d722b8606e1	generated_video	regenerable_with_pinned_code_configs_seeds_upstreams_and_GPU_exact_encoded_bytes_not_guaranteed
external_large_artifact	-	/mnt/NAS/data/hl5757/generated_artifacts/lateact/gate2/primary/0009_v0/right_to_left_lateact.pt	339234	bbdbfc1eb7a25c8fc4805e41dba3faa39cbafd553e04c7e3573f321ed3bd8ecc	generated_latent_tensor	regenerable_with_pinned_code_configs_seeds_upstreams_and_GPU_exact_encoded_bytes_not_guaranteed
external_large_artifact	-	/mnt/NAS/data/hl5757/generated_artifacts/lateact/gate2/primary/0009_v0/right_to_left_new_oracle.mp4	1111248	dbddca5a0799a10c6f4c161511bccab5b587ac115333ce3ddee4928a0bb38af0	generated_video	regenerable_with_pinned_code_configs_seeds_upstreams_and_GPU_exact_encoded_bytes_not_guaranteed
external_large_artifact	-	/mnt/NAS/data/hl5757/generated_artifacts/lateact/gate2/primary/0009_v0/right_to_left_new_oracle.pt	339313	1a887559ecacdda1a544baaff9b5abd4d9313d54c0b0a58e05ce474a1a16df6a	generated_latent_tensor	regenerable_with_pinned_code_configs_seeds_upstreams_and_GPU_exact_encoded_bytes_not_guaranteed
external_large_artifact	-	/mnt/NAS/data/hl5757/generated_artifacts/lateact/gate2/primary/0009_v0/right_to_left_next_new.mp4	1880910	0b7962cd52dfe50c6196119a244547dc9448d198b055b9d718eb48c4dfbfeb8a	generated_video	regenerable_with_pinned_code_configs_seeds_upstreams_and_GPU_exact_encoded_bytes_not_guaranteed
external_large_artifact	-	/mnt/NAS/data/hl5757/generated_artifacts/lateact/gate2/primary/0009_v0/right_to_left_next_new.pt	339303	21f33578bdf18632150049b410c98a8843e1eaadca573e9e7d020befdaa0dc4a	generated_latent_tensor	regenerable_with_pinned_code_configs_seeds_upstreams_and_GPU_exact_encoded_bytes_not_guaranteed
external_large_artifact	-	/mnt/NAS/data/hl5757/generated_artifacts/lateact/gate2/primary/0009_v0/right_to_left_next_old.mp4	1861919	523555b070ba247e707e58719e0caf34885c29ca358d6a26bb9b41fb5b71a447	generated_video	regenerable_with_pinned_code_configs_seeds_upstreams_and_GPU_exact_encoded_bytes_not_guaranteed
external_large_artifact	-	/mnt/NAS/data/hl5757/generated_artifacts/lateact/gate2/primary/0009_v0/right_to_left_next_old.pt	339303	969eeff1ee5137e725f1b864c823254d621479cb692f109cfc67a01c7e4e6f0d	generated_latent_tensor	regenerable_with_pinned_code_configs_seeds_upstreams_and_GPU_exact_encoded_bytes_not_guaranteed
external_large_artifact	-	/mnt/NAS/data/hl5757/generated_artifacts/lateact/gate2/primary/0009_v0/right_to_left_old.mp4	1115704	b0e69ac4ad40bf5a3fa4f93d487f1e5b9135c7c76858261328781df89fbf4627	generated_video	regenerable_with_pinned_code_configs_seeds_upstreams_and_GPU_exact_encoded_bytes_not_guaranteed
external_large_artifact	-	/mnt/NAS/data/hl5757/generated_artifacts/lateact/gate2/primary/0009_v0/right_to_left_old.pt	339150	6e3e37c558ec75dfafec4a94a434b2f487c23fb650ee4c803641b90f3aa0c677	generated_latent_tensor	regenerable_with_pinned_code_configs_seeds_upstreams_and_GPU_exact_encoded_bytes_not_guaranteed
external_large_artifact	-	/mnt/NAS/data/hl5757/generated_artifacts/lateact/gate2/primary/0009_v1/left_to_right_direct_late.mp4	1091015	5292c7cedfa4ed78526a5aeb4101c138d5bdf4098a56ff3237605f4c730ef48f	generated_video	regenerable_with_pinned_code_configs_seeds_upstreams_and_GPU_exact_encoded_bytes_not_guaranteed
external_large_artifact	-	/mnt/NAS/data/hl5757/generated_artifacts/lateact/gate2/primary/0009_v1/left_to_right_direct_late.pt	339318	eed70b033f979baa26e4e1210ef96e6a4afe25098370bb43541b4fd2ff309354	generated_latent_tensor	regenerable_with_pinned_code_configs_seeds_upstreams_and_GPU_exact_encoded_bytes_not_guaranteed
external_large_artifact	-	/mnt/NAS/data/hl5757/generated_artifacts/lateact/gate2/primary/0009_v1/left_to_right_lateact.mp4	1097056	76707f3cf4905085ab1dbfe4ff53fb15b5e32f71c1b33fb2e5816b4a44f73474	generated_video	regenerable_with_pinned_code_configs_seeds_upstreams_and_GPU_exact_encoded_bytes_not_guaranteed
external_large_artifact	-	/mnt/NAS/data/hl5757/generated_artifacts/lateact/gate2/primary/0009_v1/left_to_right_lateact.pt	339234	181b5b588e55dde262c3540eded13f726577899fcfbc94a86ae90e4b71023e1d	generated_latent_tensor	regenerable_with_pinned_code_configs_seeds_upstreams_and_GPU_exact_encoded_bytes_not_guaranteed
external_large_artifact	-	/mnt/NAS/data/hl5757/generated_artifacts/lateact/gate2/primary/0009_v1/left_to_right_new_oracle.mp4	1096268	a37bf62a8ae8d9d2cd15ce767eac5a84b2bdfb52932f6212637c18b92b5a8a9e	generated_video	regenerable_with_pinned_code_configs_seeds_upstreams_and_GPU_exact_encoded_bytes_not_guaranteed
external_large_artifact	-	/mnt/NAS/data/hl5757/generated_artifacts/lateact/gate2/primary/0009_v1/left_to_right_new_oracle.pt	339313	a4aa2f0f83e3af2d49a75baf93f741a22b0d29dfb55f2550b974b373384a3375	generated_latent_tensor	regenerable_with_pinned_code_configs_seeds_upstreams_and_GPU_exact_encoded_bytes_not_guaranteed
external_large_artifact	-	/mnt/NAS/data/hl5757/generated_artifacts/lateact/gate2/primary/0009_v1/left_to_right_next_new.mp4	1836694	a5b0cfa177c56a7f36be5cfc959d6df55643db2261ae8f90a6c4bddeb50e7182	generated_video	regenerable_with_pinned_code_configs_seeds_upstreams_and_GPU_exact_encoded_bytes_not_guaranteed
external_large_artifact	-	/mnt/NAS/data/hl5757/generated_artifacts/lateact/gate2/primary/0009_v1/left_to_right_next_new.pt	339303	9136139c052adf5e2d7f0c420b6eeaad0f8a326ab1c305b84c901adbe7b227cf	generated_latent_tensor	regenerable_with_pinned_code_configs_seeds_upstreams_and_GPU_exact_encoded_bytes_not_guaranteed
external_large_artifact	-	/mnt/NAS/data/hl5757/generated_artifacts/lateact/gate2/primary/0009_v1/left_to_right_next_old.mp4	1846849	2989c90288bcf1347127648af8ddd98fe743161c74c032220d8d1cb801e08594	generated_video	regenerable_with_pinned_code_configs_seeds_upstreams_and_GPU_exact_encoded_bytes_not_guaranteed
external_large_artifact	-	/mnt/NAS/data/hl5757/generated_artifacts/lateact/gate2/primary/0009_v1/left_to_right_next_old.pt	339303	43dee7671b8d17236155cea84eb8385e67acf2c635271ed9598be88cb841f57d	generated_latent_tensor	regenerable_with_pinned_code_configs_seeds_upstreams_and_GPU_exact_encoded_bytes_not_guaranteed
external_large_artifact	-	/mnt/NAS/data/hl5757/generated_artifacts/lateact/gate2/primary/0009_v1/left_to_right_old.mp4	1084051	01682c39517aa5caca9db208185e2f74ccdd71f8596d8021c4026cbe3638c9b6	generated_video	regenerable_with_pinned_code_configs_seeds_upstreams_and_GPU_exact_encoded_bytes_not_guaranteed
external_large_artifact	-	/mnt/NAS/data/hl5757/generated_artifacts/lateact/gate2/primary/0009_v1/left_to_right_old.pt	339150	50f32a0be6ab9a9a7e63d37a7fc5e34330c33e1da10043433737b012c7855b00	generated_latent_tensor	regenerable_with_pinned_code_configs_seeds_upstreams_and_GPU_exact_encoded_bytes_not_guaranteed
external_large_artifact	-	/mnt/NAS/data/hl5757/generated_artifacts/lateact/gate2/primary/0009_v1/right_to_left_direct_late.mp4	1114904	f58dc9ad7b73741923455c4c2c4c4c342254636e69175ee6686b0d4a1a752a36	generated_video	regenerable_with_pinned_code_configs_seeds_upstreams_and_GPU_exact_encoded_bytes_not_guaranteed
external_large_artifact	-	/mnt/NAS/data/hl5757/generated_artifacts/lateact/gate2/primary/0009_v1/right_to_left_direct_late.pt	339318	dea25613612a27503c49b6a6370b12aabcf75d3f7e6a845884166e24c51c9e59	generated_latent_tensor	regenerable_with_pinned_code_configs_seeds_upstreams_and_GPU_exact_encoded_bytes_not_guaranteed
external_large_artifact	-	/mnt/NAS/data/hl5757/generated_artifacts/lateact/gate2/primary/0009_v1/right_to_left_lateact.mp4	1088566	727bb91d6c07dc0ca04cc70084f7c92aa85455b86cdac7be704e5209708fd507	generated_video	regenerable_with_pinned_code_configs_seeds_upstreams_and_GPU_exact_encoded_bytes_not_guaranteed
external_large_artifact	-	/mnt/NAS/data/hl5757/generated_artifacts/lateact/gate2/primary/0009_v1/right_to_left_lateact.pt	339234	e973209da2b561f45c98392aded9b61009ac899cede86a14724fd1952e699c2e	generated_latent_tensor	regenerable_with_pinned_code_configs_seeds_upstreams_and_GPU_exact_encoded_bytes_not_guaranteed
external_large_artifact	-	/mnt/NAS/data/hl5757/generated_artifacts/lateact/gate2/primary/0009_v1/right_to_left_new_oracle.mp4	1084051	01682c39517aa5caca9db208185e2f74ccdd71f8596d8021c4026cbe3638c9b6	generated_video	regenerable_with_pinned_code_configs_seeds_upstreams_and_GPU_exact_encoded_bytes_not_guaranteed
external_large_artifact	-	/mnt/NAS/data/hl5757/generated_artifacts/lateact/gate2/primary/0009_v1/right_to_left_new_oracle.pt	339313	994ea7f1f39c8a702042a29efb09590dbacb723163a9173105ec49fc1be30dea	generated_latent_tensor	regenerable_with_pinned_code_configs_seeds_upstreams_and_GPU_exact_encoded_bytes_not_guaranteed
external_large_artifact	-	/mnt/NAS/data/hl5757/generated_artifacts/lateact/gate2/primary/0009_v1/right_to_left_next_new.mp4	1867642	e7c3667f5a718c5e5f601d7e52bf992bd052c99b8bb95cdda979fc4db0fb1641	generated_video	regenerable_with_pinned_code_configs_seeds_upstreams_and_GPU_exact_encoded_bytes_not_guaranteed
external_large_artifact	-	/mnt/NAS/data/hl5757/generated_artifacts/lateact/gate2/primary/0009_v1/right_to_left_next_new.pt	339303	3baca978ff37c2ca012131137025e8e7be389065cb39ead0a1eb9ba6f7f4b375	generated_latent_tensor	regenerable_with_pinned_code_configs_seeds_upstreams_and_GPU_exact_encoded_bytes_not_guaranteed
external_large_artifact	-	/mnt/NAS/data/hl5757/generated_artifacts/lateact/gate2/primary/0009_v1/right_to_left_next_old.mp4	1888948	98b6d00e801f464f296254f1585ef68d3b6a06a0056dcb8615f1ac0af6c13246	generated_video	regenerable_with_pinned_code_configs_seeds_upstreams_and_GPU_exact_encoded_bytes_not_guaranteed
external_large_artifact	-	/mnt/NAS/data/hl5757/generated_artifacts/lateact/gate2/primary/0009_v1/right_to_left_next_old.pt	339303	bb72e008786144a7deaba1ec2c06ed9fa8b5be4272a647453f1a229e9932066d	generated_latent_tensor	regenerable_with_pinned_code_configs_seeds_upstreams_and_GPU_exact_encoded_bytes_not_guaranteed
external_large_artifact	-	/mnt/NAS/data/hl5757/generated_artifacts/lateact/gate2/primary/0009_v1/right_to_left_old.mp4	1096268	a37bf62a8ae8d9d2cd15ce767eac5a84b2bdfb52932f6212637c18b92b5a8a9e	generated_video	regenerable_with_pinned_code_configs_seeds_upstreams_and_GPU_exact_encoded_bytes_not_guaranteed
external_large_artifact	-	/mnt/NAS/data/hl5757/generated_artifacts/lateact/gate2/primary/0009_v1/right_to_left_old.pt	339150	1b92406ad6b197277838cfa7628186d9ceadc953ceb4de47bdf4043c80927dcd	generated_latent_tensor	regenerable_with_pinned_code_configs_seeds_upstreams_and_GPU_exact_encoded_bytes_not_guaranteed
external_large_artifact	-	/mnt/NAS/data/hl5757/generated_artifacts/lateact/gate2/primary/0009_v2/left_to_right_direct_late.mp4	1102352	fdae7f1e9fdf3019145d99d185f814e18c88a2d84809e45287e3c808f425c829	generated_video	regenerable_with_pinned_code_configs_seeds_upstreams_and_GPU_exact_encoded_bytes_not_guaranteed
external_large_artifact	-	/mnt/NAS/data/hl5757/generated_artifacts/lateact/gate2/primary/0009_v2/left_to_right_direct_late.pt	339318	7278bc023dac27b37a61aff1be43ba2639657dc09f10bb21ef1280d4b67bc360	generated_latent_tensor	regenerable_with_pinned_code_configs_seeds_upstreams_and_GPU_exact_encoded_bytes_not_guaranteed
external_large_artifact	-	/mnt/NAS/data/hl5757/generated_artifacts/lateact/gate2/primary/0009_v2/left_to_right_lateact.mp4	1108064	abe96bbbbe13234ed3382aab964c230ad2d72ae830e067b420d001ee1af01870	generated_video	regenerable_with_pinned_code_configs_seeds_upstreams_and_GPU_exact_encoded_bytes_not_guaranteed
external_large_artifact	-	/mnt/NAS/data/hl5757/generated_artifacts/lateact/gate2/primary/0009_v2/left_to_right_lateact.pt	339234	cdf3e9cdb7326057a5d7a99584802703fc1e03bccff3377a2435017b5b01ce7a	generated_latent_tensor	regenerable_with_pinned_code_configs_seeds_upstreams_and_GPU_exact_encoded_bytes_not_guaranteed
external_large_artifact	-	/mnt/NAS/data/hl5757/generated_artifacts/lateact/gate2/primary/0009_v2/left_to_right_new_oracle.mp4	1106393	95e130ae76c0cfeee8535bd64269833499c651350d18d60ffc4acebae1a6ec0a	generated_video	regenerable_with_pinned_code_configs_seeds_upstreams_and_GPU_exact_encoded_bytes_not_guaranteed
external_large_artifact	-	/mnt/NAS/data/hl5757/generated_artifacts/lateact/gate2/primary/0009_v2/left_to_right_new_oracle.pt	339313	83c87a617b1ee269e035d87f9225d6f8562e342b7691dd1502233cec6567f03c	generated_latent_tensor	regenerable_with_pinned_code_configs_seeds_upstreams_and_GPU_exact_encoded_bytes_not_guaranteed
external_large_artifact	-	/mnt/NAS/data/hl5757/generated_artifacts/lateact/gate2/primary/0009_v2/left_to_right_next_new.mp4	1858725	cb1a40bb43af48741137a0b9f02c3ad18e77d43ad6a8b3e59b9c8c905f5ca66a	generated_video	regenerable_with_pinned_code_configs_seeds_upstreams_and_GPU_exact_encoded_bytes_not_guaranteed
external_large_artifact	-	/mnt/NAS/data/hl5757/generated_artifacts/lateact/gate2/primary/0009_v2/left_to_right_next_new.pt	339303	7333ad4564a5df45d965f9c57498ebbf350998e5e6ed5f50fd8c0eccdffbb66d	generated_latent_tensor	regenerable_with_pinned_code_configs_seeds_upstreams_and_GPU_exact_encoded_bytes_not_guaranteed
external_large_artifact	-	/mnt/NAS/data/hl5757/generated_artifacts/lateact/gate2/primary/0009_v2/left_to_right_next_old.mp4	1873525	cc2b0c60019af89086c3bdc1189fadc1cadbda222cb113f699bfa29b523f65bc	generated_video	regenerable_with_pinned_code_configs_seeds_upstreams_and_GPU_exact_encoded_bytes_not_guaranteed
external_large_artifact	-	/mnt/NAS/data/hl5757/generated_artifacts/lateact/gate2/primary/0009_v2/left_to_right_next_old.pt	339303	087b2fcc158d564dc7f15698f93e99c8e578936fa6fc93f289a216e07fe57df1	generated_latent_tensor	regenerable_with_pinned_code_configs_seeds_upstreams_and_GPU_exact_encoded_bytes_not_guaranteed
external_large_artifact	-	/mnt/NAS/data/hl5757/generated_artifacts/lateact/gate2/primary/0009_v2/left_to_right_old.mp4	1095557	725228cd1ec88c8ab19c4ab7efb0e5fde44c96b40985ae8613ee6bd82f16633d	generated_video	regenerable_with_pinned_code_configs_seeds_upstreams_and_GPU_exact_encoded_bytes_not_guaranteed
external_large_artifact	-	/mnt/NAS/data/hl5757/generated_artifacts/lateact/gate2/primary/0009_v2/left_to_right_old.pt	339150	bb96284c5ec805c621d8b92860e566f4ab50da186188248094847ceec3380f5d	generated_latent_tensor	regenerable_with_pinned_code_configs_seeds_upstreams_and_GPU_exact_encoded_bytes_not_guaranteed
external_large_artifact	-	/mnt/NAS/data/hl5757/generated_artifacts/lateact/gate2/primary/0009_v2/right_to_left_direct_late.mp4	1122365	19c4dc69948678d3b6bae0f3ff43316cee4a380da2578a036c8b55e100cd94ea	generated_video	regenerable_with_pinned_code_configs_seeds_upstreams_and_GPU_exact_encoded_bytes_not_guaranteed
external_large_artifact	-	/mnt/NAS/data/hl5757/generated_artifacts/lateact/gate2/primary/0009_v2/right_to_left_direct_late.pt	339318	13e84d469faa74653ffcdb893f524a79a015eed0529bb69c73662e644d8e09a7	generated_latent_tensor	regenerable_with_pinned_code_configs_seeds_upstreams_and_GPU_exact_encoded_bytes_not_guaranteed
external_large_artifact	-	/mnt/NAS/data/hl5757/generated_artifacts/lateact/gate2/primary/0009_v2/right_to_left_lateact.mp4	1100921	1326f76d2511a875f85954bb0b979a081ca8d78de82f16c7b82ed350a48894d9	generated_video	regenerable_with_pinned_code_configs_seeds_upstreams_and_GPU_exact_encoded_bytes_not_guaranteed
external_large_artifact	-	/mnt/NAS/data/hl5757/generated_artifacts/lateact/gate2/primary/0009_v2/right_to_left_lateact.pt	339234	0d37b420b67e68ead1c671c9e9efd4bb41bdb71413837b95257c06183f562b50	generated_latent_tensor	regenerable_with_pinned_code_configs_seeds_upstreams_and_GPU_exact_encoded_bytes_not_guaranteed
external_large_artifact	-	/mnt/NAS/data/hl5757/generated_artifacts/lateact/gate2/primary/0009_v2/right_to_left_new_oracle.mp4	1095557	725228cd1ec88c8ab19c4ab7efb0e5fde44c96b40985ae8613ee6bd82f16633d	generated_video	regenerable_with_pinned_code_configs_seeds_upstreams_and_GPU_exact_encoded_bytes_not_guaranteed
external_large_artifact	-	/mnt/NAS/data/hl5757/generated_artifacts/lateact/gate2/primary/0009_v2/right_to_left_new_oracle.pt	339313	35ca49242c6cf5c8e0534f2dc82f673146531bde0f3ea1d1f97b42f5758aae92	generated_latent_tensor	regenerable_with_pinned_code_configs_seeds_upstreams_and_GPU_exact_encoded_bytes_not_guaranteed
external_large_artifact	-	/mnt/NAS/data/hl5757/generated_artifacts/lateact/gate2/primary/0009_v2/right_to_left_next_new.mp4	1864232	eb4d6c5dc23f8c6be8d847cf91091b6708e3ffbf983d0f47f1285ee073d38ddb	generated_video	regenerable_with_pinned_code_configs_seeds_upstreams_and_GPU_exact_encoded_bytes_not_guaranteed
external_large_artifact	-	/mnt/NAS/data/hl5757/generated_artifacts/lateact/gate2/primary/0009_v2/right_to_left_next_new.pt	339303	dc4ad4582bf5bec4a33770d409da3a600497205329fcdfa2bd57091efec0e15b	generated_latent_tensor	regenerable_with_pinned_code_configs_seeds_upstreams_and_GPU_exact_encoded_bytes_not_guaranteed
external_large_artifact	-	/mnt/NAS/data/hl5757/generated_artifacts/lateact/gate2/primary/0009_v2/right_to_left_next_old.mp4	1860371	966210ad1cf7c2aab26409bdd9cf060a7cbebf9b5f400e70f6ff6eab3a7d93bc	generated_video	regenerable_with_pinned_code_configs_seeds_upstreams_and_GPU_exact_encoded_bytes_not_guaranteed
external_large_artifact	-	/mnt/NAS/data/hl5757/generated_artifacts/lateact/gate2/primary/0009_v2/right_to_left_next_old.pt	339303	90d3f7e1ab9092442bf3205508dd2f979f36f6b42b3fa512e82f1f6791dc2659	generated_latent_tensor	regenerable_with_pinned_code_configs_seeds_upstreams_and_GPU_exact_encoded_bytes_not_guaranteed
external_large_artifact	-	/mnt/NAS/data/hl5757/generated_artifacts/lateact/gate2/primary/0009_v2/right_to_left_old.mp4	1106393	95e130ae76c0cfeee8535bd64269833499c651350d18d60ffc4acebae1a6ec0a	generated_video	regenerable_with_pinned_code_configs_seeds_upstreams_and_GPU_exact_encoded_bytes_not_guaranteed
external_large_artifact	-	/mnt/NAS/data/hl5757/generated_artifacts/lateact/gate2/primary/0009_v2/right_to_left_old.pt	339150	eadebccc5a6a39f30fd2e958d43bbd35f1a9877be3a5cb0e67cf8e22f547b8d9	generated_latent_tensor	regenerable_with_pinned_code_configs_seeds_upstreams_and_GPU_exact_encoded_bytes_not_guaranteed
external_large_artifact	-	/mnt/NAS/data/hl5757/generated_artifacts/lateact/gate2/primary/0009_v3/left_to_right_direct_late.mp4	1100894	3b22fa3c83f2e7849e2e43efc81384c479a0f0fbfc74caac8cab3bc83a850299	generated_video	regenerable_with_pinned_code_configs_seeds_upstreams_and_GPU_exact_encoded_bytes_not_guaranteed
external_large_artifact	-	/mnt/NAS/data/hl5757/generated_artifacts/lateact/gate2/primary/0009_v3/left_to_right_direct_late.pt	339318	73605432f073bfcf6547d2092c33ac7c30006e84b0f931f9b25d1fc90e4481ef	generated_latent_tensor	regenerable_with_pinned_code_configs_seeds_upstreams_and_GPU_exact_encoded_bytes_not_guaranteed
external_large_artifact	-	/mnt/NAS/data/hl5757/generated_artifacts/lateact/gate2/primary/0009_v3/left_to_right_lateact.mp4	1116283	12698d749b6cf5470ba489eefc88e0fc1eea06025d3a25c3e7a093d32cfe4932	generated_video	regenerable_with_pinned_code_configs_seeds_upstreams_and_GPU_exact_encoded_bytes_not_guaranteed
external_large_artifact	-	/mnt/NAS/data/hl5757/generated_artifacts/lateact/gate2/primary/0009_v3/left_to_right_lateact.pt	339234	a24c539e4785761bca8f3a393e3ac82eee2e4804ac3c2c23af56bc69ab86c1d4	generated_latent_tensor	regenerable_with_pinned_code_configs_seeds_upstreams_and_GPU_exact_encoded_bytes_not_guaranteed
external_large_artifact	-	/mnt/NAS/data/hl5757/generated_artifacts/lateact/gate2/primary/0009_v3/left_to_right_new_oracle.mp4	1111115	7443063b7a8a0f1f134c232479e14c73871eafe36d4bc5d9be245193752e7ef8	generated_video	regenerable_with_pinned_code_configs_seeds_upstreams_and_GPU_exact_encoded_bytes_not_guaranteed
external_large_artifact	-	/mnt/NAS/data/hl5757/generated_artifacts/lateact/gate2/primary/0009_v3/left_to_right_new_oracle.pt	339313	db0d3351afc63d44b94dbec8daf83302700164ab22a3ce7aede9dfdf4cc4552d	generated_latent_tensor	regenerable_with_pinned_code_configs_seeds_upstreams_and_GPU_exact_encoded_bytes_not_guaranteed
external_large_artifact	-	/mnt/NAS/data/hl5757/generated_artifacts/lateact/gate2/primary/0009_v3/left_to_right_next_new.mp4	1863908	a4c7d0dc76bfd1b98ceb0c1b020109e5aec3e42a098a93c8aea3dd75b03aa405	generated_video	regenerable_with_pinned_code_configs_seeds_upstreams_and_GPU_exact_encoded_bytes_not_guaranteed
external_large_artifact	-	/mnt/NAS/data/hl5757/generated_artifacts/lateact/gate2/primary/0009_v3/left_to_right_next_new.pt	339303	021565169d945290140d39f077f65daa3ddfad9d7ce94c47de4f2749a80c3838	generated_latent_tensor	regenerable_with_pinned_code_configs_seeds_upstreams_and_GPU_exact_encoded_bytes_not_guaranteed
external_large_artifact	-	/mnt/NAS/data/hl5757/generated_artifacts/lateact/gate2/primary/0009_v3/left_to_right_next_old.mp4	1862688	4eed2b70a481640a180f90015f4f8270bb70417284583c09c1ae21044330e07f	generated_video	regenerable_with_pinned_code_configs_seeds_upstreams_and_GPU_exact_encoded_bytes_not_guaranteed
external_large_artifact	-	/mnt/NAS/data/hl5757/generated_artifacts/lateact/gate2/primary/0009_v3/left_to_right_next_old.pt	339303	db92ef784334ebad5a5432a4cf1dc9ad5eecb84cf7bd891b7cb5ff79c9907649	generated_latent_tensor	regenerable_with_pinned_code_configs_seeds_upstreams_and_GPU_exact_encoded_bytes_not_guaranteed
external_large_artifact	-	/mnt/NAS/data/hl5757/generated_artifacts/lateact/gate2/primary/0009_v3/left_to_right_old.mp4	1102263	8daa84be1aa910b4d8954d5773389f30e72745d5f33ce2ebfeae12644a36b3dd	generated_video	regenerable_with_pinned_code_configs_seeds_upstreams_and_GPU_exact_encoded_bytes_not_guaranteed
external_large_artifact	-	/mnt/NAS/data/hl5757/generated_artifacts/lateact/gate2/primary/0009_v3/left_to_right_old.pt	339150	05366e136130f6f7f6d3db0c5e9eda4b1e20e6befac024242f3bc4272cb23f15	generated_latent_tensor	regenerable_with_pinned_code_configs_seeds_upstreams_and_GPU_exact_encoded_bytes_not_guaranteed
external_large_artifact	-	/mnt/NAS/data/hl5757/generated_artifacts/lateact/gate2/primary/0009_v3/right_to_left_direct_late.mp4	1135853	d43937b0789548de4df1a77de7e4085313b07aee5a61940e8ffd0e2d48eb1c09	generated_video	regenerable_with_pinned_code_configs_seeds_upstreams_and_GPU_exact_encoded_bytes_not_guaranteed
external_large_artifact	-	/mnt/NAS/data/hl5757/generated_artifacts/lateact/gate2/primary/0009_v3/right_to_left_direct_late.pt	339318	88b6f6cffb1b168992ff72b2d3832956bb20c6ddf38ac1221f891da8ab019ea2	generated_latent_tensor	regenerable_with_pinned_code_configs_seeds_upstreams_and_GPU_exact_encoded_bytes_not_guaranteed
external_large_artifact	-	/mnt/NAS/data/hl5757/generated_artifacts/lateact/gate2/primary/0009_v3/right_to_left_lateact.mp4	1108618	d92f7e1aa632b5a6d5eee42a94f6dce6cc1a100feb19e45545b6e1b0dc462e65	generated_video	regenerable_with_pinned_code_configs_seeds_upstreams_and_GPU_exact_encoded_bytes_not_guaranteed
external_large_artifact	-	/mnt/NAS/data/hl5757/generated_artifacts/lateact/gate2/primary/0009_v3/right_to_left_lateact.pt	339234	c35162bbd3d2befa5addda3667b3c2850e8a6b5a4d3cdd44240cb135043f4328	generated_latent_tensor	regenerable_with_pinned_code_configs_seeds_upstreams_and_GPU_exact_encoded_bytes_not_guaranteed
external_large_artifact	-	/mnt/NAS/data/hl5757/generated_artifacts/lateact/gate2/primary/0009_v3/right_to_left_new_oracle.mp4	1102263	8daa84be1aa910b4d8954d5773389f30e72745d5f33ce2ebfeae12644a36b3dd	generated_video	regenerable_with_pinned_code_configs_seeds_upstreams_and_GPU_exact_encoded_bytes_not_guaranteed
external_large_artifact	-	/mnt/NAS/data/hl5757/generated_artifacts/lateact/gate2/primary/0009_v3/right_to_left_new_oracle.pt	339313	bdbd59f10de4d65b1d0c037618c630dc191e7d9db679e9da0aaa10fd6478ba60	generated_latent_tensor	regenerable_with_pinned_code_configs_seeds_upstreams_and_GPU_exact_encoded_bytes_not_guaranteed
external_large_artifact	-	/mnt/NAS/data/hl5757/generated_artifacts/lateact/gate2/primary/0009_v3/right_to_left_next_new.mp4	1868962	3de03f686a474b236a25d1b81cb97568b7537cee4c97a07730fe19ebda045f49	generated_video	regenerable_with_pinned_code_configs_seeds_upstreams_and_GPU_exact_encoded_bytes_not_guaranteed
external_large_artifact	-	/mnt/NAS/data/hl5757/generated_artifacts/lateact/gate2/primary/0009_v3/right_to_left_next_new.pt	339303	e6127d6d28a2c761f51a5f5fb7342776760106b794f6da62df9cc3a9ad73fa2f	generated_latent_tensor	regenerable_with_pinned_code_configs_seeds_upstreams_and_GPU_exact_encoded_bytes_not_guaranteed
external_large_artifact	-	/mnt/NAS/data/hl5757/generated_artifacts/lateact/gate2/primary/0009_v3/right_to_left_next_old.mp4	1855199	703a571387e88f2d0fdcdd9f8c1e1997d5f34d0ccb36399e8e30e4cebaeddf76	generated_video	regenerable_with_pinned_code_configs_seeds_upstreams_and_GPU_exact_encoded_bytes_not_guaranteed
external_large_artifact	-	/mnt/NAS/data/hl5757/generated_artifacts/lateact/gate2/primary/0009_v3/right_to_left_next_old.pt	339303	e72c67186b9b6814d99e0303ad89fc61a939d903b8949bc348da45feeba6d32f	generated_latent_tensor	regenerable_with_pinned_code_configs_seeds_upstreams_and_GPU_exact_encoded_bytes_not_guaranteed
external_large_artifact	-	/mnt/NAS/data/hl5757/generated_artifacts/lateact/gate2/primary/0009_v3/right_to_left_old.mp4	1111115	7443063b7a8a0f1f134c232479e14c73871eafe36d4bc5d9be245193752e7ef8	generated_video	regenerable_with_pinned_code_configs_seeds_upstreams_and_GPU_exact_encoded_bytes_not_guaranteed
external_large_artifact	-	/mnt/NAS/data/hl5757/generated_artifacts/lateact/gate2/primary/0009_v3/right_to_left_old.pt	339150	aa67c87321724f182704f38305b02a67b41ba0bbe2a324a42548150c0c629920	generated_latent_tensor	regenerable_with_pinned_code_configs_seeds_upstreams_and_GPU_exact_encoded_bytes_not_guaranteed
external_large_artifact	-	/mnt/NAS/data/hl5757/generated_artifacts/lateact/gate2/primary/0010_v0/left_to_right_direct_late.mp4	1070981	949036cfb32e6cf47e8f760f7d8dd4ff770b6e5fe6a0eba6495fe1c7ca08fa94	generated_video	regenerable_with_pinned_code_configs_seeds_upstreams_and_GPU_exact_encoded_bytes_not_guaranteed
external_large_artifact	-	/mnt/NAS/data/hl5757/generated_artifacts/lateact/gate2/primary/0010_v0/left_to_right_direct_late.pt	339318	1560b83bb757f4a286cdd85518eb8cc030d3cb8305a93ed01851c1f647571901	generated_latent_tensor	regenerable_with_pinned_code_configs_seeds_upstreams_and_GPU_exact_encoded_bytes_not_guaranteed
external_large_artifact	-	/mnt/NAS/data/hl5757/generated_artifacts/lateact/gate2/primary/0010_v0/left_to_right_lateact.mp4	954365	387d0d52b86d0288daf5a4fed6eb8a03773fa1984f12017596cbc5ec4281235b	generated_video	regenerable_with_pinned_code_configs_seeds_upstreams_and_GPU_exact_encoded_bytes_not_guaranteed
external_large_artifact	-	/mnt/NAS/data/hl5757/generated_artifacts/lateact/gate2/primary/0010_v0/left_to_right_lateact.pt	339234	a27a61ddbb2f3391b7795e2de22bf2a71380cc08408efc5199852e1cf8167da5	generated_latent_tensor	regenerable_with_pinned_code_configs_seeds_upstreams_and_GPU_exact_encoded_bytes_not_guaranteed
external_large_artifact	-	/mnt/NAS/data/hl5757/generated_artifacts/lateact/gate2/primary/0010_v0/left_to_right_new_oracle.mp4	964217	2e59d21893d32f8f6de308cba8b78ae34fe944bb3eac6164d138188c0eb76bc9	generated_video	regenerable_with_pinned_code_configs_seeds_upstreams_and_GPU_exact_encoded_bytes_not_guaranteed
external_large_artifact	-	/mnt/NAS/data/hl5757/generated_artifacts/lateact/gate2/primary/0010_v0/left_to_right_new_oracle.pt	339313	0624792c09bd2db708d54d9ef29cfc8bedb022eca2f1f2295d27ae62b5095022	generated_latent_tensor	regenerable_with_pinned_code_configs_seeds_upstreams_and_GPU_exact_encoded_bytes_not_guaranteed
external_large_artifact	-	/mnt/NAS/data/hl5757/generated_artifacts/lateact/gate2/primary/0010_v0/left_to_right_next_new.mp4	1638487	3df54ce233041edf63b1cf4a7d65b4f7b1249f1d5278620b6a921bb7477b1282	generated_video	regenerable_with_pinned_code_configs_seeds_upstreams_and_GPU_exact_encoded_bytes_not_guaranteed
external_large_artifact	-	/mnt/NAS/data/hl5757/generated_artifacts/lateact/gate2/primary/0010_v0/left_to_right_next_new.pt	339303	bfd3434ca6db4c98a62a782dbc099ba804a3249ebc0f9ff6bcfc3da80854ce92	generated_latent_tensor	regenerable_with_pinned_code_configs_seeds_upstreams_and_GPU_exact_encoded_bytes_not_guaranteed
external_large_artifact	-	/mnt/NAS/data/hl5757/generated_artifacts/lateact/gate2/primary/0010_v0/left_to_right_next_old.mp4	1681186	cd1c721655ba8e33d3c44a13ceba59d736a96e8fac38c145a60c9b179df9f185	generated_video	regenerable_with_pinned_code_configs_seeds_upstreams_and_GPU_exact_encoded_bytes_not_guaranteed
external_large_artifact	-	/mnt/NAS/data/hl5757/generated_artifacts/lateact/gate2/primary/0010_v0/left_to_right_next_old.pt	339303	7f813323e68996e94d3ec201d3d27288fdd90b39c73f531679039d24852f1469	generated_latent_tensor	regenerable_with_pinned_code_configs_seeds_upstreams_and_GPU_exact_encoded_bytes_not_guaranteed
external_large_artifact	-	/mnt/NAS/data/hl5757/generated_artifacts/lateact/gate2/primary/0010_v0/left_to_right_old.mp4	970774	b3cecb77a070630cc5bd2dfc4283fc3910f08529b7b5e09c0b260c8ed58885f4	generated_video	regenerable_with_pinned_code_configs_seeds_upstreams_and_GPU_exact_encoded_bytes_not_guaranteed
external_large_artifact	-	/mnt/NAS/data/hl5757/generated_artifacts/lateact/gate2/primary/0010_v0/left_to_right_old.pt	339150	211993e30bfb2c1302af356c5fe5e6151ee0101a0b636080547c5474854c5603	generated_latent_tensor	regenerable_with_pinned_code_configs_seeds_upstreams_and_GPU_exact_encoded_bytes_not_guaranteed
external_large_artifact	-	/mnt/NAS/data/hl5757/generated_artifacts/lateact/gate2/primary/0010_v0/right_to_left_direct_late.mp4	1052726	622188695445451ed38b57874fe81a0a469d7f1690327e561486ba07a906ab2b	generated_video	regenerable_with_pinned_code_configs_seeds_upstreams_and_GPU_exact_encoded_bytes_not_guaranteed
external_large_artifact	-	/mnt/NAS/data/hl5757/generated_artifacts/lateact/gate2/primary/0010_v0/right_to_left_direct_late.pt	339318	b0c02eb719ee51622336cd80f568f4c2b118077ec34b58c5b4d0843b1fd8dc20	generated_latent_tensor	regenerable_with_pinned_code_configs_seeds_upstreams_and_GPU_exact_encoded_bytes_not_guaranteed
external_large_artifact	-	/mnt/NAS/data/hl5757/generated_artifacts/lateact/gate2/primary/0010_v0/right_to_left_lateact.mp4	966997	c83e6ff03c31a503aa1e1c9507c0c098e94cab18b92e0b8d79f8e4ef3317e28d	generated_video	regenerable_with_pinned_code_configs_seeds_upstreams_and_GPU_exact_encoded_bytes_not_guaranteed
external_large_artifact	-	/mnt/NAS/data/hl5757/generated_artifacts/lateact/gate2/primary/0010_v0/right_to_left_lateact.pt	339234	9e2c12dbec1bd131e93a9af929f21df492102530eec47bf47d870fe2b7dac47b	generated_latent_tensor	regenerable_with_pinned_code_configs_seeds_upstreams_and_GPU_exact_encoded_bytes_not_guaranteed
external_large_artifact	-	/mnt/NAS/data/hl5757/generated_artifacts/lateact/gate2/primary/0010_v0/right_to_left_new_oracle.mp4	970774	b3cecb77a070630cc5bd2dfc4283fc3910f08529b7b5e09c0b260c8ed58885f4	generated_video	regenerable_with_pinned_code_configs_seeds_upstreams_and_GPU_exact_encoded_bytes_not_guaranteed
external_large_artifact	-	/mnt/NAS/data/hl5757/generated_artifacts/lateact/gate2/primary/0010_v0/right_to_left_new_oracle.pt	339313	47e0e536a29ce766571a1048967758eb1b98644dc9e0dee8fce925de0595c391	generated_latent_tensor	regenerable_with_pinned_code_configs_seeds_upstreams_and_GPU_exact_encoded_bytes_not_guaranteed
external_large_artifact	-	/mnt/NAS/data/hl5757/generated_artifacts/lateact/gate2/primary/0010_v0/right_to_left_next_new.mp4	1612926	561871106d43c0fc191d5cab5002c34487c95bfc8338bc3f84d11786d423f34c	generated_video	regenerable_with_pinned_code_configs_seeds_upstreams_and_GPU_exact_encoded_bytes_not_guaranteed
external_large_artifact	-	/mnt/NAS/data/hl5757/generated_artifacts/lateact/gate2/primary/0010_v0/right_to_left_next_new.pt	339303	68192726ba7f1de4bc2e734c2ed0e9aedb473b620d957522ad0e9dd641668484	generated_latent_tensor	regenerable_with_pinned_code_configs_seeds_upstreams_and_GPU_exact_encoded_bytes_not_guaranteed
external_large_artifact	-	/mnt/NAS/data/hl5757/generated_artifacts/lateact/gate2/primary/0010_v0/right_to_left_next_old.mp4	1667502	7aec276b19fb9147e4911164251921fe40151d45a25e9a7354061f4c92e611d6	generated_video	regenerable_with_pinned_code_configs_seeds_upstreams_and_GPU_exact_encoded_bytes_not_guaranteed
external_large_artifact	-	/mnt/NAS/data/hl5757/generated_artifacts/lateact/gate2/primary/0010_v0/right_to_left_next_old.pt	339303	48c187871a3f4cdcd9b5715f856b45a2225d7876942f06014644f1a42d97942e	generated_latent_tensor	regenerable_with_pinned_code_configs_seeds_upstreams_and_GPU_exact_encoded_bytes_not_guaranteed
external_large_artifact	-	/mnt/NAS/data/hl5757/generated_artifacts/lateact/gate2/primary/0010_v0/right_to_left_old.mp4	964217	2e59d21893d32f8f6de308cba8b78ae34fe944bb3eac6164d138188c0eb76bc9	generated_video	regenerable_with_pinned_code_configs_seeds_upstreams_and_GPU_exact_encoded_bytes_not_guaranteed
external_large_artifact	-	/mnt/NAS/data/hl5757/generated_artifacts/lateact/gate2/primary/0010_v0/right_to_left_old.pt	339150	117d502bc76d1e97e30ca22f031286f88872ade459071347a1aebf493fe33ee3	generated_latent_tensor	regenerable_with_pinned_code_configs_seeds_upstreams_and_GPU_exact_encoded_bytes_not_guaranteed
external_large_artifact	-	/mnt/NAS/data/hl5757/generated_artifacts/lateact/gate2/primary/0010_v1/left_to_right_direct_late.mp4	1029569	d2d0f91f23992aa69be714cf082e0bd6670c92a57abea2c9b92a353d439d7c00	generated_video	regenerable_with_pinned_code_configs_seeds_upstreams_and_GPU_exact_encoded_bytes_not_guaranteed
external_large_artifact	-	/mnt/NAS/data/hl5757/generated_artifacts/lateact/gate2/primary/0010_v1/left_to_right_direct_late.pt	339318	e0e65b6639c6e7e77e4bd3f00208153b541428821fef5447512da9f5f146f20c	generated_latent_tensor	regenerable_with_pinned_code_configs_seeds_upstreams_and_GPU_exact_encoded_bytes_not_guaranteed
external_large_artifact	-	/mnt/NAS/data/hl5757/generated_artifacts/lateact/gate2/primary/0010_v1/left_to_right_lateact.mp4	967711	a7ce015c2680bd4cbb2d87290a5d75da2203689da06e8d9fb4d40ca1d9f2d116	generated_video	regenerable_with_pinned_code_configs_seeds_upstreams_and_GPU_exact_encoded_bytes_not_guaranteed
external_large_artifact	-	/mnt/NAS/data/hl5757/generated_artifacts/lateact/gate2/primary/0010_v1/left_to_right_lateact.pt	339234	4f8b2e874f3a23085602f2774159b87958be6b6609eae0716abf1f673c4548af	generated_latent_tensor	regenerable_with_pinned_code_configs_seeds_upstreams_and_GPU_exact_encoded_bytes_not_guaranteed
external_large_artifact	-	/mnt/NAS/data/hl5757/generated_artifacts/lateact/gate2/primary/0010_v1/left_to_right_new_oracle.mp4	961536	b6f22d9e46e8ded44a84703ebe781ea521219e85f8f3e6b068be2e8fb4b27a25	generated_video	regenerable_with_pinned_code_configs_seeds_upstreams_and_GPU_exact_encoded_bytes_not_guaranteed
external_large_artifact	-	/mnt/NAS/data/hl5757/generated_artifacts/lateact/gate2/primary/0010_v1/left_to_right_new_oracle.pt	339313	9735145eb33d229d7c1bedfbbd7fe5f495345c197c2e1846f1f9a29622a08e65	generated_latent_tensor	regenerable_with_pinned_code_configs_seeds_upstreams_and_GPU_exact_encoded_bytes_not_guaranteed
external_large_artifact	-	/mnt/NAS/data/hl5757/generated_artifacts/lateact/gate2/primary/0010_v1/left_to_right_next_new.mp4	1659626	4768805300724038f21c9a65c8921cc463453635c561d34946b48cce119b83e6	generated_video	regenerable_with_pinned_code_configs_seeds_upstreams_and_GPU_exact_encoded_bytes_not_guaranteed
external_large_artifact	-	/mnt/NAS/data/hl5757/generated_artifacts/lateact/gate2/primary/0010_v1/left_to_right_next_new.pt	339303	52a66f66ac2c5d4fbca59a10f2c705fcdd4a5a4700a9646fe15f7114bf74ab86	generated_latent_tensor	regenerable_with_pinned_code_configs_seeds_upstreams_and_GPU_exact_encoded_bytes_not_guaranteed
external_large_artifact	-	/mnt/NAS/data/hl5757/generated_artifacts/lateact/gate2/primary/0010_v1/left_to_right_next_old.mp4	1764460	42b11ab441c6cb0afbb4e366e0c290f16638cdd863226f3acb239c40b8291942	generated_video	regenerable_with_pinned_code_configs_seeds_upstreams_and_GPU_exact_encoded_bytes_not_guaranteed
external_large_artifact	-	/mnt/NAS/data/hl5757/generated_artifacts/lateact/gate2/primary/0010_v1/left_to_right_next_old.pt	339303	6d43bdcdfde70d2027dd5c7b8bfa8613bd587e6ace369183ae899dd11494dada	generated_latent_tensor	regenerable_with_pinned_code_configs_seeds_upstreams_and_GPU_exact_encoded_bytes_not_guaranteed
external_large_artifact	-	/mnt/NAS/data/hl5757/generated_artifacts/lateact/gate2/primary/0010_v1/left_to_right_old.mp4	987467	90921b50bfa7195872ec96ecded10f721899c6c11f5597d729a35e3c16e15ad6	generated_video	regenerable_with_pinned_code_configs_seeds_upstreams_and_GPU_exact_encoded_bytes_not_guaranteed
external_large_artifact	-	/mnt/NAS/data/hl5757/generated_artifacts/lateact/gate2/primary/0010_v1/left_to_right_old.pt	339150	0e87b7620f74961a477c64ac73110a01c8841ed7391bf3240919649e82f8764d	generated_latent_tensor	regenerable_with_pinned_code_configs_seeds_upstreams_and_GPU_exact_encoded_bytes_not_guaranteed
external_large_artifact	-	/mnt/NAS/data/hl5757/generated_artifacts/lateact/gate2/primary/0010_v1/right_to_left_direct_late.mp4	1060818	64d3d351c602a3f4c5a29a85c099142590ebab5f8e3a3fee5e117af7a658ed7e	generated_video	regenerable_with_pinned_code_configs_seeds_upstreams_and_GPU_exact_encoded_bytes_not_guaranteed
external_large_artifact	-	/mnt/NAS/data/hl5757/generated_artifacts/lateact/gate2/primary/0010_v1/right_to_left_direct_late.pt	339318	5c97cd96314baa49d17998f90f1f4e2829580c673f5d7ce49fc5ae4739fa6f75	generated_latent_tensor	regenerable_with_pinned_code_configs_seeds_upstreams_and_GPU_exact_encoded_bytes_not_guaranteed
external_large_artifact	-	/mnt/NAS/data/hl5757/generated_artifacts/lateact/gate2/primary/0010_v1/right_to_left_lateact.mp4	960524	4c9b9275361ba7f3a92f6e2f7d725b6444f1e82be6960bac7bb2ead59b4f8ce0	generated_video	regenerable_with_pinned_code_configs_seeds_upstreams_and_GPU_exact_encoded_bytes_not_guaranteed
external_large_artifact	-	/mnt/NAS/data/hl5757/generated_artifacts/lateact/gate2/primary/0010_v1/right_to_left_lateact.pt	339234	333fd87c0a6cb41ecae302ce686b29029d720a97f02dcfcb44488a9bf98594ba	generated_latent_tensor	regenerable_with_pinned_code_configs_seeds_upstreams_and_GPU_exact_encoded_bytes_not_guaranteed
external_large_artifact	-	/mnt/NAS/data/hl5757/generated_artifacts/lateact/gate2/primary/0010_v1/right_to_left_new_oracle.mp4	987467	90921b50bfa7195872ec96ecded10f721899c6c11f5597d729a35e3c16e15ad6	generated_video	regenerable_with_pinned_code_configs_seeds_upstreams_and_GPU_exact_encoded_bytes_not_guaranteed
external_large_artifact	-	/mnt/NAS/data/hl5757/generated_artifacts/lateact/gate2/primary/0010_v1/right_to_left_new_oracle.pt	339313	fe66b3cd5a98fa35c8fa99733b98668678f1ce380076da146acd5f7c607127ed	generated_latent_tensor	regenerable_with_pinned_code_configs_seeds_upstreams_and_GPU_exact_encoded_bytes_not_guaranteed
external_large_artifact	-	/mnt/NAS/data/hl5757/generated_artifacts/lateact/gate2/primary/0010_v1/right_to_left_next_new.mp4	1578843	e8b878472c526832c51251705111c4b1cfa558395dc1b998615b230e219b118c	generated_video	regenerable_with_pinned_code_configs_seeds_upstreams_and_GPU_exact_encoded_bytes_not_guaranteed
external_large_artifact	-	/mnt/NAS/data/hl5757/generated_artifacts/lateact/gate2/primary/0010_v1/right_to_left_next_new.pt	339303	b3ced06c9d126a6e807aab29142943401bceabfc6ccdf53a8df26045f4e31351	generated_latent_tensor	regenerable_with_pinned_code_configs_seeds_upstreams_and_GPU_exact_encoded_bytes_not_guaranteed
external_large_artifact	-	/mnt/NAS/data/hl5757/generated_artifacts/lateact/gate2/primary/0010_v1/right_to_left_next_old.mp4	1585177	28d47ea2fe3b52eb6bae447185ec79fe59c5664ea2ae7e36b4950d296132fb21	generated_video	regenerable_with_pinned_code_configs_seeds_upstreams_and_GPU_exact_encoded_bytes_not_guaranteed
external_large_artifact	-	/mnt/NAS/data/hl5757/generated_artifacts/lateact/gate2/primary/0010_v1/right_to_left_next_old.pt	339303	1d0a9f80a7863998d8195b2d714305aedf010eefb619d6d0f07c3c9dcf9da506	generated_latent_tensor	regenerable_with_pinned_code_configs_seeds_upstreams_and_GPU_exact_encoded_bytes_not_guaranteed
external_large_artifact	-	/mnt/NAS/data/hl5757/generated_artifacts/lateact/gate2/primary/0010_v1/right_to_left_old.mp4	961536	b6f22d9e46e8ded44a84703ebe781ea521219e85f8f3e6b068be2e8fb4b27a25	generated_video	regenerable_with_pinned_code_configs_seeds_upstreams_and_GPU_exact_encoded_bytes_not_guaranteed
external_large_artifact	-	/mnt/NAS/data/hl5757/generated_artifacts/lateact/gate2/primary/0010_v1/right_to_left_old.pt	339150	3e978985b71fbc2c3b88e349285515f3587fb44e7daf26a6862ac771478b347c	generated_latent_tensor	regenerable_with_pinned_code_configs_seeds_upstreams_and_GPU_exact_encoded_bytes_not_guaranteed
external_large_artifact	-	/mnt/NAS/data/hl5757/generated_artifacts/lateact/gate2/primary/0010_v2/left_to_right_direct_late.mp4	1066446	780ba64ceeee095abc45f181f440059479e5217599bb1bcad10e2f0444bbc4a0	generated_video	regenerable_with_pinned_code_configs_seeds_upstreams_and_GPU_exact_encoded_bytes_not_guaranteed
external_large_artifact	-	/mnt/NAS/data/hl5757/generated_artifacts/lateact/gate2/primary/0010_v2/left_to_right_direct_late.pt	339318	0cfd6b5d3aa111864b860363f7ef9942f6a706c61974dc9805f0d0c65fd05059	generated_latent_tensor	regenerable_with_pinned_code_configs_seeds_upstreams_and_GPU_exact_encoded_bytes_not_guaranteed
external_large_artifact	-	/mnt/NAS/data/hl5757/generated_artifacts/lateact/gate2/primary/0010_v2/left_to_right_lateact.mp4	979097	e7efaca7250270393073e503e7a87f34bd1368e051964ad81982a02a5e2db47a	generated_video	regenerable_with_pinned_code_configs_seeds_upstreams_and_GPU_exact_encoded_bytes_not_guaranteed
external_large_artifact	-	/mnt/NAS/data/hl5757/generated_artifacts/lateact/gate2/primary/0010_v2/left_to_right_lateact.pt	339234	c7554a3f1d54195e8786e3c9e80ac21f1acdc7024d4abf8130dca1cd6faaca03	generated_latent_tensor	regenerable_with_pinned_code_configs_seeds_upstreams_and_GPU_exact_encoded_bytes_not_guaranteed
external_large_artifact	-	/mnt/NAS/data/hl5757/generated_artifacts/lateact/gate2/primary/0010_v2/left_to_right_new_oracle.mp4	971721	5ceaed67f061976f33ef9a8a4842031cb0cd4c45ff5972bddfc9841fa75301ec	generated_video	regenerable_with_pinned_code_configs_seeds_upstreams_and_GPU_exact_encoded_bytes_not_guaranteed
external_large_artifact	-	/mnt/NAS/data/hl5757/generated_artifacts/lateact/gate2/primary/0010_v2/left_to_right_new_oracle.pt	339313	4a5fac0d47c20f46134023879bdb8259bf098ea1e84b6e105a91a2e9a2ab6d53	generated_latent_tensor	regenerable_with_pinned_code_configs_seeds_upstreams_and_GPU_exact_encoded_bytes_not_guaranteed
external_large_artifact	-	/mnt/NAS/data/hl5757/generated_artifacts/lateact/gate2/primary/0010_v2/left_to_right_next_new.mp4	1653257	2a7f99336df548326beb13bb4be11e832c3843122e426a40f74d8bb9b9285191	generated_video	regenerable_with_pinned_code_configs_seeds_upstreams_and_GPU_exact_encoded_bytes_not_guaranteed
external_large_artifact	-	/mnt/NAS/data/hl5757/generated_artifacts/lateact/gate2/primary/0010_v2/left_to_right_next_new.pt	339303	91aa3fc763983ac1467f43391b6a9f37ac3d8ee98dc15b3eb09a31855c3eedb2	generated_latent_tensor	regenerable_with_pinned_code_configs_seeds_upstreams_and_GPU_exact_encoded_bytes_not_guaranteed
external_large_artifact	-	/mnt/NAS/data/hl5757/generated_artifacts/lateact/gate2/primary/0010_v2/left_to_right_next_old.mp4	1742939	18030aa1852934a5d03766bd1c9d6daaaceb673e2531db1240a0927f31468cad	generated_video	regenerable_with_pinned_code_configs_seeds_upstreams_and_GPU_exact_encoded_bytes_not_guaranteed
external_large_artifact	-	/mnt/NAS/data/hl5757/generated_artifacts/lateact/gate2/primary/0010_v2/left_to_right_next_old.pt	339303	c19a1548856cf356e415f439ba09de6e9c550d09e2e17886dca6c15ea7befcbb	generated_latent_tensor	regenerable_with_pinned_code_configs_seeds_upstreams_and_GPU_exact_encoded_bytes_not_guaranteed
external_large_artifact	-	/mnt/NAS/data/hl5757/generated_artifacts/lateact/gate2/primary/0010_v2/left_to_right_old.mp4	980985	6b7c616d907aa5faed8654cc1701ddb13376b43cb7a52554f87c7646a0573f61	generated_video	regenerable_with_pinned_code_configs_seeds_upstreams_and_GPU_exact_encoded_bytes_not_guaranteed
external_large_artifact	-	/mnt/NAS/data/hl5757/generated_artifacts/lateact/gate2/primary/0010_v2/left_to_right_old.pt	339150	8928b2685777c19233bf24bc3c0527f8fcc42032b390f1150ce5258cd1ebd1a7	generated_latent_tensor	regenerable_with_pinned_code_configs_seeds_upstreams_and_GPU_exact_encoded_bytes_not_guaranteed
external_large_artifact	-	/mnt/NAS/data/hl5757/generated_artifacts/lateact/gate2/primary/0010_v2/right_to_left_direct_late.mp4	1054934	bf25bb5e732e40b3957568351e75cac9452eed1db9ed23eef57f0ac1c4ce0d9e	generated_video	regenerable_with_pinned_code_configs_seeds_upstreams_and_GPU_exact_encoded_bytes_not_guaranteed
external_large_artifact	-	/mnt/NAS/data/hl5757/generated_artifacts/lateact/gate2/primary/0010_v2/right_to_left_direct_late.pt	339318	4a4e8d25e07f6a0c36268f8dd28bf73dbf434aa3d1f3deb5182d1295d2485df4	generated_latent_tensor	regenerable_with_pinned_code_configs_seeds_upstreams_and_GPU_exact_encoded_bytes_not_guaranteed
external_large_artifact	-	/mnt/NAS/data/hl5757/generated_artifacts/lateact/gate2/primary/0010_v2/right_to_left_lateact.mp4	955829	614651867aa95a49ce6295751a040f98ef11b571b75d12ff3bb7992b9b5eb501	generated_video	regenerable_with_pinned_code_configs_seeds_upstreams_and_GPU_exact_encoded_bytes_not_guaranteed
external_large_artifact	-	/mnt/NAS/data/hl5757/generated_artifacts/lateact/gate2/primary/0010_v2/right_to_left_lateact.pt	339234	96938a8cbb208c38bc810567e8394846d0cc1adb696e29c64f5d7576db4001b1	generated_latent_tensor	regenerable_with_pinned_code_configs_seeds_upstreams_and_GPU_exact_encoded_bytes_not_guaranteed
external_large_artifact	-	/mnt/NAS/data/hl5757/generated_artifacts/lateact/gate2/primary/0010_v2/right_to_left_new_oracle.mp4	980985	6b7c616d907aa5faed8654cc1701ddb13376b43cb7a52554f87c7646a0573f61	generated_video	regenerable_with_pinned_code_configs_seeds_upstreams_and_GPU_exact_encoded_bytes_not_guaranteed
external_large_artifact	-	/mnt/NAS/data/hl5757/generated_artifacts/lateact/gate2/primary/0010_v2/right_to_left_new_oracle.pt	339313	a31d3bf45175d01e13be83b907754edd4262b23f35913e1ecd393320b81599db	generated_latent_tensor	regenerable_with_pinned_code_configs_seeds_upstreams_and_GPU_exact_encoded_bytes_not_guaranteed
external_large_artifact	-	/mnt/NAS/data/hl5757/generated_artifacts/lateact/gate2/primary/0010_v2/right_to_left_next_new.mp4	1609090	b56601a44a474b164090ed1ba740d09ee7523326aac76f523768049acec4182d	generated_video	regenerable_with_pinned_code_configs_seeds_upstreams_and_GPU_exact_encoded_bytes_not_guaranteed
external_large_artifact	-	/mnt/NAS/data/hl5757/generated_artifacts/lateact/gate2/primary/0010_v2/right_to_left_next_new.pt	339303	9be9fd0c88c82cdea92dd64f5dad0330dc118fd8091bac7b7c509b5fa2ec9232	generated_latent_tensor	regenerable_with_pinned_code_configs_seeds_upstreams_and_GPU_exact_encoded_bytes_not_guaranteed
external_large_artifact	-	/mnt/NAS/data/hl5757/generated_artifacts/lateact/gate2/primary/0010_v2/right_to_left_next_old.mp4	1648820	67e3fc25ce42e4b70926905a3bc3349f5c62829053b200ae668ccb6dbe52b221	generated_video	regenerable_with_pinned_code_configs_seeds_upstreams_and_GPU_exact_encoded_bytes_not_guaranteed
external_large_artifact	-	/mnt/NAS/data/hl5757/generated_artifacts/lateact/gate2/primary/0010_v2/right_to_left_next_old.pt	339303	19bf4cc5db5870a32c961a93c7627976a4b4a7e63b9e37ae7829aef1ada82a50	generated_latent_tensor	regenerable_with_pinned_code_configs_seeds_upstreams_and_GPU_exact_encoded_bytes_not_guaranteed
external_large_artifact	-	/mnt/NAS/data/hl5757/generated_artifacts/lateact/gate2/primary/0010_v2/right_to_left_old.mp4	971721	5ceaed67f061976f33ef9a8a4842031cb0cd4c45ff5972bddfc9841fa75301ec	generated_video	regenerable_with_pinned_code_configs_seeds_upstreams_and_GPU_exact_encoded_bytes_not_guaranteed
external_large_artifact	-	/mnt/NAS/data/hl5757/generated_artifacts/lateact/gate2/primary/0010_v2/right_to_left_old.pt	339150	ef69bf93e7442bd766dc2ffaca6896f161d54b1b7a688a8818b7a64ba75deb46	generated_latent_tensor	regenerable_with_pinned_code_configs_seeds_upstreams_and_GPU_exact_encoded_bytes_not_guaranteed
external_large_artifact	-	/mnt/NAS/data/hl5757/generated_artifacts/lateact/gate2/primary/0010_v3/left_to_right_direct_late.mp4	1020357	5bab505e7c3451765ec81b0b43bdf757e90255b8c7465c2d3d94feefc83157f3	generated_video	regenerable_with_pinned_code_configs_seeds_upstreams_and_GPU_exact_encoded_bytes_not_guaranteed
external_large_artifact	-	/mnt/NAS/data/hl5757/generated_artifacts/lateact/gate2/primary/0010_v3/left_to_right_direct_late.pt	339318	d01babbc7e30b41503aba40f6ee3b67dfe48f0c36f8accadc5ce237357064066	generated_latent_tensor	regenerable_with_pinned_code_configs_seeds_upstreams_and_GPU_exact_encoded_bytes_not_guaranteed
external_large_artifact	-	/mnt/NAS/data/hl5757/generated_artifacts/lateact/gate2/primary/0010_v3/left_to_right_lateact.mp4	956145	99422b69506ffab5fca37a5a61a58ac7ce1771b68d6de6eec8ff6fca5dd93623	generated_video	regenerable_with_pinned_code_configs_seeds_upstreams_and_GPU_exact_encoded_bytes_not_guaranteed
external_large_artifact	-	/mnt/NAS/data/hl5757/generated_artifacts/lateact/gate2/primary/0010_v3/left_to_right_lateact.pt	339234	66866ef2510700c6e7aa0456cc9fde34056a68a29f9b8fc4fbe435a9761bc58f	generated_latent_tensor	regenerable_with_pinned_code_configs_seeds_upstreams_and_GPU_exact_encoded_bytes_not_guaranteed
external_large_artifact	-	/mnt/NAS/data/hl5757/generated_artifacts/lateact/gate2/primary/0010_v3/left_to_right_new_oracle.mp4	948589	4ee61416c76b865e3035f9cd5494032924f10a8899fc86810ab8649de49a9282	generated_video	regenerable_with_pinned_code_configs_seeds_upstreams_and_GPU_exact_encoded_bytes_not_guaranteed
external_large_artifact	-	/mnt/NAS/data/hl5757/generated_artifacts/lateact/gate2/primary/0010_v3/left_to_right_new_oracle.pt	339313	bf857fd7515db816135bc42955c63567adce632aa4af339cd669f59d5874b7a4	generated_latent_tensor	regenerable_with_pinned_code_configs_seeds_upstreams_and_GPU_exact_encoded_bytes_not_guaranteed
external_large_artifact	-	/mnt/NAS/data/hl5757/generated_artifacts/lateact/gate2/primary/0010_v3/left_to_right_next_new.mp4	1616448	65707e54fc6dc7bf7266554dffac61ef7f6094b572d1a22bf4f436731cb1a7d2	generated_video	regenerable_with_pinned_code_configs_seeds_upstreams_and_GPU_exact_encoded_bytes_not_guaranteed
external_large_artifact	-	/mnt/NAS/data/hl5757/generated_artifacts/lateact/gate2/primary/0010_v3/left_to_right_next_new.pt	339303	fecbb7d8a8f11e8cce7db714c6e7e02f41994456e837e2526ddc21ffbee36b82	generated_latent_tensor	regenerable_with_pinned_code_configs_seeds_upstreams_and_GPU_exact_encoded_bytes_not_guaranteed
external_large_artifact	-	/mnt/NAS/data/hl5757/generated_artifacts/lateact/gate2/primary/0010_v3/left_to_right_next_old.mp4	1712080	80f0068e945edb76c0ca5a72238e6fc80c850a121432b61ac3da1f49fd639ebc	generated_video	regenerable_with_pinned_code_configs_seeds_upstreams_and_GPU_exact_encoded_bytes_not_guaranteed
external_large_artifact	-	/mnt/NAS/data/hl5757/generated_artifacts/lateact/gate2/primary/0010_v3/left_to_right_next_old.pt	339303	393f831887770df0cef65f37e218995471b82f7092786d1889f2d1993d8ae8b3	generated_latent_tensor	regenerable_with_pinned_code_configs_seeds_upstreams_and_GPU_exact_encoded_bytes_not_guaranteed
external_large_artifact	-	/mnt/NAS/data/hl5757/generated_artifacts/lateact/gate2/primary/0010_v3/left_to_right_old.mp4	953236	424f9393c67cb371eafbeeb197d02dffa28d7bf8d63dceb6dfb0307f1f08e1a5	generated_video	regenerable_with_pinned_code_configs_seeds_upstreams_and_GPU_exact_encoded_bytes_not_guaranteed
external_large_artifact	-	/mnt/NAS/data/hl5757/generated_artifacts/lateact/gate2/primary/0010_v3/left_to_right_old.pt	339150	ae83d7b7ddc022d9cc9eabf257acd0cbb8e472bcc7ae6a14af8c5559d8efd44e	generated_latent_tensor	regenerable_with_pinned_code_configs_seeds_upstreams_and_GPU_exact_encoded_bytes_not_guaranteed
external_large_artifact	-	/mnt/NAS/data/hl5757/generated_artifacts/lateact/gate2/primary/0010_v3/right_to_left_direct_late.mp4	1027247	012b820cad6317143a4548ccf0bdd50db6a8bb66dfc538f7865ad47d6fa482d2	generated_video	regenerable_with_pinned_code_configs_seeds_upstreams_and_GPU_exact_encoded_bytes_not_guaranteed
external_large_artifact	-	/mnt/NAS/data/hl5757/generated_artifacts/lateact/gate2/primary/0010_v3/right_to_left_direct_late.pt	339318	b84f81de1cf06f1fa46e67f2efd54e5c30fec0bbfdebf0b90ce6e4702b7bb02b	generated_latent_tensor	regenerable_with_pinned_code_configs_seeds_upstreams_and_GPU_exact_encoded_bytes_not_guaranteed
external_large_artifact	-	/mnt/NAS/data/hl5757/generated_artifacts/lateact/gate2/primary/0010_v3/right_to_left_lateact.mp4	945566	5082f0fea1e53eb08f0ce437454a79ce60921a35e7e10410be0189b14acb7b59	generated_video	regenerable_with_pinned_code_configs_seeds_upstreams_and_GPU_exact_encoded_bytes_not_guaranteed
external_large_artifact	-	/mnt/NAS/data/hl5757/generated_artifacts/lateact/gate2/primary/0010_v3/right_to_left_lateact.pt	339234	5b322340c52e3d8903cb96f1a19f62545d4b1c1587934eef542aa28c6ac995d9	generated_latent_tensor	regenerable_with_pinned_code_configs_seeds_upstreams_and_GPU_exact_encoded_bytes_not_guaranteed
external_large_artifact	-	/mnt/NAS/data/hl5757/generated_artifacts/lateact/gate2/primary/0010_v3/right_to_left_new_oracle.mp4	953236	424f9393c67cb371eafbeeb197d02dffa28d7bf8d63dceb6dfb0307f1f08e1a5	generated_video	regenerable_with_pinned_code_configs_seeds_upstreams_and_GPU_exact_encoded_bytes_not_guaranteed
external_large_artifact	-	/mnt/NAS/data/hl5757/generated_artifacts/lateact/gate2/primary/0010_v3/right_to_left_new_oracle.pt	339313	ad061be280c0cb39f8fe20d130e04c68882bcb6236ca4f4d4b82c37f274a01c7	generated_latent_tensor	regenerable_with_pinned_code_configs_seeds_upstreams_and_GPU_exact_encoded_bytes_not_guaranteed
external_large_artifact	-	/mnt/NAS/data/hl5757/generated_artifacts/lateact/gate2/primary/0010_v3/right_to_left_next_new.mp4	1582313	48dcac4c965d3562dfd9b4b95bca9c86a4d2e29f1cc4665457cb20763f9abc9d	generated_video	regenerable_with_pinned_code_configs_seeds_upstreams_and_GPU_exact_encoded_bytes_not_guaranteed
external_large_artifact	-	/mnt/NAS/data/hl5757/generated_artifacts/lateact/gate2/primary/0010_v3/right_to_left_next_new.pt	339303	dc65a9b4a8dbf2d163e0c586329f0fc33727da0c30d2b748ecf37c740bfc15f9	generated_latent_tensor	regenerable_with_pinned_code_configs_seeds_upstreams_and_GPU_exact_encoded_bytes_not_guaranteed
external_large_artifact	-	/mnt/NAS/data/hl5757/generated_artifacts/lateact/gate2/primary/0010_v3/right_to_left_next_old.mp4	1606117	db5fb5ffa4c8a5b665ba2e3710be3073c316aeae898af1afb0904cf28da15c77	generated_video	regenerable_with_pinned_code_configs_seeds_upstreams_and_GPU_exact_encoded_bytes_not_guaranteed
external_large_artifact	-	/mnt/NAS/data/hl5757/generated_artifacts/lateact/gate2/primary/0010_v3/right_to_left_next_old.pt	339303	1bf4414a4316a3b85bbec470603efb9a4bfc6a7d96311fe7abe1d790d75d78fe	generated_latent_tensor	regenerable_with_pinned_code_configs_seeds_upstreams_and_GPU_exact_encoded_bytes_not_guaranteed
external_large_artifact	-	/mnt/NAS/data/hl5757/generated_artifacts/lateact/gate2/primary/0010_v3/right_to_left_old.mp4	948589	4ee61416c76b865e3035f9cd5494032924f10a8899fc86810ab8649de49a9282	generated_video	regenerable_with_pinned_code_configs_seeds_upstreams_and_GPU_exact_encoded_bytes_not_guaranteed
external_large_artifact	-	/mnt/NAS/data/hl5757/generated_artifacts/lateact/gate2/primary/0010_v3/right_to_left_old.pt	339150	1aeb5e89c550ccde3f7e7a3989b1490eb892e264077818289638f386a90f3df1	generated_latent_tensor	regenerable_with_pinned_code_configs_seeds_upstreams_and_GPU_exact_encoded_bytes_not_guaranteed
external_large_artifact	-	/mnt/NAS/data/hl5757/generated_artifacts/lateact/gate2/primary/0011_v0/left_to_right_direct_late.mp4	1128537	416f5ef801435ff01d3a4e409ff9c03ad3b5ed8b2b2af5216afd29ebb9a53108	generated_video	regenerable_with_pinned_code_configs_seeds_upstreams_and_GPU_exact_encoded_bytes_not_guaranteed
external_large_artifact	-	/mnt/NAS/data/hl5757/generated_artifacts/lateact/gate2/primary/0011_v0/left_to_right_direct_late.pt	339318	0884bb1fcd6f5bc94196baaaab6e0ff6198fcc9af9ee5c513e172696a23f26e5	generated_latent_tensor	regenerable_with_pinned_code_configs_seeds_upstreams_and_GPU_exact_encoded_bytes_not_guaranteed
external_large_artifact	-	/mnt/NAS/data/hl5757/generated_artifacts/lateact/gate2/primary/0011_v0/left_to_right_lateact.mp4	1055197	d2142106216fa6ac76ce15eb3ba797bf1f21482519e363df4ab44c4dadc5aa20	generated_video	regenerable_with_pinned_code_configs_seeds_upstreams_and_GPU_exact_encoded_bytes_not_guaranteed
external_large_artifact	-	/mnt/NAS/data/hl5757/generated_artifacts/lateact/gate2/primary/0011_v0/left_to_right_lateact.pt	339234	8c3a5c28b54d151cadc8c37e4ab2cac22c9eec89830e47b6235aebc22f9182f5	generated_latent_tensor	regenerable_with_pinned_code_configs_seeds_upstreams_and_GPU_exact_encoded_bytes_not_guaranteed
external_large_artifact	-	/mnt/NAS/data/hl5757/generated_artifacts/lateact/gate2/primary/0011_v0/left_to_right_new_oracle.mp4	1051616	f103f3d374333c827251253fc4bdc435ca529a97da8c8a110afc49b9d6fc6e87	generated_video	regenerable_with_pinned_code_configs_seeds_upstreams_and_GPU_exact_encoded_bytes_not_guaranteed
external_large_artifact	-	/mnt/NAS/data/hl5757/generated_artifacts/lateact/gate2/primary/0011_v0/left_to_right_new_oracle.pt	339313	b03e5689c697540dad3b6a543afb19172d842ebc8b3071a27a442ac9c0a469e0	generated_latent_tensor	regenerable_with_pinned_code_configs_seeds_upstreams_and_GPU_exact_encoded_bytes_not_guaranteed
external_large_artifact	-	/mnt/NAS/data/hl5757/generated_artifacts/lateact/gate2/primary/0011_v0/left_to_right_next_new.mp4	1801937	9602ee29ea7c3dec6a5add43624037a7fa3d22f825e78c2c354954a60a44a3c0	generated_video	regenerable_with_pinned_code_configs_seeds_upstreams_and_GPU_exact_encoded_bytes_not_guaranteed
external_large_artifact	-	/mnt/NAS/data/hl5757/generated_artifacts/lateact/gate2/primary/0011_v0/left_to_right_next_new.pt	339303	424a3f4a69a1cac20d07f8817ea2f116ba0d9a3831a9db49126002c6e0814cad	generated_latent_tensor	regenerable_with_pinned_code_configs_seeds_upstreams_and_GPU_exact_encoded_bytes_not_guaranteed
external_large_artifact	-	/mnt/NAS/data/hl5757/generated_artifacts/lateact/gate2/primary/0011_v0/left_to_right_next_old.mp4	1851189	2f8d88c6e9858be724faaa9894f4384addbc85c07825a84628dd143c71ec7d91	generated_video	regenerable_with_pinned_code_configs_seeds_upstreams_and_GPU_exact_encoded_bytes_not_guaranteed
external_large_artifact	-	/mnt/NAS/data/hl5757/generated_artifacts/lateact/gate2/primary/0011_v0/left_to_right_next_old.pt	339303	f8c060833d4fb7e77aab201fb8dbe99b4c18797e9bc394e47a72186dd018949c	generated_latent_tensor	regenerable_with_pinned_code_configs_seeds_upstreams_and_GPU_exact_encoded_bytes_not_guaranteed
external_large_artifact	-	/mnt/NAS/data/hl5757/generated_artifacts/lateact/gate2/primary/0011_v0/left_to_right_old.mp4	1087521	50aa317f8c1c31cb95e9c0f6ab8cd4a078fddf7af04dc36884f1dc297debefe8	generated_video	regenerable_with_pinned_code_configs_seeds_upstreams_and_GPU_exact_encoded_bytes_not_guaranteed
external_large_artifact	-	/mnt/NAS/data/hl5757/generated_artifacts/lateact/gate2/primary/0011_v0/left_to_right_old.pt	339150	dec259411a7771b21c16a5dac4e178b8f159c2d81b17b377f71d5de74f625d42	generated_latent_tensor	regenerable_with_pinned_code_configs_seeds_upstreams_and_GPU_exact_encoded_bytes_not_guaranteed
external_large_artifact	-	/mnt/NAS/data/hl5757/generated_artifacts/lateact/gate2/primary/0011_v0/right_to_left_direct_late.mp4	1169491	fa9ccaa56a45e01495b5a00c0de7239581aa03870204aee66d7f35d95563a5b1	generated_video	regenerable_with_pinned_code_configs_seeds_upstreams_and_GPU_exact_encoded_bytes_not_guaranteed
external_large_artifact	-	/mnt/NAS/data/hl5757/generated_artifacts/lateact/gate2/primary/0011_v0/right_to_left_direct_late.pt	339318	fc623168cab5062cf7988b3f63b73b631c7ffb6e0b7566cac0dea3da4e420c4a	generated_latent_tensor	regenerable_with_pinned_code_configs_seeds_upstreams_and_GPU_exact_encoded_bytes_not_guaranteed
external_large_artifact	-	/mnt/NAS/data/hl5757/generated_artifacts/lateact/gate2/primary/0011_v0/right_to_left_lateact.mp4	1100640	593458b93ceed5063b8b8a3169d57c37cfe7c1546802059f76547cafa539dffd	generated_video	regenerable_with_pinned_code_configs_seeds_upstreams_and_GPU_exact_encoded_bytes_not_guaranteed
external_large_artifact	-	/mnt/NAS/data/hl5757/generated_artifacts/lateact/gate2/primary/0011_v0/right_to_left_lateact.pt	339234	348aeefd05b92b0ddca9b2fae172320f61f4874adf6eb2c4629b16f723272782	generated_latent_tensor	regenerable_with_pinned_code_configs_seeds_upstreams_and_GPU_exact_encoded_bytes_not_guaranteed
external_large_artifact	-	/mnt/NAS/data/hl5757/generated_artifacts/lateact/gate2/primary/0011_v0/right_to_left_new_oracle.mp4	1087521	50aa317f8c1c31cb95e9c0f6ab8cd4a078fddf7af04dc36884f1dc297debefe8	generated_video	regenerable_with_pinned_code_configs_seeds_upstreams_and_GPU_exact_encoded_bytes_not_guaranteed
external_large_artifact	-	/mnt/NAS/data/hl5757/generated_artifacts/lateact/gate2/primary/0011_v0/right_to_left_new_oracle.pt	339313	ecc41c87372d87d6b3c6dd8a97924ed1ca23c79c4570921f8efe67407bbe7f50	generated_latent_tensor	regenerable_with_pinned_code_configs_seeds_upstreams_and_GPU_exact_encoded_bytes_not_guaranteed
external_large_artifact	-	/mnt/NAS/data/hl5757/generated_artifacts/lateact/gate2/primary/0011_v0/right_to_left_next_new.mp4	1739082	a8ef5f9b7d71cad0b9bff0a4fe2fa334175fab5aab800a61e570883182c36360	generated_video	regenerable_with_pinned_code_configs_seeds_upstreams_and_GPU_exact_encoded_bytes_not_guaranteed
external_large_artifact	-	/mnt/NAS/data/hl5757/generated_artifacts/lateact/gate2/primary/0011_v0/right_to_left_next_new.pt	339303	16299f8dbb272c69ea78b4f1af52e01b09ace084fb0af437addafa52e1a92880	generated_latent_tensor	regenerable_with_pinned_code_configs_seeds_upstreams_and_GPU_exact_encoded_bytes_not_guaranteed
external_large_artifact	-	/mnt/NAS/data/hl5757/generated_artifacts/lateact/gate2/primary/0011_v0/right_to_left_next_old.mp4	1737420	e7f27616348cb652443b3009df33aa9f0332f96acb0068395fb72374154b73de	generated_video	regenerable_with_pinned_code_configs_seeds_upstreams_and_GPU_exact_encoded_bytes_not_guaranteed
external_large_artifact	-	/mnt/NAS/data/hl5757/generated_artifacts/lateact/gate2/primary/0011_v0/right_to_left_next_old.pt	339303	a514ff9c62ee7babbba9ef7cb149ed860fbbed02de6a251beb190a1d553454fc	generated_latent_tensor	regenerable_with_pinned_code_configs_seeds_upstreams_and_GPU_exact_encoded_bytes_not_guaranteed
external_large_artifact	-	/mnt/NAS/data/hl5757/generated_artifacts/lateact/gate2/primary/0011_v0/right_to_left_old.mp4	1051616	f103f3d374333c827251253fc4bdc435ca529a97da8c8a110afc49b9d6fc6e87	generated_video	regenerable_with_pinned_code_configs_seeds_upstreams_and_GPU_exact_encoded_bytes_not_guaranteed
external_large_artifact	-	/mnt/NAS/data/hl5757/generated_artifacts/lateact/gate2/primary/0011_v0/right_to_left_old.pt	339150	ce8ded8d086d61f3a017052d86420d6c385b75468bdeec2d40b49470a488ba13	generated_latent_tensor	regenerable_with_pinned_code_configs_seeds_upstreams_and_GPU_exact_encoded_bytes_not_guaranteed
external_large_artifact	-	/mnt/NAS/data/hl5757/generated_artifacts/lateact/gate2/primary/0011_v1/left_to_right_direct_late.mp4	1137437	1bd6906d32c15ffa0e3b30a33e073debc3d2a057da960e9fd9334cb53cbfd17a	generated_video	regenerable_with_pinned_code_configs_seeds_upstreams_and_GPU_exact_encoded_bytes_not_guaranteed
external_large_artifact	-	/mnt/NAS/data/hl5757/generated_artifacts/lateact/gate2/primary/0011_v1/left_to_right_direct_late.pt	339318	02f701312b3e0fff50dc768404adcc00b6fd32275a2f45d1a1a7e78843cf0883	generated_latent_tensor	regenerable_with_pinned_code_configs_seeds_upstreams_and_GPU_exact_encoded_bytes_not_guaranteed
external_large_artifact	-	/mnt/NAS/data/hl5757/generated_artifacts/lateact/gate2/primary/0011_v1/left_to_right_lateact.mp4	1071288	d3565ab570f2a9f502c89449bc8f6f6b082d77f6591aaefc18afd0ed90d41017	generated_video	regenerable_with_pinned_code_configs_seeds_upstreams_and_GPU_exact_encoded_bytes_not_guaranteed
external_large_artifact	-	/mnt/NAS/data/hl5757/generated_artifacts/lateact/gate2/primary/0011_v1/left_to_right_lateact.pt	339234	9b7b9dd3d60835c6be0f693c9ab83ea71e749a0300321a75a89a0b09e12a9730	generated_latent_tensor	regenerable_with_pinned_code_configs_seeds_upstreams_and_GPU_exact_encoded_bytes_not_guaranteed
external_large_artifact	-	/mnt/NAS/data/hl5757/generated_artifacts/lateact/gate2/primary/0011_v1/left_to_right_new_oracle.mp4	1067320	5a975a95de07fbd5e69f64d7d0c7752d7eef6f285585b812adb1cf6820a9bb04	generated_video	regenerable_with_pinned_code_configs_seeds_upstreams_and_GPU_exact_encoded_bytes_not_guaranteed
external_large_artifact	-	/mnt/NAS/data/hl5757/generated_artifacts/lateact/gate2/primary/0011_v1/left_to_right_new_oracle.pt	339313	e1bdcd524eb6f32217d77259cb644c9be366119d5a48d4209e57da1aca58452a	generated_latent_tensor	regenerable_with_pinned_code_configs_seeds_upstreams_and_GPU_exact_encoded_bytes_not_guaranteed
external_large_artifact	-	/mnt/NAS/data/hl5757/generated_artifacts/lateact/gate2/primary/0011_v1/left_to_right_next_new.mp4	1820205	cee9dc4d5a05b7d9145485900c8784a428426fcbb9ef77633e14b5f0f0b62294	generated_video	regenerable_with_pinned_code_configs_seeds_upstreams_and_GPU_exact_encoded_bytes_not_guaranteed
external_large_artifact	-	/mnt/NAS/data/hl5757/generated_artifacts/lateact/gate2/primary/0011_v1/left_to_right_next_new.pt	339303	002f7e7b9360a6b2170298b1fbf83e47c5b37e04681cbfe5d5405742ddabc9ee	generated_latent_tensor	regenerable_with_pinned_code_configs_seeds_upstreams_and_GPU_exact_encoded_bytes_not_guaranteed
external_large_artifact	-	/mnt/NAS/data/hl5757/generated_artifacts/lateact/gate2/primary/0011_v1/left_to_right_next_old.mp4	1874420	886e1d06f3a62011a56d3bf8b88d1ed035d1b83bccd5577f65787cad8fc9f241	generated_video	regenerable_with_pinned_code_configs_seeds_upstreams_and_GPU_exact_encoded_bytes_not_guaranteed
external_large_artifact	-	/mnt/NAS/data/hl5757/generated_artifacts/lateact/gate2/primary/0011_v1/left_to_right_next_old.pt	339303	0f47968945065dfa07fc75bb9a90a2b87af5f37037e4d5e10dfb64e3b9c12c8b	generated_latent_tensor	regenerable_with_pinned_code_configs_seeds_upstreams_and_GPU_exact_encoded_bytes_not_guaranteed
external_large_artifact	-	/mnt/NAS/data/hl5757/generated_artifacts/lateact/gate2/primary/0011_v1/left_to_right_old.mp4	1099606	9df85e69d8752b13814eef446737cb64b17f7b86a93b39267cce6077a89f68a9	generated_video	regenerable_with_pinned_code_configs_seeds_upstreams_and_GPU_exact_encoded_bytes_not_guaranteed
external_large_artifact	-	/mnt/NAS/data/hl5757/generated_artifacts/lateact/gate2/primary/0011_v1/left_to_right_old.pt	339150	f2420ee50c98499d92db222cc3be07456debc1523357f76d04bcf03be93170fa	generated_latent_tensor	regenerable_with_pinned_code_configs_seeds_upstreams_and_GPU_exact_encoded_bytes_not_guaranteed
external_large_artifact	-	/mnt/NAS/data/hl5757/generated_artifacts/lateact/gate2/primary/0011_v1/right_to_left_direct_late.mp4	1183978	f094bcf2e5e0922b1d661d5bd8835e7cb4d826aa528da544ab3c5f22acc7599f	generated_video	regenerable_with_pinned_code_configs_seeds_upstreams_and_GPU_exact_encoded_bytes_not_guaranteed
external_large_artifact	-	/mnt/NAS/data/hl5757/generated_artifacts/lateact/gate2/primary/0011_v1/right_to_left_direct_late.pt	339318	33d908bbc931d177db87808f9d07543ae6fd5b071b916fec9510bd86ff97ac6b	generated_latent_tensor	regenerable_with_pinned_code_configs_seeds_upstreams_and_GPU_exact_encoded_bytes_not_guaranteed
external_large_artifact	-	/mnt/NAS/data/hl5757/generated_artifacts/lateact/gate2/primary/0011_v1/right_to_left_lateact.mp4	1105133	ccef4135dd32e66ae61fca00bd11d654c978a84c99a37fa9d040a30e119d313c	generated_video	regenerable_with_pinned_code_configs_seeds_upstreams_and_GPU_exact_encoded_bytes_not_guaranteed
external_large_artifact	-	/mnt/NAS/data/hl5757/generated_artifacts/lateact/gate2/primary/0011_v1/right_to_left_lateact.pt	339234	592c34200fe11445b2ea7f9c1ea1f12b8d4e9acb78ea830be87ede5ca5b55ab0	generated_latent_tensor	regenerable_with_pinned_code_configs_seeds_upstreams_and_GPU_exact_encoded_bytes_not_guaranteed
external_large_artifact	-	/mnt/NAS/data/hl5757/generated_artifacts/lateact/gate2/primary/0011_v1/right_to_left_new_oracle.mp4	1099606	9df85e69d8752b13814eef446737cb64b17f7b86a93b39267cce6077a89f68a9	generated_video	regenerable_with_pinned_code_configs_seeds_upstreams_and_GPU_exact_encoded_bytes_not_guaranteed
external_large_artifact	-	/mnt/NAS/data/hl5757/generated_artifacts/lateact/gate2/primary/0011_v1/right_to_left_new_oracle.pt	339313	d5f8bf640278f60ee4f797d0f2d18d32792c905ea0d14d1a39af3439f28d6966	generated_latent_tensor	regenerable_with_pinned_code_configs_seeds_upstreams_and_GPU_exact_encoded_bytes_not_guaranteed
external_large_artifact	-	/mnt/NAS/data/hl5757/generated_artifacts/lateact/gate2/primary/0011_v1/right_to_left_next_new.mp4	1762267	e3e86f71505c781c079ad8577d7a31164f9d8a05f296da2a8ea905e003215359	generated_video	regenerable_with_pinned_code_configs_seeds_upstreams_and_GPU_exact_encoded_bytes_not_guaranteed
external_large_artifact	-	/mnt/NAS/data/hl5757/generated_artifacts/lateact/gate2/primary/0011_v1/right_to_left_next_new.pt	339303	a6f7386f279cf93d873df1669ed01e7e6203e0e5faab8157f569a984f051b996	generated_latent_tensor	regenerable_with_pinned_code_configs_seeds_upstreams_and_GPU_exact_encoded_bytes_not_guaranteed
external_large_artifact	-	/mnt/NAS/data/hl5757/generated_artifacts/lateact/gate2/primary/0011_v1/right_to_left_next_old.mp4	1747674	de5296ff1a100010cb6309c70f194430b9268c434f7bce66ddb9e8bf78fc31a8	generated_video	regenerable_with_pinned_code_configs_seeds_upstreams_and_GPU_exact_encoded_bytes_not_guaranteed
external_large_artifact	-	/mnt/NAS/data/hl5757/generated_artifacts/lateact/gate2/primary/0011_v1/right_to_left_next_old.pt	339303	f5a4f05dc73218c53a69ac33fa9ab1f3b57e41667a69df065ad88e10043b38e8	generated_latent_tensor	regenerable_with_pinned_code_configs_seeds_upstreams_and_GPU_exact_encoded_bytes_not_guaranteed
external_large_artifact	-	/mnt/NAS/data/hl5757/generated_artifacts/lateact/gate2/primary/0011_v1/right_to_left_old.mp4	1067320	5a975a95de07fbd5e69f64d7d0c7752d7eef6f285585b812adb1cf6820a9bb04	generated_video	regenerable_with_pinned_code_configs_seeds_upstreams_and_GPU_exact_encoded_bytes_not_guaranteed
external_large_artifact	-	/mnt/NAS/data/hl5757/generated_artifacts/lateact/gate2/primary/0011_v1/right_to_left_old.pt	339150	15121a3184d6679388d5dcaed2594b652d34ab1cf57085fe060302a91ab31096	generated_latent_tensor	regenerable_with_pinned_code_configs_seeds_upstreams_and_GPU_exact_encoded_bytes_not_guaranteed
external_large_artifact	-	/mnt/NAS/data/hl5757/generated_artifacts/lateact/gate2/primary/0011_v2/left_to_right_direct_late.mp4	1136000	a5b9e1e1e5aef9fdb7dc5bb5076ff73d6366efd0ec838c95c096ec4fa504541f	generated_video	regenerable_with_pinned_code_configs_seeds_upstreams_and_GPU_exact_encoded_bytes_not_guaranteed
external_large_artifact	-	/mnt/NAS/data/hl5757/generated_artifacts/lateact/gate2/primary/0011_v2/left_to_right_direct_late.pt	339318	2148e57856d14e8ad9f37f16c167ea39488133be3efcefff4daa4065ae813324	generated_latent_tensor	regenerable_with_pinned_code_configs_seeds_upstreams_and_GPU_exact_encoded_bytes_not_guaranteed
external_large_artifact	-	/mnt/NAS/data/hl5757/generated_artifacts/lateact/gate2/primary/0011_v2/left_to_right_lateact.mp4	1056505	66dacd47e32c41b0e994b182df94ba70cff3c068e9c35e5a5a945b2fd91f7500	generated_video	regenerable_with_pinned_code_configs_seeds_upstreams_and_GPU_exact_encoded_bytes_not_guaranteed
external_large_artifact	-	/mnt/NAS/data/hl5757/generated_artifacts/lateact/gate2/primary/0011_v2/left_to_right_lateact.pt	339234	89be3d97a58ca6778fa50321204191cd0a31a199fef7ca096c94bfeec836a1e1	generated_latent_tensor	regenerable_with_pinned_code_configs_seeds_upstreams_and_GPU_exact_encoded_bytes_not_guaranteed
external_large_artifact	-	/mnt/NAS/data/hl5757/generated_artifacts/lateact/gate2/primary/0011_v2/left_to_right_new_oracle.mp4	1047786	8b5531086c8bb7a074805c477ac5ca64f06aa56b1f4f0489f727a467f8050712	generated_video	regenerable_with_pinned_code_configs_seeds_upstreams_and_GPU_exact_encoded_bytes_not_guaranteed
external_large_artifact	-	/mnt/NAS/data/hl5757/generated_artifacts/lateact/gate2/primary/0011_v2/left_to_right_new_oracle.pt	339313	0319fec47b0ca07716ef62e9e56d412446a4d54abf2cb33b10b429de7bd58f35	generated_latent_tensor	regenerable_with_pinned_code_configs_seeds_upstreams_and_GPU_exact_encoded_bytes_not_guaranteed
external_large_artifact	-	/mnt/NAS/data/hl5757/generated_artifacts/lateact/gate2/primary/0011_v2/left_to_right_next_new.mp4	1791043	4eac4564e8f96aa3f1b7fe1a338d4ff8aac8e1f299472fd7efe211a2050c0d70	generated_video	regenerable_with_pinned_code_configs_seeds_upstreams_and_GPU_exact_encoded_bytes_not_guaranteed
external_large_artifact	-	/mnt/NAS/data/hl5757/generated_artifacts/lateact/gate2/primary/0011_v2/left_to_right_next_new.pt	339303	d51049fd93ed497bb9d7f0b21f1e057248c7c7705f67e05c2a6b98b10a6dbebd	generated_latent_tensor	regenerable_with_pinned_code_configs_seeds_upstreams_and_GPU_exact_encoded_bytes_not_guaranteed
external_large_artifact	-	/mnt/NAS/data/hl5757/generated_artifacts/lateact/gate2/primary/0011_v2/left_to_right_next_old.mp4	1833757	d1bba37c36693e9e2cacee12dcbdf99c09df87775e1ba5c740da36b1465ffff2	generated_video	regenerable_with_pinned_code_configs_seeds_upstreams_and_GPU_exact_encoded_bytes_not_guaranteed
external_large_artifact	-	/mnt/NAS/data/hl5757/generated_artifacts/lateact/gate2/primary/0011_v2/left_to_right_next_old.pt	339303	85706b92862464ad1fac319c6a6f76446aa0097e037c85c0c6a832ca01144b0c	generated_latent_tensor	regenerable_with_pinned_code_configs_seeds_upstreams_and_GPU_exact_encoded_bytes_not_guaranteed
external_large_artifact	-	/mnt/NAS/data/hl5757/generated_artifacts/lateact/gate2/primary/0011_v2/left_to_right_old.mp4	1081995	29f56c535569910090e58a387076dbdcd2e0e798acd3912371f1ba21a80ad4ad	generated_video	regenerable_with_pinned_code_configs_seeds_upstreams_and_GPU_exact_encoded_bytes_not_guaranteed
external_large_artifact	-	/mnt/NAS/data/hl5757/generated_artifacts/lateact/gate2/primary/0011_v2/left_to_right_old.pt	339150	8e4280f5b1690f0e86b8dfe2ef3c6c94544e3ad4c9f345917d75012493eac2ab	generated_latent_tensor	regenerable_with_pinned_code_configs_seeds_upstreams_and_GPU_exact_encoded_bytes_not_guaranteed
external_large_artifact	-	/mnt/NAS/data/hl5757/generated_artifacts/lateact/gate2/primary/0011_v2/right_to_left_direct_late.mp4	1134257	e065f1b86b6aaa8a02bc28bd111c5070043391655740dff53ae26f5e3d81f06c	generated_video	regenerable_with_pinned_code_configs_seeds_upstreams_and_GPU_exact_encoded_bytes_not_guaranteed
external_large_artifact	-	/mnt/NAS/data/hl5757/generated_artifacts/lateact/gate2/primary/0011_v2/right_to_left_direct_late.pt	339318	c8b2c3ccb420b37c32ee7106d71064c4bacf3ed78c3f8a37278d1fd7fd9aa781	generated_latent_tensor	regenerable_with_pinned_code_configs_seeds_upstreams_and_GPU_exact_encoded_bytes_not_guaranteed
external_large_artifact	-	/mnt/NAS/data/hl5757/generated_artifacts/lateact/gate2/primary/0011_v2/right_to_left_lateact.mp4	1093016	0d723606350e2ad38b94b9a312e0a009734aef195dc517c1c863b00e1ce27458	generated_video	regenerable_with_pinned_code_configs_seeds_upstreams_and_GPU_exact_encoded_bytes_not_guaranteed
external_large_artifact	-	/mnt/NAS/data/hl5757/generated_artifacts/lateact/gate2/primary/0011_v2/right_to_left_lateact.pt	339234	cfe0d1f758af73e82955c8d574b8a56e1d8dc27a13596c0ba4cb18237d22c9d2	generated_latent_tensor	regenerable_with_pinned_code_configs_seeds_upstreams_and_GPU_exact_encoded_bytes_not_guaranteed
external_large_artifact	-	/mnt/NAS/data/hl5757/generated_artifacts/lateact/gate2/primary/0011_v2/right_to_left_new_oracle.mp4	1081995	29f56c535569910090e58a387076dbdcd2e0e798acd3912371f1ba21a80ad4ad	generated_video	regenerable_with_pinned_code_configs_seeds_upstreams_and_GPU_exact_encoded_bytes_not_guaranteed
external_large_artifact	-	/mnt/NAS/data/hl5757/generated_artifacts/lateact/gate2/primary/0011_v2/right_to_left_new_oracle.pt	339313	76756d4271bf55c051894f82473a5d1ed055e77ddb90ae60b603500f3df75a1f	generated_latent_tensor	regenerable_with_pinned_code_configs_seeds_upstreams_and_GPU_exact_encoded_bytes_not_guaranteed
external_large_artifact	-	/mnt/NAS/data/hl5757/generated_artifacts/lateact/gate2/primary/0011_v2/right_to_left_next_new.mp4	1730129	63b2724cdebeb7b0382d0834f9523f62e299bdc8b0b6b21d005fc4af1a7be52d	generated_video	regenerable_with_pinned_code_configs_seeds_upstreams_and_GPU_exact_encoded_bytes_not_guaranteed
external_large_artifact	-	/mnt/NAS/data/hl5757/generated_artifacts/lateact/gate2/primary/0011_v2/right_to_left_next_new.pt	339303	10507e3b73a297ea3f0abd8b1dad1f4f6bd23f4c7104661d622cd5ca65e4a0ef	generated_latent_tensor	regenerable_with_pinned_code_configs_seeds_upstreams_and_GPU_exact_encoded_bytes_not_guaranteed
external_large_artifact	-	/mnt/NAS/data/hl5757/generated_artifacts/lateact/gate2/primary/0011_v2/right_to_left_next_old.mp4	1691332	ca08c61edb8859eb70798259785960fdd0babb42dd8662a6ae950aab9a593e08	generated_video	regenerable_with_pinned_code_configs_seeds_upstreams_and_GPU_exact_encoded_bytes_not_guaranteed
external_large_artifact	-	/mnt/NAS/data/hl5757/generated_artifacts/lateact/gate2/primary/0011_v2/right_to_left_next_old.pt	339303	a08746ec8b45237bccc4044e177d416872563e1fd500e0492d531487af2e77c5	generated_latent_tensor	regenerable_with_pinned_code_configs_seeds_upstreams_and_GPU_exact_encoded_bytes_not_guaranteed
external_large_artifact	-	/mnt/NAS/data/hl5757/generated_artifacts/lateact/gate2/primary/0011_v2/right_to_left_old.mp4	1047786	8b5531086c8bb7a074805c477ac5ca64f06aa56b1f4f0489f727a467f8050712	generated_video	regenerable_with_pinned_code_configs_seeds_upstreams_and_GPU_exact_encoded_bytes_not_guaranteed
external_large_artifact	-	/mnt/NAS/data/hl5757/generated_artifacts/lateact/gate2/primary/0011_v2/right_to_left_old.pt	339150	37dd69c56a041d0a4fa37164b0c1fe17fd07f907200e66f84eb134d855e20db4	generated_latent_tensor	regenerable_with_pinned_code_configs_seeds_upstreams_and_GPU_exact_encoded_bytes_not_guaranteed
external_large_artifact	-	/mnt/NAS/data/hl5757/generated_artifacts/lateact/gate2/primary/0011_v3/left_to_right_direct_late.mp4	1112271	22774eb89577e51e6ea2a959073dbdd45ae10eccda250b0f9d5a80cb63dfaeed	generated_video	regenerable_with_pinned_code_configs_seeds_upstreams_and_GPU_exact_encoded_bytes_not_guaranteed
external_large_artifact	-	/mnt/NAS/data/hl5757/generated_artifacts/lateact/gate2/primary/0011_v3/left_to_right_direct_late.pt	339318	0f9a42f87afb586250953abcbd73904a95594a833e8849c397a7e90d3c1683ea	generated_latent_tensor	regenerable_with_pinned_code_configs_seeds_upstreams_and_GPU_exact_encoded_bytes_not_guaranteed
external_large_artifact	-	/mnt/NAS/data/hl5757/generated_artifacts/lateact/gate2/primary/0011_v3/left_to_right_lateact.mp4	1053281	8e84b6511114308d620beb744108fa8fefd4bb638d64ec965cb6d8cbb4dd5b10	generated_video	regenerable_with_pinned_code_configs_seeds_upstreams_and_GPU_exact_encoded_bytes_not_guaranteed
external_large_artifact	-	/mnt/NAS/data/hl5757/generated_artifacts/lateact/gate2/primary/0011_v3/left_to_right_lateact.pt	339234	63df38cd32a1fb518606bf4c35a772f5e7f3ea3511e4832c1229c78a0ac5572a	generated_latent_tensor	regenerable_with_pinned_code_configs_seeds_upstreams_and_GPU_exact_encoded_bytes_not_guaranteed
external_large_artifact	-	/mnt/NAS/data/hl5757/generated_artifacts/lateact/gate2/primary/0011_v3/left_to_right_new_oracle.mp4	1051594	dd2c3df992179922eb70dd789852c4de6b43488771c48dac84754cd0147d01f4	generated_video	regenerable_with_pinned_code_configs_seeds_upstreams_and_GPU_exact_encoded_bytes_not_guaranteed
external_large_artifact	-	/mnt/NAS/data/hl5757/generated_artifacts/lateact/gate2/primary/0011_v3/left_to_right_new_oracle.pt	339313	5d3518f667abd126963d73b8decba29318e8bdbc22cff99f59cee45f7d1da5e6	generated_latent_tensor	regenerable_with_pinned_code_configs_seeds_upstreams_and_GPU_exact_encoded_bytes_not_guaranteed
external_large_artifact	-	/mnt/NAS/data/hl5757/generated_artifacts/lateact/gate2/primary/0011_v3/left_to_right_next_new.mp4	1795128	21f9b9d137805e461f2472e4cccee78505fbf01095df8e6381f6be9e68389c27	generated_video	regenerable_with_pinned_code_configs_seeds_upstreams_and_GPU_exact_encoded_bytes_not_guaranteed
external_large_artifact	-	/mnt/NAS/data/hl5757/generated_artifacts/lateact/gate2/primary/0011_v3/left_to_right_next_new.pt	339303	e2a9ef45e180b9e261706b4aacb17e45f3544dc99c5a3cd3ced7bcae2543707d	generated_latent_tensor	regenerable_with_pinned_code_configs_seeds_upstreams_and_GPU_exact_encoded_bytes_not_guaranteed
external_large_artifact	-	/mnt/NAS/data/hl5757/generated_artifacts/lateact/gate2/primary/0011_v3/left_to_right_next_old.mp4	1852940	6c9bb457f933018fe23abe59850f8e98a068574036e9b39a035a3e8d518ba603	generated_video	regenerable_with_pinned_code_configs_seeds_upstreams_and_GPU_exact_encoded_bytes_not_guaranteed
external_large_artifact	-	/mnt/NAS/data/hl5757/generated_artifacts/lateact/gate2/primary/0011_v3/left_to_right_next_old.pt	339303	88af20b953b7d577728ac47b7b3b94b58c10dc8bb08c3973fcf120f2dc187068	generated_latent_tensor	regenerable_with_pinned_code_configs_seeds_upstreams_and_GPU_exact_encoded_bytes_not_guaranteed
external_large_artifact	-	/mnt/NAS/data/hl5757/generated_artifacts/lateact/gate2/primary/0011_v3/left_to_right_old.mp4	1084321	3f93549f974ddb8508d635943e583cd26d8306dec99cf7779a591c0da9935b16	generated_video	regenerable_with_pinned_code_configs_seeds_upstreams_and_GPU_exact_encoded_bytes_not_guaranteed
external_large_artifact	-	/mnt/NAS/data/hl5757/generated_artifacts/lateact/gate2/primary/0011_v3/left_to_right_old.pt	339150	2a38fba333716341237cd075a51f698032b29b78f68e0f8dd37a2f8dfe2cdcf9	generated_latent_tensor	regenerable_with_pinned_code_configs_seeds_upstreams_and_GPU_exact_encoded_bytes_not_guaranteed
external_large_artifact	-	/mnt/NAS/data/hl5757/generated_artifacts/lateact/gate2/primary/0011_v3/right_to_left_direct_late.mp4	1150902	1e5de5f3a28ffa97e5c5af2728a4353016f6ad22782cff3d0e90ce36e241fda0	generated_video	regenerable_with_pinned_code_configs_seeds_upstreams_and_GPU_exact_encoded_bytes_not_guaranteed
external_large_artifact	-	/mnt/NAS/data/hl5757/generated_artifacts/lateact/gate2/primary/0011_v3/right_to_left_direct_late.pt	339318	08845fb7687fd8e3a2319d07fa64c005be57fd02c798a32d1f19c2bef7eea4f5	generated_latent_tensor	regenerable_with_pinned_code_configs_seeds_upstreams_and_GPU_exact_encoded_bytes_not_guaranteed
external_large_artifact	-	/mnt/NAS/data/hl5757/generated_artifacts/lateact/gate2/primary/0011_v3/right_to_left_lateact.mp4	1097581	8b43c1480bf0737fdbba08f158e80bc85dd31553bfcd1ea300a1f5b11e4cc9dc	generated_video	regenerable_with_pinned_code_configs_seeds_upstreams_and_GPU_exact_encoded_bytes_not_guaranteed
external_large_artifact	-	/mnt/NAS/data/hl5757/generated_artifacts/lateact/gate2/primary/0011_v3/right_to_left_lateact.pt	339234	44d737f70221f2a8406f401041f472d529e19206d34802e57b1ec145102245d0	generated_latent_tensor	regenerable_with_pinned_code_configs_seeds_upstreams_and_GPU_exact_encoded_bytes_not_guaranteed
external_large_artifact	-	/mnt/NAS/data/hl5757/generated_artifacts/lateact/gate2/primary/0011_v3/right_to_left_new_oracle.mp4	1084321	3f93549f974ddb8508d635943e583cd26d8306dec99cf7779a591c0da9935b16	generated_video	regenerable_with_pinned_code_configs_seeds_upstreams_and_GPU_exact_encoded_bytes_not_guaranteed
external_large_artifact	-	/mnt/NAS/data/hl5757/generated_artifacts/lateact/gate2/primary/0011_v3/right_to_left_new_oracle.pt	339313	5ce3684f0af14b3f26231870c27b603d33039c15aa1f8e6f73637ac98de8b85c	generated_latent_tensor	regenerable_with_pinned_code_configs_seeds_upstreams_and_GPU_exact_encoded_bytes_not_guaranteed
external_large_artifact	-	/mnt/NAS/data/hl5757/generated_artifacts/lateact/gate2/primary/0011_v3/right_to_left_next_new.mp4	1735282	a136cf753c4a47fc1888e9429d427dc2e85da2824b7e2cfacbadccbd61418e6a	generated_video	regenerable_with_pinned_code_configs_seeds_upstreams_and_GPU_exact_encoded_bytes_not_guaranteed
external_large_artifact	-	/mnt/NAS/data/hl5757/generated_artifacts/lateact/gate2/primary/0011_v3/right_to_left_next_new.pt	339303	af6079205bf0067804852ad2f4a9a8b6fc0574ffbe481d202ab33ebfe253bd20	generated_latent_tensor	regenerable_with_pinned_code_configs_seeds_upstreams_and_GPU_exact_encoded_bytes_not_guaranteed
external_large_artifact	-	/mnt/NAS/data/hl5757/generated_artifacts/lateact/gate2/primary/0011_v3/right_to_left_next_old.mp4	1737986	02a1d0b578c8a8423781c6a8667c0edf4493cbe0e506a517ac03cc12636f5616	generated_video	regenerable_with_pinned_code_configs_seeds_upstreams_and_GPU_exact_encoded_bytes_not_guaranteed
external_large_artifact	-	/mnt/NAS/data/hl5757/generated_artifacts/lateact/gate2/primary/0011_v3/right_to_left_next_old.pt	339303	ca5c740a1e73c2933e0fcc7a7420642299c12727d19ae683da2f0e8a5149e423	generated_latent_tensor	regenerable_with_pinned_code_configs_seeds_upstreams_and_GPU_exact_encoded_bytes_not_guaranteed
external_large_artifact	-	/mnt/NAS/data/hl5757/generated_artifacts/lateact/gate2/primary/0011_v3/right_to_left_old.mp4	1051594	dd2c3df992179922eb70dd789852c4de6b43488771c48dac84754cd0147d01f4	generated_video	regenerable_with_pinned_code_configs_seeds_upstreams_and_GPU_exact_encoded_bytes_not_guaranteed
external_large_artifact	-	/mnt/NAS/data/hl5757/generated_artifacts/lateact/gate2/primary/0011_v3/right_to_left_old.pt	339150	38a56ec67cf4d410136203a49916bbc8297ea6802a467519add8a364323c2a68	generated_latent_tensor	regenerable_with_pinned_code_configs_seeds_upstreams_and_GPU_exact_encoded_bytes_not_guaranteed
external_large_artifact	-	/mnt/NAS/data/hl5757/generated_artifacts/lateact/gate2/primary/0012_v0/left_to_right_direct_late.mp4	1140803	a044c56af82239a0b9cba96d034994cf4df2cc875fc06de354f0819cc25daa26	generated_video	regenerable_with_pinned_code_configs_seeds_upstreams_and_GPU_exact_encoded_bytes_not_guaranteed
external_large_artifact	-	/mnt/NAS/data/hl5757/generated_artifacts/lateact/gate2/primary/0012_v0/left_to_right_direct_late.pt	339318	f5fd7108b6094e3d44e32714b2549156928540abc276ccd3eea28d171dfcb4cd	generated_latent_tensor	regenerable_with_pinned_code_configs_seeds_upstreams_and_GPU_exact_encoded_bytes_not_guaranteed
external_large_artifact	-	/mnt/NAS/data/hl5757/generated_artifacts/lateact/gate2/primary/0012_v0/left_to_right_lateact.mp4	984854	d4a40582f8e3c33551f4679fe8677d1498c419a44ee1694671649d914c8dfb0b	generated_video	regenerable_with_pinned_code_configs_seeds_upstreams_and_GPU_exact_encoded_bytes_not_guaranteed
external_large_artifact	-	/mnt/NAS/data/hl5757/generated_artifacts/lateact/gate2/primary/0012_v0/left_to_right_lateact.pt	339234	338fc68214ddb6b600aac28cb76148abede1ff7924117f1376c377bcf9cf4568	generated_latent_tensor	regenerable_with_pinned_code_configs_seeds_upstreams_and_GPU_exact_encoded_bytes_not_guaranteed
external_large_artifact	-	/mnt/NAS/data/hl5757/generated_artifacts/lateact/gate2/primary/0012_v0/left_to_right_new_oracle.mp4	997412	533579e2c3f5e369b1cb0856fc02235f0410f24768eb4d8c7f9f7e7457f0ca5e	generated_video	regenerable_with_pinned_code_configs_seeds_upstreams_and_GPU_exact_encoded_bytes_not_guaranteed
external_large_artifact	-	/mnt/NAS/data/hl5757/generated_artifacts/lateact/gate2/primary/0012_v0/left_to_right_new_oracle.pt	339313	6e8f94d8d0b1b37bb5c64c759ad948e4dbc5d20fb6f1a75b4262e61483f28cbf	generated_latent_tensor	regenerable_with_pinned_code_configs_seeds_upstreams_and_GPU_exact_encoded_bytes_not_guaranteed
external_large_artifact	-	/mnt/NAS/data/hl5757/generated_artifacts/lateact/gate2/primary/0012_v0/left_to_right_next_new.mp4	1702614	5a8238a727eca907e6514335fd1fdf9e523c2edbfce739bab9e9e67d089c74a9	generated_video	regenerable_with_pinned_code_configs_seeds_upstreams_and_GPU_exact_encoded_bytes_not_guaranteed
external_large_artifact	-	/mnt/NAS/data/hl5757/generated_artifacts/lateact/gate2/primary/0012_v0/left_to_right_next_new.pt	339303	bb8cdf85f55d9d99583743ed9f312dfee205385333682d6b29ff02673a379d55	generated_latent_tensor	regenerable_with_pinned_code_configs_seeds_upstreams_and_GPU_exact_encoded_bytes_not_guaranteed
external_large_artifact	-	/mnt/NAS/data/hl5757/generated_artifacts/lateact/gate2/primary/0012_v0/left_to_right_next_old.mp4	1785980	d3b0506ac2f9b346c130963f9e4c4c3886ff29419268f1211340962444f4ba53	generated_video	regenerable_with_pinned_code_configs_seeds_upstreams_and_GPU_exact_encoded_bytes_not_guaranteed
external_large_artifact	-	/mnt/NAS/data/hl5757/generated_artifacts/lateact/gate2/primary/0012_v0/left_to_right_next_old.pt	339303	4f1a5508ceeb7f567c9f46efa07e295a83531b463667cc06ae745d59088e5347	generated_latent_tensor	regenerable_with_pinned_code_configs_seeds_upstreams_and_GPU_exact_encoded_bytes_not_guaranteed
external_large_artifact	-	/mnt/NAS/data/hl5757/generated_artifacts/lateact/gate2/primary/0012_v0/left_to_right_old.mp4	1002870	791f4809255f64b3acf7edf73d8a35fdff6a1c5ea0f1980784538a56ae4aa79c	generated_video	regenerable_with_pinned_code_configs_seeds_upstreams_and_GPU_exact_encoded_bytes_not_guaranteed
external_large_artifact	-	/mnt/NAS/data/hl5757/generated_artifacts/lateact/gate2/primary/0012_v0/left_to_right_old.pt	339150	c7fa89fb404f40d6599807687434f2095800a56e57f450fb1dfc62533dde12cb	generated_latent_tensor	regenerable_with_pinned_code_configs_seeds_upstreams_and_GPU_exact_encoded_bytes_not_guaranteed
external_large_artifact	-	/mnt/NAS/data/hl5757/generated_artifacts/lateact/gate2/primary/0012_v0/right_to_left_direct_late.mp4	1120312	a3e404e93e186e9ed852f37c6c2b8c4148cd26d6f05ab8ab444f182932c5bd1f	generated_video	regenerable_with_pinned_code_configs_seeds_upstreams_and_GPU_exact_encoded_bytes_not_guaranteed
external_large_artifact	-	/mnt/NAS/data/hl5757/generated_artifacts/lateact/gate2/primary/0012_v0/right_to_left_direct_late.pt	339318	c372488fa29709f7284c788fa6d230e961823b1035e24775baf1320683f0b31f	generated_latent_tensor	regenerable_with_pinned_code_configs_seeds_upstreams_and_GPU_exact_encoded_bytes_not_guaranteed
external_large_artifact	-	/mnt/NAS/data/hl5757/generated_artifacts/lateact/gate2/primary/0012_v0/right_to_left_lateact.mp4	1000066	86d5b9c2d4348d5aa33431e58fc6a032a8c74618c4acbe5a4d7ca73c43a8af92	generated_video	regenerable_with_pinned_code_configs_seeds_upstreams_and_GPU_exact_encoded_bytes_not_guaranteed
external_large_artifact	-	/mnt/NAS/data/hl5757/generated_artifacts/lateact/gate2/primary/0012_v0/right_to_left_lateact.pt	339234	bd2d70eeb9f8abd9c1aea8846a2a5c1bbb65b7f02cf69a8230d06951acd3145a	generated_latent_tensor	regenerable_with_pinned_code_configs_seeds_upstreams_and_GPU_exact_encoded_bytes_not_guaranteed
external_large_artifact	-	/mnt/NAS/data/hl5757/generated_artifacts/lateact/gate2/primary/0012_v0/right_to_left_new_oracle.mp4	1002870	791f4809255f64b3acf7edf73d8a35fdff6a1c5ea0f1980784538a56ae4aa79c	generated_video	regenerable_with_pinned_code_configs_seeds_upstreams_and_GPU_exact_encoded_bytes_not_guaranteed
external_large_artifact	-	/mnt/NAS/data/hl5757/generated_artifacts/lateact/gate2/primary/0012_v0/right_to_left_new_oracle.pt	339313	bf6b697d76d33ecbb5205c412f38b1c0f3cc2256594b1d4d585b28a774c0d022	generated_latent_tensor	regenerable_with_pinned_code_configs_seeds_upstreams_and_GPU_exact_encoded_bytes_not_guaranteed
external_large_artifact	-	/mnt/NAS/data/hl5757/generated_artifacts/lateact/gate2/primary/0012_v0/right_to_left_next_new.mp4	1658628	922455dcdcec14234ffd97839b0cf2c167cf8f0fb0b2fbf449974efb54605b7b	generated_video	regenerable_with_pinned_code_configs_seeds_upstreams_and_GPU_exact_encoded_bytes_not_guaranteed
external_large_artifact	-	/mnt/NAS/data/hl5757/generated_artifacts/lateact/gate2/primary/0012_v0/right_to_left_next_new.pt	339303	8db317b45f0a1563a38c3778d72d778447cb2d417746071405b3ab00dec83cae	generated_latent_tensor	regenerable_with_pinned_code_configs_seeds_upstreams_and_GPU_exact_encoded_bytes_not_guaranteed
external_large_artifact	-	/mnt/NAS/data/hl5757/generated_artifacts/lateact/gate2/primary/0012_v0/right_to_left_next_old.mp4	1688906	f438267c72cbfee736a8e89a95be49a91f26e4d948bb5826776b340cdded57db	generated_video	regenerable_with_pinned_code_configs_seeds_upstreams_and_GPU_exact_encoded_bytes_not_guaranteed
external_large_artifact	-	/mnt/NAS/data/hl5757/generated_artifacts/lateact/gate2/primary/0012_v0/right_to_left_next_old.pt	339303	bae4b41a172d44e7dee8f06a78a750168f8fad3b717072a1d32ed696b1d3a805	generated_latent_tensor	regenerable_with_pinned_code_configs_seeds_upstreams_and_GPU_exact_encoded_bytes_not_guaranteed
external_large_artifact	-	/mnt/NAS/data/hl5757/generated_artifacts/lateact/gate2/primary/0012_v0/right_to_left_old.mp4	997412	533579e2c3f5e369b1cb0856fc02235f0410f24768eb4d8c7f9f7e7457f0ca5e	generated_video	regenerable_with_pinned_code_configs_seeds_upstreams_and_GPU_exact_encoded_bytes_not_guaranteed
external_large_artifact	-	/mnt/NAS/data/hl5757/generated_artifacts/lateact/gate2/primary/0012_v0/right_to_left_old.pt	339150	0c236dd583eb39278da1d4d397222616e5996192c63ab5e60696c380e8115c7b	generated_latent_tensor	regenerable_with_pinned_code_configs_seeds_upstreams_and_GPU_exact_encoded_bytes_not_guaranteed
external_large_artifact	-	/mnt/NAS/data/hl5757/generated_artifacts/lateact/gate2/primary/0012_v1/left_to_right_direct_late.mp4	1110263	549a42e69be4688de5a512f917b2548218e4fc52a5644695ad4b08eda0ba07bc	generated_video	regenerable_with_pinned_code_configs_seeds_upstreams_and_GPU_exact_encoded_bytes_not_guaranteed
external_large_artifact	-	/mnt/NAS/data/hl5757/generated_artifacts/lateact/gate2/primary/0012_v1/left_to_right_direct_late.pt	339318	ac77feaace9f3a8b0b2e6d4e5cf063633cad076e67b13046e335a97d4a525042	generated_latent_tensor	regenerable_with_pinned_code_configs_seeds_upstreams_and_GPU_exact_encoded_bytes_not_guaranteed
external_large_artifact	-	/mnt/NAS/data/hl5757/generated_artifacts/lateact/gate2/primary/0012_v1/left_to_right_lateact.mp4	970648	f014241ae3fb5bb6e85309e0e9bcbb1f4620b2843be6c0252c1e03718c2f4f51	generated_video	regenerable_with_pinned_code_configs_seeds_upstreams_and_GPU_exact_encoded_bytes_not_guaranteed
external_large_artifact	-	/mnt/NAS/data/hl5757/generated_artifacts/lateact/gate2/primary/0012_v1/left_to_right_lateact.pt	339234	be121d198d4e208903935a2ce489e110e9e98f48af3bf3bbd8f2285232485777	generated_latent_tensor	regenerable_with_pinned_code_configs_seeds_upstreams_and_GPU_exact_encoded_bytes_not_guaranteed
external_large_artifact	-	/mnt/NAS/data/hl5757/generated_artifacts/lateact/gate2/primary/0012_v1/left_to_right_new_oracle.mp4	984461	a49abb7523fb52109ec038ef6ab8e7d89e2e8e13a07ddea865eb2b6284925d92	generated_video	regenerable_with_pinned_code_configs_seeds_upstreams_and_GPU_exact_encoded_bytes_not_guaranteed
external_large_artifact	-	/mnt/NAS/data/hl5757/generated_artifacts/lateact/gate2/primary/0012_v1/left_to_right_new_oracle.pt	339313	168a2178e4ea9bbf16367c8213628191b0496fb63ef333e3770ecb6405b78fcb	generated_latent_tensor	regenerable_with_pinned_code_configs_seeds_upstreams_and_GPU_exact_encoded_bytes_not_guaranteed
external_large_artifact	-	/mnt/NAS/data/hl5757/generated_artifacts/lateact/gate2/primary/0012_v1/left_to_right_next_new.mp4	1680714	8891bcc0559f460353c50d350e525ecc79cb0deaaff8a578d919fdd77dbf1c41	generated_video	regenerable_with_pinned_code_configs_seeds_upstreams_and_GPU_exact_encoded_bytes_not_guaranteed
external_large_artifact	-	/mnt/NAS/data/hl5757/generated_artifacts/lateact/gate2/primary/0012_v1/left_to_right_next_new.pt	339303	1d02a737a8dd040f767f06707427a72b92991e9cd480d22730ea4ec936759cc9	generated_latent_tensor	regenerable_with_pinned_code_configs_seeds_upstreams_and_GPU_exact_encoded_bytes_not_guaranteed
external_large_artifact	-	/mnt/NAS/data/hl5757/generated_artifacts/lateact/gate2/primary/0012_v1/left_to_right_next_old.mp4	1767632	d9bdb35e130279d194fdca0c12db7eb11a7f98a3ad6fb7de73696c0dcb907fc4	generated_video	regenerable_with_pinned_code_configs_seeds_upstreams_and_GPU_exact_encoded_bytes_not_guaranteed
external_large_artifact	-	/mnt/NAS/data/hl5757/generated_artifacts/lateact/gate2/primary/0012_v1/left_to_right_next_old.pt	339303	1c90ef448ef677ba0c5f75b4719d948a8008c0fa4dab0ebafff9ab507afffef8	generated_latent_tensor	regenerable_with_pinned_code_configs_seeds_upstreams_and_GPU_exact_encoded_bytes_not_guaranteed
external_large_artifact	-	/mnt/NAS/data/hl5757/generated_artifacts/lateact/gate2/primary/0012_v1/left_to_right_old.mp4	994823	78a3e1635141cd96b744644fb59dc8c92a7ce9b12ad5723ebc6b4929ac3f1015	generated_video	regenerable_with_pinned_code_configs_seeds_upstreams_and_GPU_exact_encoded_bytes_not_guaranteed
external_large_artifact	-	/mnt/NAS/data/hl5757/generated_artifacts/lateact/gate2/primary/0012_v1/left_to_right_old.pt	339150	dddf1e00d13b129bf3f18ef220734b0c77d3d045b5ac55904e90e36fdfc975d6	generated_latent_tensor	regenerable_with_pinned_code_configs_seeds_upstreams_and_GPU_exact_encoded_bytes_not_guaranteed
external_large_artifact	-	/mnt/NAS/data/hl5757/generated_artifacts/lateact/gate2/primary/0012_v1/right_to_left_direct_late.mp4	1096463	025b0e924b29603a7743d1d2c003774afaebc642dbcceae0f001d907e20b5d64	generated_video	regenerable_with_pinned_code_configs_seeds_upstreams_and_GPU_exact_encoded_bytes_not_guaranteed
external_large_artifact	-	/mnt/NAS/data/hl5757/generated_artifacts/lateact/gate2/primary/0012_v1/right_to_left_direct_late.pt	339318	6fe5db90fe55027c77857f8e80c510617c0c2a57562e434648cef52e08bcb310	generated_latent_tensor	regenerable_with_pinned_code_configs_seeds_upstreams_and_GPU_exact_encoded_bytes_not_guaranteed
external_large_artifact	-	/mnt/NAS/data/hl5757/generated_artifacts/lateact/gate2/primary/0012_v1/right_to_left_lateact.mp4	989223	6991f6ad340f40b4e8745a65418ac193a29410686792f1d6f6959c07ba38b0e8	generated_video	regenerable_with_pinned_code_configs_seeds_upstreams_and_GPU_exact_encoded_bytes_not_guaranteed
external_large_artifact	-	/mnt/NAS/data/hl5757/generated_artifacts/lateact/gate2/primary/0012_v1/right_to_left_lateact.pt	339234	a61342e5f9f696a9ae2fccae38855069019b07f43e2f84b672443002a81d14e7	generated_latent_tensor	regenerable_with_pinned_code_configs_seeds_upstreams_and_GPU_exact_encoded_bytes_not_guaranteed
external_large_artifact	-	/mnt/NAS/data/hl5757/generated_artifacts/lateact/gate2/primary/0012_v1/right_to_left_new_oracle.mp4	994823	78a3e1635141cd96b744644fb59dc8c92a7ce9b12ad5723ebc6b4929ac3f1015	generated_video	regenerable_with_pinned_code_configs_seeds_upstreams_and_GPU_exact_encoded_bytes_not_guaranteed
external_large_artifact	-	/mnt/NAS/data/hl5757/generated_artifacts/lateact/gate2/primary/0012_v1/right_to_left_new_oracle.pt	339313	0989dfb7ce306462e9615cd08e8cefe89aaf3f7c4dc81dbe694ec300bf4e8c0f	generated_latent_tensor	regenerable_with_pinned_code_configs_seeds_upstreams_and_GPU_exact_encoded_bytes_not_guaranteed
external_large_artifact	-	/mnt/NAS/data/hl5757/generated_artifacts/lateact/gate2/primary/0012_v1/right_to_left_next_new.mp4	1635141	8f92a6602fcfe5288199f457bee746704db88d5e8ec9e5a8bd0ff2d4d5e20c0d	generated_video	regenerable_with_pinned_code_configs_seeds_upstreams_and_GPU_exact_encoded_bytes_not_guaranteed
external_large_artifact	-	/mnt/NAS/data/hl5757/generated_artifacts/lateact/gate2/primary/0012_v1/right_to_left_next_new.pt	339303	64873e5c4d16dbf96a76d0f5736a262f694b7bd4df7b43ff506a95a84ee45678	generated_latent_tensor	regenerable_with_pinned_code_configs_seeds_upstreams_and_GPU_exact_encoded_bytes_not_guaranteed
external_large_artifact	-	/mnt/NAS/data/hl5757/generated_artifacts/lateact/gate2/primary/0012_v1/right_to_left_next_old.mp4	1666108	7eae9bf3c83b0290de6f662b920b0c453a3863c73c3749534e9b57d21f69bbca	generated_video	regenerable_with_pinned_code_configs_seeds_upstreams_and_GPU_exact_encoded_bytes_not_guaranteed
external_large_artifact	-	/mnt/NAS/data/hl5757/generated_artifacts/lateact/gate2/primary/0012_v1/right_to_left_next_old.pt	339303	1e1dfdea550a8856cc0f6aa128ec2b1df517b2fb484e2527d8bda7085eeee9fe	generated_latent_tensor	regenerable_with_pinned_code_configs_seeds_upstreams_and_GPU_exact_encoded_bytes_not_guaranteed
external_large_artifact	-	/mnt/NAS/data/hl5757/generated_artifacts/lateact/gate2/primary/0012_v1/right_to_left_old.mp4	984461	a49abb7523fb52109ec038ef6ab8e7d89e2e8e13a07ddea865eb2b6284925d92	generated_video	regenerable_with_pinned_code_configs_seeds_upstreams_and_GPU_exact_encoded_bytes_not_guaranteed
external_large_artifact	-	/mnt/NAS/data/hl5757/generated_artifacts/lateact/gate2/primary/0012_v1/right_to_left_old.pt	339150	eeb6a6471eb6346f4c9dd730e410f49d76138414f9ada8d2ab26cc69db0fd0d4	generated_latent_tensor	regenerable_with_pinned_code_configs_seeds_upstreams_and_GPU_exact_encoded_bytes_not_guaranteed
external_large_artifact	-	/mnt/NAS/data/hl5757/generated_artifacts/lateact/gate2/primary/0012_v2/left_to_right_direct_late.mp4	1113169	11edcf230521570983c938e2acf4887b51dd9498520fb3b48b91128282ec5ada	generated_video	regenerable_with_pinned_code_configs_seeds_upstreams_and_GPU_exact_encoded_bytes_not_guaranteed
external_large_artifact	-	/mnt/NAS/data/hl5757/generated_artifacts/lateact/gate2/primary/0012_v2/left_to_right_direct_late.pt	339318	2ec38c7df2672411108d7b37c1644eb03608fe8acb42fd6ff03188d522718125	generated_latent_tensor	regenerable_with_pinned_code_configs_seeds_upstreams_and_GPU_exact_encoded_bytes_not_guaranteed
external_large_artifact	-	/mnt/NAS/data/hl5757/generated_artifacts/lateact/gate2/primary/0012_v2/left_to_right_lateact.mp4	980610	bd954e0627c5fe74348fe2c70b03dbea76f7ef63a847ad787602f02a16800ebc	generated_video	regenerable_with_pinned_code_configs_seeds_upstreams_and_GPU_exact_encoded_bytes_not_guaranteed
external_large_artifact	-	/mnt/NAS/data/hl5757/generated_artifacts/lateact/gate2/primary/0012_v2/left_to_right_lateact.pt	339234	646092ae56b3cc1683be8b9acb78cbfc35d9e10a9c6f34650b2e018d8fac5734	generated_latent_tensor	regenerable_with_pinned_code_configs_seeds_upstreams_and_GPU_exact_encoded_bytes_not_guaranteed
external_large_artifact	-	/mnt/NAS/data/hl5757/generated_artifacts/lateact/gate2/primary/0012_v2/left_to_right_new_oracle.mp4	989030	5aec7f5aa177d41c436c83669e462ccfc8ad5b50ba8a03ab568f7f51055abbfc	generated_video	regenerable_with_pinned_code_configs_seeds_upstreams_and_GPU_exact_encoded_bytes_not_guaranteed
external_large_artifact	-	/mnt/NAS/data/hl5757/generated_artifacts/lateact/gate2/primary/0012_v2/left_to_right_new_oracle.pt	339313	18deaca9a9a8a19c92f333c1a178ee842fe287c577be47a933ce5af9fee42c6f	generated_latent_tensor	regenerable_with_pinned_code_configs_seeds_upstreams_and_GPU_exact_encoded_bytes_not_guaranteed
external_large_artifact	-	/mnt/NAS/data/hl5757/generated_artifacts/lateact/gate2/primary/0012_v2/left_to_right_next_new.mp4	1681321	d16566562756129374a1342458119f08e406f6321a1ea6ba0fbfd9aa653be480	generated_video	regenerable_with_pinned_code_configs_seeds_upstreams_and_GPU_exact_encoded_bytes_not_guaranteed
external_large_artifact	-	/mnt/NAS/data/hl5757/generated_artifacts/lateact/gate2/primary/0012_v2/left_to_right_next_new.pt	339303	9a82258f7ab37f12a7ea094096fb7d323aae2d9624183519539b9b5d4d0cb5b7	generated_latent_tensor	regenerable_with_pinned_code_configs_seeds_upstreams_and_GPU_exact_encoded_bytes_not_guaranteed
external_large_artifact	-	/mnt/NAS/data/hl5757/generated_artifacts/lateact/gate2/primary/0012_v2/left_to_right_next_old.mp4	1773076	432db258ea02eb13085e6d0775b915c781459152d0e9d765d7647f4509d0730c	generated_video	regenerable_with_pinned_code_configs_seeds_upstreams_and_GPU_exact_encoded_bytes_not_guaranteed
external_large_artifact	-	/mnt/NAS/data/hl5757/generated_artifacts/lateact/gate2/primary/0012_v2/left_to_right_next_old.pt	339303	b9794efcbf8580011f691ba034e0f35032db59fc7029c63dd088737a7fa92609	generated_latent_tensor	regenerable_with_pinned_code_configs_seeds_upstreams_and_GPU_exact_encoded_bytes_not_guaranteed
external_large_artifact	-	/mnt/NAS/data/hl5757/generated_artifacts/lateact/gate2/primary/0012_v2/left_to_right_old.mp4	1005431	bc3b5b10c143b7c1370b593698bd42ec23418fb60c15f8c9adca5495e2053506	generated_video	regenerable_with_pinned_code_configs_seeds_upstreams_and_GPU_exact_encoded_bytes_not_guaranteed
external_large_artifact	-	/mnt/NAS/data/hl5757/generated_artifacts/lateact/gate2/primary/0012_v2/left_to_right_old.pt	339150	46625800b2e1b605e3388296e08936aa8e42d8f0b96b0f42ac466ff369a377d1	generated_latent_tensor	regenerable_with_pinned_code_configs_seeds_upstreams_and_GPU_exact_encoded_bytes_not_guaranteed
external_large_artifact	-	/mnt/NAS/data/hl5757/generated_artifacts/lateact/gate2/primary/0012_v2/right_to_left_direct_late.mp4	1121732	76e67b72f7d4040cb093681d59c53e9b27dd64fe3494d42daa0eb42fdb4a4ad2	generated_video	regenerable_with_pinned_code_configs_seeds_upstreams_and_GPU_exact_encoded_bytes_not_guaranteed
external_large_artifact	-	/mnt/NAS/data/hl5757/generated_artifacts/lateact/gate2/primary/0012_v2/right_to_left_direct_late.pt	339318	075ad19bddbff080654aa63c966800fb5f05de0bdba129f73b24f0172c17d35d	generated_latent_tensor	regenerable_with_pinned_code_configs_seeds_upstreams_and_GPU_exact_encoded_bytes_not_guaranteed
external_large_artifact	-	/mnt/NAS/data/hl5757/generated_artifacts/lateact/gate2/primary/0012_v2/right_to_left_lateact.mp4	1006790	69d77e5b936ecbbb634e38240f4ec3392391d560c5708f6d86a4240b29d2884c	generated_video	regenerable_with_pinned_code_configs_seeds_upstreams_and_GPU_exact_encoded_bytes_not_guaranteed
external_large_artifact	-	/mnt/NAS/data/hl5757/generated_artifacts/lateact/gate2/primary/0012_v2/right_to_left_lateact.pt	339234	78429e6c35ff74148ee340034dfacbe079e2c6aa30fbdaeb69ff16c5468dac9f	generated_latent_tensor	regenerable_with_pinned_code_configs_seeds_upstreams_and_GPU_exact_encoded_bytes_not_guaranteed
external_large_artifact	-	/mnt/NAS/data/hl5757/generated_artifacts/lateact/gate2/primary/0012_v2/right_to_left_new_oracle.mp4	1005431	bc3b5b10c143b7c1370b593698bd42ec23418fb60c15f8c9adca5495e2053506	generated_video	regenerable_with_pinned_code_configs_seeds_upstreams_and_GPU_exact_encoded_bytes_not_guaranteed
external_large_artifact	-	/mnt/NAS/data/hl5757/generated_artifacts/lateact/gate2/primary/0012_v2/right_to_left_new_oracle.pt	339313	6a69e8fafe14474c2a05edce4685a8175e17cf35939ad4de4c65a24e7dd6cd52	generated_latent_tensor	regenerable_with_pinned_code_configs_seeds_upstreams_and_GPU_exact_encoded_bytes_not_guaranteed
external_large_artifact	-	/mnt/NAS/data/hl5757/generated_artifacts/lateact/gate2/primary/0012_v2/right_to_left_next_new.mp4	1624706	c2645dc4c00118c5d6a0cbc75ecb41eeac1a81c9ca8f770f253325081b6aecda	generated_video	regenerable_with_pinned_code_configs_seeds_upstreams_and_GPU_exact_encoded_bytes_not_guaranteed
external_large_artifact	-	/mnt/NAS/data/hl5757/generated_artifacts/lateact/gate2/primary/0012_v2/right_to_left_next_new.pt	339303	8885871c21a14faa9859443d4c1dd8ce12bccadeb94c5ac9b626c481dc08349f	generated_latent_tensor	regenerable_with_pinned_code_configs_seeds_upstreams_and_GPU_exact_encoded_bytes_not_guaranteed
external_large_artifact	-	/mnt/NAS/data/hl5757/generated_artifacts/lateact/gate2/primary/0012_v2/right_to_left_next_old.mp4	1650564	b17cf9f39501c46a87efbce13061fc6da2d29ba31c37aae93d82441f3e6f9885	generated_video	regenerable_with_pinned_code_configs_seeds_upstreams_and_GPU_exact_encoded_bytes_not_guaranteed
external_large_artifact	-	/mnt/NAS/data/hl5757/generated_artifacts/lateact/gate2/primary/0012_v2/right_to_left_next_old.pt	339303	e08a2c9acab924836d8ecadbfce1ee495d909929938f0e5f70870413ddc98951	generated_latent_tensor	regenerable_with_pinned_code_configs_seeds_upstreams_and_GPU_exact_encoded_bytes_not_guaranteed
external_large_artifact	-	/mnt/NAS/data/hl5757/generated_artifacts/lateact/gate2/primary/0012_v2/right_to_left_old.mp4	989030	5aec7f5aa177d41c436c83669e462ccfc8ad5b50ba8a03ab568f7f51055abbfc	generated_video	regenerable_with_pinned_code_configs_seeds_upstreams_and_GPU_exact_encoded_bytes_not_guaranteed
external_large_artifact	-	/mnt/NAS/data/hl5757/generated_artifacts/lateact/gate2/primary/0012_v2/right_to_left_old.pt	339150	7f27be34ef369085b701b28cff2ae42da89c8db78da1f55b7ba5e66645f8ae89	generated_latent_tensor	regenerable_with_pinned_code_configs_seeds_upstreams_and_GPU_exact_encoded_bytes_not_guaranteed
external_large_artifact	-	/mnt/NAS/data/hl5757/generated_artifacts/lateact/gate2/primary/0012_v3/left_to_right_direct_late.mp4	1113033	f2b28ea55f1a4f66e5a8827a989b6b72a307dc9acf2ccaff788175f09b444b15	generated_video	regenerable_with_pinned_code_configs_seeds_upstreams_and_GPU_exact_encoded_bytes_not_guaranteed
external_large_artifact	-	/mnt/NAS/data/hl5757/generated_artifacts/lateact/gate2/primary/0012_v3/left_to_right_direct_late.pt	339318	04ad02f761ebc1644214f910a3e0877bfa68bc75ed86376718789924e0fe310c	generated_latent_tensor	regenerable_with_pinned_code_configs_seeds_upstreams_and_GPU_exact_encoded_bytes_not_guaranteed
external_large_artifact	-	/mnt/NAS/data/hl5757/generated_artifacts/lateact/gate2/primary/0012_v3/left_to_right_lateact.mp4	992969	bb4cdc1131d95864cbac77f8cdcb46d8745d5e9cd37c815b0943b8ab3a99f312	generated_video	regenerable_with_pinned_code_configs_seeds_upstreams_and_GPU_exact_encoded_bytes_not_guaranteed
external_large_artifact	-	/mnt/NAS/data/hl5757/generated_artifacts/lateact/gate2/primary/0012_v3/left_to_right_lateact.pt	339234	8051e447bfe01f91ec4c36712967ea1795d816c960c11ae1c64f2617d5c7101e	generated_latent_tensor	regenerable_with_pinned_code_configs_seeds_upstreams_and_GPU_exact_encoded_bytes_not_guaranteed
external_large_artifact	-	/mnt/NAS/data/hl5757/generated_artifacts/lateact/gate2/primary/0012_v3/left_to_right_new_oracle.mp4	1003638	c072b3dcfeb725fb856da4ff02e54b37634246782e132a6e78129f57cc85aff0	generated_video	regenerable_with_pinned_code_configs_seeds_upstreams_and_GPU_exact_encoded_bytes_not_guaranteed
external_large_artifact	-	/mnt/NAS/data/hl5757/generated_artifacts/lateact/gate2/primary/0012_v3/left_to_right_new_oracle.pt	339313	93d3a10c64513df7e78fcdbccc696c38ee858da34a03351e4acec1a2845f108d	generated_latent_tensor	regenerable_with_pinned_code_configs_seeds_upstreams_and_GPU_exact_encoded_bytes_not_guaranteed
external_large_artifact	-	/mnt/NAS/data/hl5757/generated_artifacts/lateact/gate2/primary/0012_v3/left_to_right_next_new.mp4	1708667	d48a93034f84882ccde0b17934d4f81289ae8a8fdc5b95958166a9cc6bddfce9	generated_video	regenerable_with_pinned_code_configs_seeds_upstreams_and_GPU_exact_encoded_bytes_not_guaranteed
external_large_artifact	-	/mnt/NAS/data/hl5757/generated_artifacts/lateact/gate2/primary/0012_v3/left_to_right_next_new.pt	339303	76dd020f8fd9a5207f05495f6f80de394fc7421e1358a5e1884884e3cb014425	generated_latent_tensor	regenerable_with_pinned_code_configs_seeds_upstreams_and_GPU_exact_encoded_bytes_not_guaranteed
external_large_artifact	-	/mnt/NAS/data/hl5757/generated_artifacts/lateact/gate2/primary/0012_v3/left_to_right_next_old.mp4	1797643	6831467ae84149ef3792b22cfd30500df1ed6735db3c0c8b5b32ade9bc85bd4f	generated_video	regenerable_with_pinned_code_configs_seeds_upstreams_and_GPU_exact_encoded_bytes_not_guaranteed
external_large_artifact	-	/mnt/NAS/data/hl5757/generated_artifacts/lateact/gate2/primary/0012_v3/left_to_right_next_old.pt	339303	e92bbe7d77e65ac87ff2c7ac1906257e5d9c6ee67eff671d970d7deb23442ca9	generated_latent_tensor	regenerable_with_pinned_code_configs_seeds_upstreams_and_GPU_exact_encoded_bytes_not_guaranteed
external_large_artifact	-	/mnt/NAS/data/hl5757/generated_artifacts/lateact/gate2/primary/0012_v3/left_to_right_old.mp4	1016129	9d0d1d62fa80e254153a30e6315ed10194f65176caa80e9891b72c394d54a9a9	generated_video	regenerable_with_pinned_code_configs_seeds_upstreams_and_GPU_exact_encoded_bytes_not_guaranteed
external_large_artifact	-	/mnt/NAS/data/hl5757/generated_artifacts/lateact/gate2/primary/0012_v3/left_to_right_old.pt	339150	594c043b8cba5ea8d029009652a02031d9eb890bd80c831faeeac22b96cc214b	generated_latent_tensor	regenerable_with_pinned_code_configs_seeds_upstreams_and_GPU_exact_encoded_bytes_not_guaranteed
external_large_artifact	-	/mnt/NAS/data/hl5757/generated_artifacts/lateact/gate2/primary/0012_v3/right_to_left_direct_late.mp4	1102575	07b9e5cf621d8b64cb8548593fbab561a343b7d8c91a9ede4ae05a4b62955dd6	generated_video	regenerable_with_pinned_code_configs_seeds_upstreams_and_GPU_exact_encoded_bytes_not_guaranteed
external_large_artifact	-	/mnt/NAS/data/hl5757/generated_artifacts/lateact/gate2/primary/0012_v3/right_to_left_direct_late.pt	339318	c91a2e89e91a27c974afd55882154916497db6f011a029d7fc9e6116088455bf	generated_latent_tensor	regenerable_with_pinned_code_configs_seeds_upstreams_and_GPU_exact_encoded_bytes_not_guaranteed
external_large_artifact	-	/mnt/NAS/data/hl5757/generated_artifacts/lateact/gate2/primary/0012_v3/right_to_left_lateact.mp4	1003987	2828c2c340ca6130013d3149312a7b41b81328238841b1555793fdcb2d1248f6	generated_video	regenerable_with_pinned_code_configs_seeds_upstreams_and_GPU_exact_encoded_bytes_not_guaranteed
external_large_artifact	-	/mnt/NAS/data/hl5757/generated_artifacts/lateact/gate2/primary/0012_v3/right_to_left_lateact.pt	339234	121f8f79d74edd25ce3ee899f84d054551f136bc32a7db4c6f0afb1a43e4c3b5	generated_latent_tensor	regenerable_with_pinned_code_configs_seeds_upstreams_and_GPU_exact_encoded_bytes_not_guaranteed
external_large_artifact	-	/mnt/NAS/data/hl5757/generated_artifacts/lateact/gate2/primary/0012_v3/right_to_left_new_oracle.mp4	1016129	9d0d1d62fa80e254153a30e6315ed10194f65176caa80e9891b72c394d54a9a9	generated_video	regenerable_with_pinned_code_configs_seeds_upstreams_and_GPU_exact_encoded_bytes_not_guaranteed
external_large_artifact	-	/mnt/NAS/data/hl5757/generated_artifacts/lateact/gate2/primary/0012_v3/right_to_left_new_oracle.pt	339313	ee11d8e8f8f4321d53d54c0065a4cfc3236c15964d93d072bbce5099a2d64cc8	generated_latent_tensor	regenerable_with_pinned_code_configs_seeds_upstreams_and_GPU_exact_encoded_bytes_not_guaranteed
external_large_artifact	-	/mnt/NAS/data/hl5757/generated_artifacts/lateact/gate2/primary/0012_v3/right_to_left_next_new.mp4	1654342	ae9eb66d95018d7d1ca804212dfbe8f97699108df61404f6af600a13b5124515	generated_video	regenerable_with_pinned_code_configs_seeds_upstreams_and_GPU_exact_encoded_bytes_not_guaranteed
external_large_artifact	-	/mnt/NAS/data/hl5757/generated_artifacts/lateact/gate2/primary/0012_v3/right_to_left_next_new.pt	339303	51a9e4a2c10fface53bef506b5496c08f4ac026f0b7f9e37a72c7cbbc6b43485	generated_latent_tensor	regenerable_with_pinned_code_configs_seeds_upstreams_and_GPU_exact_encoded_bytes_not_guaranteed
external_large_artifact	-	/mnt/NAS/data/hl5757/generated_artifacts/lateact/gate2/primary/0012_v3/right_to_left_next_old.mp4	1681767	fd2590c74482ddadea6cec186bdf37ad4c5b2fbe080213516ad6b238b4b02090	generated_video	regenerable_with_pinned_code_configs_seeds_upstreams_and_GPU_exact_encoded_bytes_not_guaranteed
external_large_artifact	-	/mnt/NAS/data/hl5757/generated_artifacts/lateact/gate2/primary/0012_v3/right_to_left_next_old.pt	339303	ef9aecb65c787a55c3133d19e9279f5c2c83d3c8544bc017e239c1f3176abae6	generated_latent_tensor	regenerable_with_pinned_code_configs_seeds_upstreams_and_GPU_exact_encoded_bytes_not_guaranteed
external_large_artifact	-	/mnt/NAS/data/hl5757/generated_artifacts/lateact/gate2/primary/0012_v3/right_to_left_old.mp4	1003638	c072b3dcfeb725fb856da4ff02e54b37634246782e132a6e78129f57cc85aff0	generated_video	regenerable_with_pinned_code_configs_seeds_upstreams_and_GPU_exact_encoded_bytes_not_guaranteed
external_large_artifact	-	/mnt/NAS/data/hl5757/generated_artifacts/lateact/gate2/primary/0012_v3/right_to_left_old.pt	339150	6966c645e0b475b25b46ab9fb7962593f4b47be73cf3eaf19052291139ed8ab6	generated_latent_tensor	regenerable_with_pinned_code_configs_seeds_upstreams_and_GPU_exact_encoded_bytes_not_guaranteed
external_large_artifact	-	/mnt/NAS/data/hl5757/generated_artifacts/lateact/gate2/primary/0013_v0/left_to_right_direct_late.mp4	1008833	e7fba1e691533e211a1f2ed7d8020069120ca2ce977a98e928eee7b133eb5a2f	generated_video	regenerable_with_pinned_code_configs_seeds_upstreams_and_GPU_exact_encoded_bytes_not_guaranteed
external_large_artifact	-	/mnt/NAS/data/hl5757/generated_artifacts/lateact/gate2/primary/0013_v0/left_to_right_direct_late.pt	339318	1eb8bc2361d63d3f6bca2594f516932e08bfccef1c2ed7f875520270b3276943	generated_latent_tensor	regenerable_with_pinned_code_configs_seeds_upstreams_and_GPU_exact_encoded_bytes_not_guaranteed
external_large_artifact	-	/mnt/NAS/data/hl5757/generated_artifacts/lateact/gate2/primary/0013_v0/left_to_right_lateact.mp4	986131	79bd6a4e42cff206efc2e455ad2a7973e18c81ee8d99b3347f8ac76ff2776b03	generated_video	regenerable_with_pinned_code_configs_seeds_upstreams_and_GPU_exact_encoded_bytes_not_guaranteed
external_large_artifact	-	/mnt/NAS/data/hl5757/generated_artifacts/lateact/gate2/primary/0013_v0/left_to_right_lateact.pt	339234	a66ef29f22906be40ebdbebd71f5852630db2bda8d322b92b5861dbcdac2ce12	generated_latent_tensor	regenerable_with_pinned_code_configs_seeds_upstreams_and_GPU_exact_encoded_bytes_not_guaranteed
external_large_artifact	-	/mnt/NAS/data/hl5757/generated_artifacts/lateact/gate2/primary/0013_v0/left_to_right_new_oracle.mp4	990574	fa865a413a1709ad431f60fbdfdd13e7ba09cd29da9c14b4c72c5b19d2585535	generated_video	regenerable_with_pinned_code_configs_seeds_upstreams_and_GPU_exact_encoded_bytes_not_guaranteed
external_large_artifact	-	/mnt/NAS/data/hl5757/generated_artifacts/lateact/gate2/primary/0013_v0/left_to_right_new_oracle.pt	339313	d999cacf0e2ba8fc280f09da880bdc4a4be67885d3482dbe418c940070168548	generated_latent_tensor	regenerable_with_pinned_code_configs_seeds_upstreams_and_GPU_exact_encoded_bytes_not_guaranteed
external_large_artifact	-	/mnt/NAS/data/hl5757/generated_artifacts/lateact/gate2/primary/0013_v0/left_to_right_next_new.mp4	1733058	a5e4bf2b4b2b386748a91964a3e864cf9485397dfd77d06abe329b611a5bb5de	generated_video	regenerable_with_pinned_code_configs_seeds_upstreams_and_GPU_exact_encoded_bytes_not_guaranteed
external_large_artifact	-	/mnt/NAS/data/hl5757/generated_artifacts/lateact/gate2/primary/0013_v0/left_to_right_next_new.pt	339303	fe6ec33190e4b54042bb336808f37607f126a3fdff4a8a9568219430ab3b0c41	generated_latent_tensor	regenerable_with_pinned_code_configs_seeds_upstreams_and_GPU_exact_encoded_bytes_not_guaranteed
external_large_artifact	-	/mnt/NAS/data/hl5757/generated_artifacts/lateact/gate2/primary/0013_v0/left_to_right_next_old.mp4	1695300	8c501b08e345ef5289028a00a042dd43327561577bceeaead8dbebaf7367671e	generated_video	regenerable_with_pinned_code_configs_seeds_upstreams_and_GPU_exact_encoded_bytes_not_guaranteed
external_large_artifact	-	/mnt/NAS/data/hl5757/generated_artifacts/lateact/gate2/primary/0013_v0/left_to_right_next_old.pt	339303	8825e462ee8bc54fdebb6580e46d8504847f605192794cb6a2c39da068642216	generated_latent_tensor	regenerable_with_pinned_code_configs_seeds_upstreams_and_GPU_exact_encoded_bytes_not_guaranteed
external_large_artifact	-	/mnt/NAS/data/hl5757/generated_artifacts/lateact/gate2/primary/0013_v0/left_to_right_old.mp4	994808	b217bd14ca667f033b62952c15c7cd4149b654dd57b2d405c48bea11b960de71	generated_video	regenerable_with_pinned_code_configs_seeds_upstreams_and_GPU_exact_encoded_bytes_not_guaranteed
external_large_artifact	-	/mnt/NAS/data/hl5757/generated_artifacts/lateact/gate2/primary/0013_v0/left_to_right_old.pt	339150	1fd1e74a06ee6780e28e30b261e216dbc4b4b894411f135f13ba3fafad9f4ae0	generated_latent_tensor	regenerable_with_pinned_code_configs_seeds_upstreams_and_GPU_exact_encoded_bytes_not_guaranteed
external_large_artifact	-	/mnt/NAS/data/hl5757/generated_artifacts/lateact/gate2/primary/0013_v0/right_to_left_direct_late.mp4	1064537	a5733e3ea2e2efc67b94367d6774d9677441cf9f9070a6601252289d1c86795a	generated_video	regenerable_with_pinned_code_configs_seeds_upstreams_and_GPU_exact_encoded_bytes_not_guaranteed
external_large_artifact	-	/mnt/NAS/data/hl5757/generated_artifacts/lateact/gate2/primary/0013_v0/right_to_left_direct_late.pt	339318	32149b474e0de5daf33eab675d35745a067b8355ceac098aaab8770cb6143fdd	generated_latent_tensor	regenerable_with_pinned_code_configs_seeds_upstreams_and_GPU_exact_encoded_bytes_not_guaranteed
external_large_artifact	-	/mnt/NAS/data/hl5757/generated_artifacts/lateact/gate2/primary/0013_v0/right_to_left_lateact.mp4	1012743	43e6057bd26f3444e1d0d746dbfdd73c301ccee10a78af7bdd453077c04006c0	generated_video	regenerable_with_pinned_code_configs_seeds_upstreams_and_GPU_exact_encoded_bytes_not_guaranteed
external_large_artifact	-	/mnt/NAS/data/hl5757/generated_artifacts/lateact/gate2/primary/0013_v0/right_to_left_lateact.pt	339234	5c3b62091d92a04cee0880fd88b9b7063fa4e81e063f1c73743f78b26f4236d6	generated_latent_tensor	regenerable_with_pinned_code_configs_seeds_upstreams_and_GPU_exact_encoded_bytes_not_guaranteed
external_large_artifact	-	/mnt/NAS/data/hl5757/generated_artifacts/lateact/gate2/primary/0013_v0/right_to_left_new_oracle.mp4	994808	b217bd14ca667f033b62952c15c7cd4149b654dd57b2d405c48bea11b960de71	generated_video	regenerable_with_pinned_code_configs_seeds_upstreams_and_GPU_exact_encoded_bytes_not_guaranteed
external_large_artifact	-	/mnt/NAS/data/hl5757/generated_artifacts/lateact/gate2/primary/0013_v0/right_to_left_new_oracle.pt	339313	d57bcdd3b98e973d1bcf67eaffa828c8c7c42e279df95b00392cb904cc44e55f	generated_latent_tensor	regenerable_with_pinned_code_configs_seeds_upstreams_and_GPU_exact_encoded_bytes_not_guaranteed
external_large_artifact	-	/mnt/NAS/data/hl5757/generated_artifacts/lateact/gate2/primary/0013_v0/right_to_left_next_new.mp4	1740822	b15f00fcd52058783386e1a02393b94cf4a1725f4e80fc242137666e2b7c2992	generated_video	regenerable_with_pinned_code_configs_seeds_upstreams_and_GPU_exact_encoded_bytes_not_guaranteed
external_large_artifact	-	/mnt/NAS/data/hl5757/generated_artifacts/lateact/gate2/primary/0013_v0/right_to_left_next_new.pt	339303	462fa6dbda15a2bfecc5606c268e9840facf4da4e59b8b387624348651e2353c	generated_latent_tensor	regenerable_with_pinned_code_configs_seeds_upstreams_and_GPU_exact_encoded_bytes_not_guaranteed
external_large_artifact	-	/mnt/NAS/data/hl5757/generated_artifacts/lateact/gate2/primary/0013_v0/right_to_left_next_old.mp4	1744427	e24b47f7c16b9901eab29b2153a808df4797f2f995d1ef622ca183f4e6800f9b	generated_video	regenerable_with_pinned_code_configs_seeds_upstreams_and_GPU_exact_encoded_bytes_not_guaranteed
external_large_artifact	-	/mnt/NAS/data/hl5757/generated_artifacts/lateact/gate2/primary/0013_v0/right_to_left_next_old.pt	339303	42f9f96c3f2cf12cd67b105001c90f2689a2d77906bdbed378dddfffeb73ff2f	generated_latent_tensor	regenerable_with_pinned_code_configs_seeds_upstreams_and_GPU_exact_encoded_bytes_not_guaranteed
external_large_artifact	-	/mnt/NAS/data/hl5757/generated_artifacts/lateact/gate2/primary/0013_v0/right_to_left_old.mp4	990574	fa865a413a1709ad431f60fbdfdd13e7ba09cd29da9c14b4c72c5b19d2585535	generated_video	regenerable_with_pinned_code_configs_seeds_upstreams_and_GPU_exact_encoded_bytes_not_guaranteed
external_large_artifact	-	/mnt/NAS/data/hl5757/generated_artifacts/lateact/gate2/primary/0013_v0/right_to_left_old.pt	339150	f25d3218bba7b86016db133f552eb72da7823242fd2fa8f2fcddc18875b13d8a	generated_latent_tensor	regenerable_with_pinned_code_configs_seeds_upstreams_and_GPU_exact_encoded_bytes_not_guaranteed
external_large_artifact	-	/mnt/NAS/data/hl5757/generated_artifacts/lateact/gate2/primary/0013_v1/left_to_right_direct_late.mp4	1010833	d030a7b810d59b9e89e003526d909a0f2ff741b9c59c194073da07505976792a	generated_video	regenerable_with_pinned_code_configs_seeds_upstreams_and_GPU_exact_encoded_bytes_not_guaranteed
external_large_artifact	-	/mnt/NAS/data/hl5757/generated_artifacts/lateact/gate2/primary/0013_v1/left_to_right_direct_late.pt	339318	bacfff6a32598c61e3a0453647bd7cbcc104e510589e9296d87605505ceea521	generated_latent_tensor	regenerable_with_pinned_code_configs_seeds_upstreams_and_GPU_exact_encoded_bytes_not_guaranteed
external_large_artifact	-	/mnt/NAS/data/hl5757/generated_artifacts/lateact/gate2/primary/0013_v1/left_to_right_lateact.mp4	984304	34e0d8ff9c41f6099bcc6ebc4a15abe197f875c2ffcd02aaf23478ff228ecbdd	generated_video	regenerable_with_pinned_code_configs_seeds_upstreams_and_GPU_exact_encoded_bytes_not_guaranteed
external_large_artifact	-	/mnt/NAS/data/hl5757/generated_artifacts/lateact/gate2/primary/0013_v1/left_to_right_lateact.pt	339234	c96746504c8bcef0395fe1bb74c6d2146160fbdd09db8f486bad4849febf06d3	generated_latent_tensor	regenerable_with_pinned_code_configs_seeds_upstreams_and_GPU_exact_encoded_bytes_not_guaranteed
external_large_artifact	-	/mnt/NAS/data/hl5757/generated_artifacts/lateact/gate2/primary/0013_v1/left_to_right_new_oracle.mp4	988865	356ebd22ec4f63cfc8a8fab40795636fce89fcff50c3a8170d25856957856c2f	generated_video	regenerable_with_pinned_code_configs_seeds_upstreams_and_GPU_exact_encoded_bytes_not_guaranteed
external_large_artifact	-	/mnt/NAS/data/hl5757/generated_artifacts/lateact/gate2/primary/0013_v1/left_to_right_new_oracle.pt	339313	bc9d83cfc8f288f11a9c5f11e2210ffca6836dc2b47f69b3bcd28bfd0d96c84c	generated_latent_tensor	regenerable_with_pinned_code_configs_seeds_upstreams_and_GPU_exact_encoded_bytes_not_guaranteed
external_large_artifact	-	/mnt/NAS/data/hl5757/generated_artifacts/lateact/gate2/primary/0013_v1/left_to_right_next_new.mp4	1750802	a76da11acf8108a0ce9c9c06cec6efa7b513f99e32759737907842021993d054	generated_video	regenerable_with_pinned_code_configs_seeds_upstreams_and_GPU_exact_encoded_bytes_not_guaranteed
external_large_artifact	-	/mnt/NAS/data/hl5757/generated_artifacts/lateact/gate2/primary/0013_v1/left_to_right_next_new.pt	339303	00d997c8ea227149168020682ea286b17a3627a2272a79353720a9ebf7261e3c	generated_latent_tensor	regenerable_with_pinned_code_configs_seeds_upstreams_and_GPU_exact_encoded_bytes_not_guaranteed
external_large_artifact	-	/mnt/NAS/data/hl5757/generated_artifacts/lateact/gate2/primary/0013_v1/left_to_right_next_old.mp4	1712507	0558d12e0833b4be233d804b1de0ba7980bb7445f4e1d980ba600f7e827e9632	generated_video	regenerable_with_pinned_code_configs_seeds_upstreams_and_GPU_exact_encoded_bytes_not_guaranteed
external_large_artifact	-	/mnt/NAS/data/hl5757/generated_artifacts/lateact/gate2/primary/0013_v1/left_to_right_next_old.pt	339303	d5d8752387a0a0de50486fb741a22f13544e0f5312580bbe3fa3cc22a25a2170	generated_latent_tensor	regenerable_with_pinned_code_configs_seeds_upstreams_and_GPU_exact_encoded_bytes_not_guaranteed
external_large_artifact	-	/mnt/NAS/data/hl5757/generated_artifacts/lateact/gate2/primary/0013_v1/left_to_right_old.mp4	1001657	af9233d013243184d01fafb94713f232921c8760978c4b62c2f83e6b8d2fbf7c	generated_video	regenerable_with_pinned_code_configs_seeds_upstreams_and_GPU_exact_encoded_bytes_not_guaranteed
external_large_artifact	-	/mnt/NAS/data/hl5757/generated_artifacts/lateact/gate2/primary/0013_v1/left_to_right_old.pt	339150	d4524317081a82f1ee67f16edee08acfae6b22194101b92d8874a855f5aa591c	generated_latent_tensor	regenerable_with_pinned_code_configs_seeds_upstreams_and_GPU_exact_encoded_bytes_not_guaranteed
external_large_artifact	-	/mnt/NAS/data/hl5757/generated_artifacts/lateact/gate2/primary/0013_v1/right_to_left_direct_late.mp4	1049300	d1f3d965f41e5c1b2958976360d458d31c18d7efe1f2a3f3975786de6e58fe64	generated_video	regenerable_with_pinned_code_configs_seeds_upstreams_and_GPU_exact_encoded_bytes_not_guaranteed
external_large_artifact	-	/mnt/NAS/data/hl5757/generated_artifacts/lateact/gate2/primary/0013_v1/right_to_left_direct_late.pt	339318	1741051e129b0e0ec7f51237fdbf2b50c93fa365f1c61ed6b9731c094decb0d5	generated_latent_tensor	regenerable_with_pinned_code_configs_seeds_upstreams_and_GPU_exact_encoded_bytes_not_guaranteed
external_large_artifact	-	/mnt/NAS/data/hl5757/generated_artifacts/lateact/gate2/primary/0013_v1/right_to_left_lateact.mp4	1010319	76fc30cc0ac0db62711ea50b32938f3e4139fa3c03272a112c65ffba58ed8c32	generated_video	regenerable_with_pinned_code_configs_seeds_upstreams_and_GPU_exact_encoded_bytes_not_guaranteed
external_large_artifact	-	/mnt/NAS/data/hl5757/generated_artifacts/lateact/gate2/primary/0013_v1/right_to_left_lateact.pt	339234	64fc998087cbec6b389b658d976c38635db939645ce81526b0680dd667e2b48a	generated_latent_tensor	regenerable_with_pinned_code_configs_seeds_upstreams_and_GPU_exact_encoded_bytes_not_guaranteed
external_large_artifact	-	/mnt/NAS/data/hl5757/generated_artifacts/lateact/gate2/primary/0013_v1/right_to_left_new_oracle.mp4	1001657	af9233d013243184d01fafb94713f232921c8760978c4b62c2f83e6b8d2fbf7c	generated_video	regenerable_with_pinned_code_configs_seeds_upstreams_and_GPU_exact_encoded_bytes_not_guaranteed
external_large_artifact	-	/mnt/NAS/data/hl5757/generated_artifacts/lateact/gate2/primary/0013_v1/right_to_left_new_oracle.pt	339313	2ecb73daabbe67e1b614d30c5b6c6db4ea172eef907478ba3f1697b4dec89b73	generated_latent_tensor	regenerable_with_pinned_code_configs_seeds_upstreams_and_GPU_exact_encoded_bytes_not_guaranteed
external_large_artifact	-	/mnt/NAS/data/hl5757/generated_artifacts/lateact/gate2/primary/0013_v1/right_to_left_next_new.mp4	1735196	126d7f666f370328f83adfbc107bd4e5a452e5fe42b9cb4d29a1fd7a47a364c9	generated_video	regenerable_with_pinned_code_configs_seeds_upstreams_and_GPU_exact_encoded_bytes_not_guaranteed
external_large_artifact	-	/mnt/NAS/data/hl5757/generated_artifacts/lateact/gate2/primary/0013_v1/right_to_left_next_new.pt	339303	fa68f2f5d000c3abfbf4af776d77a1dad69eb5a3d9e51117029c73bb3dfd7bc3	generated_latent_tensor	regenerable_with_pinned_code_configs_seeds_upstreams_and_GPU_exact_encoded_bytes_not_guaranteed
external_large_artifact	-	/mnt/NAS/data/hl5757/generated_artifacts/lateact/gate2/primary/0013_v1/right_to_left_next_old.mp4	1744145	429a3cd7ff0c5775fcd0bed94c32582e5e0db29a6e3b468657f5f99c7759e98a	generated_video	regenerable_with_pinned_code_configs_seeds_upstreams_and_GPU_exact_encoded_bytes_not_guaranteed
external_large_artifact	-	/mnt/NAS/data/hl5757/generated_artifacts/lateact/gate2/primary/0013_v1/right_to_left_next_old.pt	339303	70a979ac1e7ef51693b80dd579ef448dde704ed6a944d5cc6c0d5f30ac626ed1	generated_latent_tensor	regenerable_with_pinned_code_configs_seeds_upstreams_and_GPU_exact_encoded_bytes_not_guaranteed
external_large_artifact	-	/mnt/NAS/data/hl5757/generated_artifacts/lateact/gate2/primary/0013_v1/right_to_left_old.mp4	988865	356ebd22ec4f63cfc8a8fab40795636fce89fcff50c3a8170d25856957856c2f	generated_video	regenerable_with_pinned_code_configs_seeds_upstreams_and_GPU_exact_encoded_bytes_not_guaranteed
external_large_artifact	-	/mnt/NAS/data/hl5757/generated_artifacts/lateact/gate2/primary/0013_v1/right_to_left_old.pt	339150	d8a4e702ecf55bf78231a63a4ba84a6001c3f70da4c989bca252055a479cf3c7	generated_latent_tensor	regenerable_with_pinned_code_configs_seeds_upstreams_and_GPU_exact_encoded_bytes_not_guaranteed
external_large_artifact	-	/mnt/NAS/data/hl5757/generated_artifacts/lateact/gate2/primary/0013_v2/left_to_right_direct_late.mp4	1035238	f070a05e0970a8be37b3856088e86c016a541c087de4e2a7f5f0bdf47b05db21	generated_video	regenerable_with_pinned_code_configs_seeds_upstreams_and_GPU_exact_encoded_bytes_not_guaranteed
external_large_artifact	-	/mnt/NAS/data/hl5757/generated_artifacts/lateact/gate2/primary/0013_v2/left_to_right_direct_late.pt	339318	150558ae3ad1647fc51aa0efa167017596d9fce7517ce111d8f4bb6fec5fbe40	generated_latent_tensor	regenerable_with_pinned_code_configs_seeds_upstreams_and_GPU_exact_encoded_bytes_not_guaranteed
external_large_artifact	-	/mnt/NAS/data/hl5757/generated_artifacts/lateact/gate2/primary/0013_v2/left_to_right_lateact.mp4	995160	c37d92541834282ad9530649ba970313ddeb3d963adfd5627267d1ba3f39be99	generated_video	regenerable_with_pinned_code_configs_seeds_upstreams_and_GPU_exact_encoded_bytes_not_guaranteed
external_large_artifact	-	/mnt/NAS/data/hl5757/generated_artifacts/lateact/gate2/primary/0013_v2/left_to_right_lateact.pt	339234	5252d288b001afe57a1c92efde57bb3f4cef0aab5cff4394f13818a4986ba72c	generated_latent_tensor	regenerable_with_pinned_code_configs_seeds_upstreams_and_GPU_exact_encoded_bytes_not_guaranteed
external_large_artifact	-	/mnt/NAS/data/hl5757/generated_artifacts/lateact/gate2/primary/0013_v2/left_to_right_new_oracle.mp4	999600	50ed3c3763dd654d02e07c611f0e2c2c901c12bae9695f64e692d5fa111b13f8	generated_video	regenerable_with_pinned_code_configs_seeds_upstreams_and_GPU_exact_encoded_bytes_not_guaranteed
external_large_artifact	-	/mnt/NAS/data/hl5757/generated_artifacts/lateact/gate2/primary/0013_v2/left_to_right_new_oracle.pt	339313	cdfb515f3d9a045e4cc7c98355b82d42a633de21b990811f5652bc0321401c33	generated_latent_tensor	regenerable_with_pinned_code_configs_seeds_upstreams_and_GPU_exact_encoded_bytes_not_guaranteed
external_large_artifact	-	/mnt/NAS/data/hl5757/generated_artifacts/lateact/gate2/primary/0013_v2/left_to_right_next_new.mp4	1737416	88d51d055f651ba168b41cb5a123a16bb52dd952df0330f4f22ca15418b00d6b	generated_video	regenerable_with_pinned_code_configs_seeds_upstreams_and_GPU_exact_encoded_bytes_not_guaranteed
external_large_artifact	-	/mnt/NAS/data/hl5757/generated_artifacts/lateact/gate2/primary/0013_v2/left_to_right_next_new.pt	339303	b9d788e2a3b4af91fd230516fedd660c482817728dbd1046b21fffcd09f0c7d3	generated_latent_tensor	regenerable_with_pinned_code_configs_seeds_upstreams_and_GPU_exact_encoded_bytes_not_guaranteed
external_large_artifact	-	/mnt/NAS/data/hl5757/generated_artifacts/lateact/gate2/primary/0013_v2/left_to_right_next_old.mp4	1667479	8bb67ddb3633486368a7015a24585fdd2366690bd98276d856769b30ff9c64e1	generated_video	regenerable_with_pinned_code_configs_seeds_upstreams_and_GPU_exact_encoded_bytes_not_guaranteed
external_large_artifact	-	/mnt/NAS/data/hl5757/generated_artifacts/lateact/gate2/primary/0013_v2/left_to_right_next_old.pt	339303	3232844398ab61696d49ceb662a21dac6af7efbfbebe62b92aea85328030752e	generated_latent_tensor	regenerable_with_pinned_code_configs_seeds_upstreams_and_GPU_exact_encoded_bytes_not_guaranteed
external_large_artifact	-	/mnt/NAS/data/hl5757/generated_artifacts/lateact/gate2/primary/0013_v2/left_to_right_old.mp4	1009145	b2589fb16074e80c9b7b270e09212230fe08a960ab4a5cb66c9a2d9fcd4cd38f	generated_video	regenerable_with_pinned_code_configs_seeds_upstreams_and_GPU_exact_encoded_bytes_not_guaranteed
external_large_artifact	-	/mnt/NAS/data/hl5757/generated_artifacts/lateact/gate2/primary/0013_v2/left_to_right_old.pt	339150	adfcbd2fc8adbc77dab3475bfdfcd04bc412cc5e133a4758bf2dee835fa2327c	generated_latent_tensor	regenerable_with_pinned_code_configs_seeds_upstreams_and_GPU_exact_encoded_bytes_not_guaranteed
external_large_artifact	-	/mnt/NAS/data/hl5757/generated_artifacts/lateact/gate2/primary/0013_v2/right_to_left_direct_late.mp4	1049054	eeebc0ada40263450f7ed57f1d9a7be0932ffd9c6d1a7a6055cf69bbde1896fa	generated_video	regenerable_with_pinned_code_configs_seeds_upstreams_and_GPU_exact_encoded_bytes_not_guaranteed
external_large_artifact	-	/mnt/NAS/data/hl5757/generated_artifacts/lateact/gate2/primary/0013_v2/right_to_left_direct_late.pt	339318	8d3afcae2ab56c1ced45f86505d9fc4fd62cac5081622fd970b73e59c5980ef8	generated_latent_tensor	regenerable_with_pinned_code_configs_seeds_upstreams_and_GPU_exact_encoded_bytes_not_guaranteed
external_large_artifact	-	/mnt/NAS/data/hl5757/generated_artifacts/lateact/gate2/primary/0013_v2/right_to_left_lateact.mp4	1012672	020ed6e9a0ede81bfd30e8e7f4a38fcbc425b45fa9a3be70d2ff8ddf7c8a8ccf	generated_video	regenerable_with_pinned_code_configs_seeds_upstreams_and_GPU_exact_encoded_bytes_not_guaranteed
external_large_artifact	-	/mnt/NAS/data/hl5757/generated_artifacts/lateact/gate2/primary/0013_v2/right_to_left_lateact.pt	339234	58a49cd0e9476768519e9e3a9fff71df76dfd5c2ee15a55b93966964357014b5	generated_latent_tensor	regenerable_with_pinned_code_configs_seeds_upstreams_and_GPU_exact_encoded_bytes_not_guaranteed
external_large_artifact	-	/mnt/NAS/data/hl5757/generated_artifacts/lateact/gate2/primary/0013_v2/right_to_left_new_oracle.mp4	1009145	b2589fb16074e80c9b7b270e09212230fe08a960ab4a5cb66c9a2d9fcd4cd38f	generated_video	regenerable_with_pinned_code_configs_seeds_upstreams_and_GPU_exact_encoded_bytes_not_guaranteed
external_large_artifact	-	/mnt/NAS/data/hl5757/generated_artifacts/lateact/gate2/primary/0013_v2/right_to_left_new_oracle.pt	339313	0d27fbe4223352705797d3d82edb18e8ecad3c2f930365ba46409f6bac6008b8	generated_latent_tensor	regenerable_with_pinned_code_configs_seeds_upstreams_and_GPU_exact_encoded_bytes_not_guaranteed
external_large_artifact	-	/mnt/NAS/data/hl5757/generated_artifacts/lateact/gate2/primary/0013_v2/right_to_left_next_new.mp4	1740122	62afe8430d8c2f693403d6e7e58eb918f6870571096605f3b90f7410924a12e4	generated_video	regenerable_with_pinned_code_configs_seeds_upstreams_and_GPU_exact_encoded_bytes_not_guaranteed
external_large_artifact	-	/mnt/NAS/data/hl5757/generated_artifacts/lateact/gate2/primary/0013_v2/right_to_left_next_new.pt	339303	fc7f5b74dec5be7117a5e5bb57608caf024190b42376beca1f11121e847c4fb3	generated_latent_tensor	regenerable_with_pinned_code_configs_seeds_upstreams_and_GPU_exact_encoded_bytes_not_guaranteed
external_large_artifact	-	/mnt/NAS/data/hl5757/generated_artifacts/lateact/gate2/primary/0013_v2/right_to_left_next_old.mp4	1697624	88dbbdf3fd1415479a4d6c025ac6badbceb7fd27e64c1e58f56bd59a76ef06c4	generated_video	regenerable_with_pinned_code_configs_seeds_upstreams_and_GPU_exact_encoded_bytes_not_guaranteed
external_large_artifact	-	/mnt/NAS/data/hl5757/generated_artifacts/lateact/gate2/primary/0013_v2/right_to_left_next_old.pt	339303	1db7e169a0eb2769a38ea42fd6fc07cdbb1d2c03bb1e1d23977edad242d1c612	generated_latent_tensor	regenerable_with_pinned_code_configs_seeds_upstreams_and_GPU_exact_encoded_bytes_not_guaranteed
external_large_artifact	-	/mnt/NAS/data/hl5757/generated_artifacts/lateact/gate2/primary/0013_v2/right_to_left_old.mp4	999600	50ed3c3763dd654d02e07c611f0e2c2c901c12bae9695f64e692d5fa111b13f8	generated_video	regenerable_with_pinned_code_configs_seeds_upstreams_and_GPU_exact_encoded_bytes_not_guaranteed
external_large_artifact	-	/mnt/NAS/data/hl5757/generated_artifacts/lateact/gate2/primary/0013_v2/right_to_left_old.pt	339150	b80f9fdf47902ffd8c9d7945f4812cbcbd390ce08df2c6638d27186e966a2c5c	generated_latent_tensor	regenerable_with_pinned_code_configs_seeds_upstreams_and_GPU_exact_encoded_bytes_not_guaranteed
external_large_artifact	-	/mnt/NAS/data/hl5757/generated_artifacts/lateact/gate2/primary/0013_v3/left_to_right_direct_late.mp4	1029541	ee0425fc3e5a3e35d58979129c84fc1a4c120cc2ea71bf44dc08164e2b326bdd	generated_video	regenerable_with_pinned_code_configs_seeds_upstreams_and_GPU_exact_encoded_bytes_not_guaranteed
external_large_artifact	-	/mnt/NAS/data/hl5757/generated_artifacts/lateact/gate2/primary/0013_v3/left_to_right_direct_late.pt	339318	1167f3e7de81ac7504e7f10ae084a4bc86f410706f3338318db68f406ba21199	generated_latent_tensor	regenerable_with_pinned_code_configs_seeds_upstreams_and_GPU_exact_encoded_bytes_not_guaranteed
external_large_artifact	-	/mnt/NAS/data/hl5757/generated_artifacts/lateact/gate2/primary/0013_v3/left_to_right_lateact.mp4	995566	e46a0e7a75c52360693304e040d0419349eedb48bd165dc6f1c64b2711f3e3da	generated_video	regenerable_with_pinned_code_configs_seeds_upstreams_and_GPU_exact_encoded_bytes_not_guaranteed
external_large_artifact	-	/mnt/NAS/data/hl5757/generated_artifacts/lateact/gate2/primary/0013_v3/left_to_right_lateact.pt	339234	4d8acc632873d3861e9eeb8950e5e71eaba157c2f0459a39132070cadf4e5942	generated_latent_tensor	regenerable_with_pinned_code_configs_seeds_upstreams_and_GPU_exact_encoded_bytes_not_guaranteed
external_large_artifact	-	/mnt/NAS/data/hl5757/generated_artifacts/lateact/gate2/primary/0013_v3/left_to_right_new_oracle.mp4	1001421	5467ee3be3ac776a974c28497b9600be4be6e6f6f7a0cdaa8c793b0c5dbd111d	generated_video	regenerable_with_pinned_code_configs_seeds_upstreams_and_GPU_exact_encoded_bytes_not_guaranteed
external_large_artifact	-	/mnt/NAS/data/hl5757/generated_artifacts/lateact/gate2/primary/0013_v3/left_to_right_new_oracle.pt	339313	a48767253295dd10342b98a3ff7ccfa0956b266dedd89876269beb1c0b1f1e28	generated_latent_tensor	regenerable_with_pinned_code_configs_seeds_upstreams_and_GPU_exact_encoded_bytes_not_guaranteed
external_large_artifact	-	/mnt/NAS/data/hl5757/generated_artifacts/lateact/gate2/primary/0013_v3/left_to_right_next_new.mp4	1719754	4496c5f59d0a2db6e25c00e39e8160f3ab4577efa2dfb1ba33880ed475acfb92	generated_video	regenerable_with_pinned_code_configs_seeds_upstreams_and_GPU_exact_encoded_bytes_not_guaranteed
external_large_artifact	-	/mnt/NAS/data/hl5757/generated_artifacts/lateact/gate2/primary/0013_v3/left_to_right_next_new.pt	339303	2e960e11bf6a6e967c8fd9b33f62aa143ca2f9b9ea95373f86f3946633c160e3	generated_latent_tensor	regenerable_with_pinned_code_configs_seeds_upstreams_and_GPU_exact_encoded_bytes_not_guaranteed
external_large_artifact	-	/mnt/NAS/data/hl5757/generated_artifacts/lateact/gate2/primary/0013_v3/left_to_right_next_old.mp4	1611195	f7a4d3035dfb9d5487c1f1d4cd7182b4f3771293405f62232838de32426811bd	generated_video	regenerable_with_pinned_code_configs_seeds_upstreams_and_GPU_exact_encoded_bytes_not_guaranteed
external_large_artifact	-	/mnt/NAS/data/hl5757/generated_artifacts/lateact/gate2/primary/0013_v3/left_to_right_next_old.pt	339303	e3462a4080d1994b4f7bc4fffaa6aa34e9d5c54a09d30a33ce28094651a53168	generated_latent_tensor	regenerable_with_pinned_code_configs_seeds_upstreams_and_GPU_exact_encoded_bytes_not_guaranteed
external_large_artifact	-	/mnt/NAS/data/hl5757/generated_artifacts/lateact/gate2/primary/0013_v3/left_to_right_old.mp4	1003169	308decb2f08e54f890db28816246e9e298e0fc0e782831a44375107ccda0d75c	generated_video	regenerable_with_pinned_code_configs_seeds_upstreams_and_GPU_exact_encoded_bytes_not_guaranteed
external_large_artifact	-	/mnt/NAS/data/hl5757/generated_artifacts/lateact/gate2/primary/0013_v3/left_to_right_old.pt	339150	6a1de5aa5b758ddb41d7135fd93ab2a68455deb4b6f820e8b7e42e4a21f3f1c2	generated_latent_tensor	regenerable_with_pinned_code_configs_seeds_upstreams_and_GPU_exact_encoded_bytes_not_guaranteed
external_large_artifact	-	/mnt/NAS/data/hl5757/generated_artifacts/lateact/gate2/primary/0013_v3/right_to_left_direct_late.mp4	1067908	9afa5117ca3b8cc968f1685c5e111726021996071f6052d767d3041fcd92eaf9	generated_video	regenerable_with_pinned_code_configs_seeds_upstreams_and_GPU_exact_encoded_bytes_not_guaranteed
external_large_artifact	-	/mnt/NAS/data/hl5757/generated_artifacts/lateact/gate2/primary/0013_v3/right_to_left_direct_late.pt	339318	38e359b9be11fc666f3987a7cf68ba4ec9d63ae771d3cd5652ac1b596ddc85a0	generated_latent_tensor	regenerable_with_pinned_code_configs_seeds_upstreams_and_GPU_exact_encoded_bytes_not_guaranteed
external_large_artifact	-	/mnt/NAS/data/hl5757/generated_artifacts/lateact/gate2/primary/0013_v3/right_to_left_lateact.mp4	1028282	b4363446051898a13b4b05523d687f8eabdccc33dc8b4e44d959584543209849	generated_video	regenerable_with_pinned_code_configs_seeds_upstreams_and_GPU_exact_encoded_bytes_not_guaranteed
external_large_artifact	-	/mnt/NAS/data/hl5757/generated_artifacts/lateact/gate2/primary/0013_v3/right_to_left_lateact.pt	339234	e80232c779c4d559d042a5b040388daa203ba6778fe6d0f0de91602efe1f1a1e	generated_latent_tensor	regenerable_with_pinned_code_configs_seeds_upstreams_and_GPU_exact_encoded_bytes_not_guaranteed
external_large_artifact	-	/mnt/NAS/data/hl5757/generated_artifacts/lateact/gate2/primary/0013_v3/right_to_left_new_oracle.mp4	1003169	308decb2f08e54f890db28816246e9e298e0fc0e782831a44375107ccda0d75c	generated_video	regenerable_with_pinned_code_configs_seeds_upstreams_and_GPU_exact_encoded_bytes_not_guaranteed
external_large_artifact	-	/mnt/NAS/data/hl5757/generated_artifacts/lateact/gate2/primary/0013_v3/right_to_left_new_oracle.pt	339313	455d985166dc260924baffbbe5babc176d33d5598dc144c38e861ee6ea2119e4	generated_latent_tensor	regenerable_with_pinned_code_configs_seeds_upstreams_and_GPU_exact_encoded_bytes_not_guaranteed
external_large_artifact	-	/mnt/NAS/data/hl5757/generated_artifacts/lateact/gate2/primary/0013_v3/right_to_left_next_new.mp4	1734209	77c39b84076bdd00f591cddeb618e697c4cc6cbdfe87094b6da79141c356c46a	generated_video	regenerable_with_pinned_code_configs_seeds_upstreams_and_GPU_exact_encoded_bytes_not_guaranteed
external_large_artifact	-	/mnt/NAS/data/hl5757/generated_artifacts/lateact/gate2/primary/0013_v3/right_to_left_next_new.pt	339303	1da7055b26438d50ad641007e959a13c5ae493205360aeb1a8cf7d909e5f2113	generated_latent_tensor	regenerable_with_pinned_code_configs_seeds_upstreams_and_GPU_exact_encoded_bytes_not_guaranteed
external_large_artifact	-	/mnt/NAS/data/hl5757/generated_artifacts/lateact/gate2/primary/0013_v3/right_to_left_next_old.mp4	1676218	4d36e59a7e25bf6592b3cf3335035540690cdff3d947ec7a600933306648b3a5	generated_video	regenerable_with_pinned_code_configs_seeds_upstreams_and_GPU_exact_encoded_bytes_not_guaranteed
external_large_artifact	-	/mnt/NAS/data/hl5757/generated_artifacts/lateact/gate2/primary/0013_v3/right_to_left_next_old.pt	339303	2e00b7c1f1818a103a1e6fa19355fa34992775803de4f420b14356c307474f42	generated_latent_tensor	regenerable_with_pinned_code_configs_seeds_upstreams_and_GPU_exact_encoded_bytes_not_guaranteed
external_large_artifact	-	/mnt/NAS/data/hl5757/generated_artifacts/lateact/gate2/primary/0013_v3/right_to_left_old.mp4	1001421	5467ee3be3ac776a974c28497b9600be4be6e6f6f7a0cdaa8c793b0c5dbd111d	generated_video	regenerable_with_pinned_code_configs_seeds_upstreams_and_GPU_exact_encoded_bytes_not_guaranteed
external_large_artifact	-	/mnt/NAS/data/hl5757/generated_artifacts/lateact/gate2/primary/0013_v3/right_to_left_old.pt	339150	12c66644230940900f20375eb067c31dba90ced6e62a481afe8cc8250707db5c	generated_latent_tensor	regenerable_with_pinned_code_configs_seeds_upstreams_and_GPU_exact_encoded_bytes_not_guaranteed
external_large_artifact	-	/mnt/NAS/data/hl5757/generated_artifacts/lateact/gate2/primary/0014_v0/left_to_right_direct_late.mp4	1366678	6da3004da494b4acf12ca49bd167864445f97c1d842cd0e53cbdec3928c24f39	generated_video	regenerable_with_pinned_code_configs_seeds_upstreams_and_GPU_exact_encoded_bytes_not_guaranteed
external_large_artifact	-	/mnt/NAS/data/hl5757/generated_artifacts/lateact/gate2/primary/0014_v0/left_to_right_direct_late.pt	339318	b2d0f7b82e8a57656c54e4ad28bef5f041b56c84cd8c6951b42ba232d2d3d013	generated_latent_tensor	regenerable_with_pinned_code_configs_seeds_upstreams_and_GPU_exact_encoded_bytes_not_guaranteed
external_large_artifact	-	/mnt/NAS/data/hl5757/generated_artifacts/lateact/gate2/primary/0014_v0/left_to_right_lateact.mp4	1322107	7f3c539f429db1d020aa04bc7aabfeff94bc44c6637d10beebd8b180ff9790c3	generated_video	regenerable_with_pinned_code_configs_seeds_upstreams_and_GPU_exact_encoded_bytes_not_guaranteed
external_large_artifact	-	/mnt/NAS/data/hl5757/generated_artifacts/lateact/gate2/primary/0014_v0/left_to_right_lateact.pt	339234	0fa54449b0b4e2894d56604fb22f8898cf2225dc5a3e9eb237937524dc544700	generated_latent_tensor	regenerable_with_pinned_code_configs_seeds_upstreams_and_GPU_exact_encoded_bytes_not_guaranteed
external_large_artifact	-	/mnt/NAS/data/hl5757/generated_artifacts/lateact/gate2/primary/0014_v0/left_to_right_new_oracle.mp4	1328459	d28bd26cdda28bf6d890fd7ca15f4a8f613e352126e3a1a7636481b89f8925ab	generated_video	regenerable_with_pinned_code_configs_seeds_upstreams_and_GPU_exact_encoded_bytes_not_guaranteed
external_large_artifact	-	/mnt/NAS/data/hl5757/generated_artifacts/lateact/gate2/primary/0014_v0/left_to_right_new_oracle.pt	339313	42550736f2d66251ca4673aebf17a5d6c7c72098699bdc91df0aed5f604052c8	generated_latent_tensor	regenerable_with_pinned_code_configs_seeds_upstreams_and_GPU_exact_encoded_bytes_not_guaranteed
external_large_artifact	-	/mnt/NAS/data/hl5757/generated_artifacts/lateact/gate2/primary/0014_v0/left_to_right_next_new.mp4	2132782	6271ee5073798be7c40f6282f9a74629a95175cb160acbbd0ebc7a6e720131bd	generated_video	regenerable_with_pinned_code_configs_seeds_upstreams_and_GPU_exact_encoded_bytes_not_guaranteed
external_large_artifact	-	/mnt/NAS/data/hl5757/generated_artifacts/lateact/gate2/primary/0014_v0/left_to_right_next_new.pt	339303	39c0004187ebaa2c6c86580e6cf47960bef4de55486cb5c651e4897e127e3c54	generated_latent_tensor	regenerable_with_pinned_code_configs_seeds_upstreams_and_GPU_exact_encoded_bytes_not_guaranteed
external_large_artifact	-	/mnt/NAS/data/hl5757/generated_artifacts/lateact/gate2/primary/0014_v0/left_to_right_next_old.mp4	2087111	8c5e0b61b75352f06dc93163d686ebaa727630a157f04b1495db2b593f6a60db	generated_video	regenerable_with_pinned_code_configs_seeds_upstreams_and_GPU_exact_encoded_bytes_not_guaranteed
external_large_artifact	-	/mnt/NAS/data/hl5757/generated_artifacts/lateact/gate2/primary/0014_v0/left_to_right_next_old.pt	339303	e3636dcb7eaf514b94ffb4c9ec40faea41a78296ab4ae75e20643c6a7776a8bd	generated_latent_tensor	regenerable_with_pinned_code_configs_seeds_upstreams_and_GPU_exact_encoded_bytes_not_guaranteed
external_large_artifact	-	/mnt/NAS/data/hl5757/generated_artifacts/lateact/gate2/primary/0014_v0/left_to_right_old.mp4	1278342	76d4a5292913e03885bc172d74513022a5511bf3d7ce92f3328dcb19750b2f44	generated_video	regenerable_with_pinned_code_configs_seeds_upstreams_and_GPU_exact_encoded_bytes_not_guaranteed
external_large_artifact	-	/mnt/NAS/data/hl5757/generated_artifacts/lateact/gate2/primary/0014_v0/left_to_right_old.pt	339150	f1a68db80820614a533d3169e8e57cbcac0a52216fee99eb8d24797347d54bae	generated_latent_tensor	regenerable_with_pinned_code_configs_seeds_upstreams_and_GPU_exact_encoded_bytes_not_guaranteed
external_large_artifact	-	/mnt/NAS/data/hl5757/generated_artifacts/lateact/gate2/primary/0014_v0/right_to_left_direct_late.mp4	1394433	19d610785a2afbb1b77d3f737a07bd48b02b31b74e3c2215e9e65504a71cc93b	generated_video	regenerable_with_pinned_code_configs_seeds_upstreams_and_GPU_exact_encoded_bytes_not_guaranteed
external_large_artifact	-	/mnt/NAS/data/hl5757/generated_artifacts/lateact/gate2/primary/0014_v0/right_to_left_direct_late.pt	339318	73ebfdd44ff48febacf525c45345be1f3d47b140c90c5b5a2d8f435ceb227464	generated_latent_tensor	regenerable_with_pinned_code_configs_seeds_upstreams_and_GPU_exact_encoded_bytes_not_guaranteed
external_large_artifact	-	/mnt/NAS/data/hl5757/generated_artifacts/lateact/gate2/primary/0014_v0/right_to_left_lateact.mp4	1289466	22e11111c97d3e5c42c6cda53c42792149949cec8148b951e3e1a8ba76f57223	generated_video	regenerable_with_pinned_code_configs_seeds_upstreams_and_GPU_exact_encoded_bytes_not_guaranteed
external_large_artifact	-	/mnt/NAS/data/hl5757/generated_artifacts/lateact/gate2/primary/0014_v0/right_to_left_lateact.pt	339234	09dfab6b867c3eb66744a5ee37a933a33361d13bf884714e0057f83b5ab9864b	generated_latent_tensor	regenerable_with_pinned_code_configs_seeds_upstreams_and_GPU_exact_encoded_bytes_not_guaranteed
external_large_artifact	-	/mnt/NAS/data/hl5757/generated_artifacts/lateact/gate2/primary/0014_v0/right_to_left_new_oracle.mp4	1278342	76d4a5292913e03885bc172d74513022a5511bf3d7ce92f3328dcb19750b2f44	generated_video	regenerable_with_pinned_code_configs_seeds_upstreams_and_GPU_exact_encoded_bytes_not_guaranteed
external_large_artifact	-	/mnt/NAS/data/hl5757/generated_artifacts/lateact/gate2/primary/0014_v0/right_to_left_new_oracle.pt	339313	50ad38c1d1116d39da8a6a3f421b36c29773879b3a610a325e41bb3176a3c635	generated_latent_tensor	regenerable_with_pinned_code_configs_seeds_upstreams_and_GPU_exact_encoded_bytes_not_guaranteed
external_large_artifact	-	/mnt/NAS/data/hl5757/generated_artifacts/lateact/gate2/primary/0014_v0/right_to_left_next_new.mp4	2249646	d901f61c1be0ccee202eba42f7d3cd9eac881e89457d6c6cf6269d55b3df8d64	generated_video	regenerable_with_pinned_code_configs_seeds_upstreams_and_GPU_exact_encoded_bytes_not_guaranteed
external_large_artifact	-	/mnt/NAS/data/hl5757/generated_artifacts/lateact/gate2/primary/0014_v0/right_to_left_next_new.pt	339303	4a5c2f638bb3f675ad6e89af1c02e6e35466ba87a2bc6ddc05c8f2a4d102cc10	generated_latent_tensor	regenerable_with_pinned_code_configs_seeds_upstreams_and_GPU_exact_encoded_bytes_not_guaranteed
external_large_artifact	-	/mnt/NAS/data/hl5757/generated_artifacts/lateact/gate2/primary/0014_v0/right_to_left_next_old.mp4	2212334	268874631cb6365be63adffad27875b75aed3890e505660a137c20b2878c0c1e	generated_video	regenerable_with_pinned_code_configs_seeds_upstreams_and_GPU_exact_encoded_bytes_not_guaranteed
external_large_artifact	-	/mnt/NAS/data/hl5757/generated_artifacts/lateact/gate2/primary/0014_v0/right_to_left_next_old.pt	339303	2b708c9fb1a06899541802c8eeb40af8b4f13db1c02e63cf1c1b6bce7b690d2e	generated_latent_tensor	regenerable_with_pinned_code_configs_seeds_upstreams_and_GPU_exact_encoded_bytes_not_guaranteed
external_large_artifact	-	/mnt/NAS/data/hl5757/generated_artifacts/lateact/gate2/primary/0014_v0/right_to_left_old.mp4	1328459	d28bd26cdda28bf6d890fd7ca15f4a8f613e352126e3a1a7636481b89f8925ab	generated_video	regenerable_with_pinned_code_configs_seeds_upstreams_and_GPU_exact_encoded_bytes_not_guaranteed
external_large_artifact	-	/mnt/NAS/data/hl5757/generated_artifacts/lateact/gate2/primary/0014_v0/right_to_left_old.pt	339150	619951ea352aa54cadc71a50e3f2cc707a8927d0fb857c20bac979b79e37b783	generated_latent_tensor	regenerable_with_pinned_code_configs_seeds_upstreams_and_GPU_exact_encoded_bytes_not_guaranteed
external_large_artifact	-	/mnt/NAS/data/hl5757/generated_artifacts/lateact/gate2/primary/0014_v1/left_to_right_direct_late.mp4	1373043	3f2fdc8122f0b7e10b2ca7b834a1df5846dbad17d74b4e3b2e890e8d28cf3bfa	generated_video	regenerable_with_pinned_code_configs_seeds_upstreams_and_GPU_exact_encoded_bytes_not_guaranteed
external_large_artifact	-	/mnt/NAS/data/hl5757/generated_artifacts/lateact/gate2/primary/0014_v1/left_to_right_direct_late.pt	339318	0c117f6fa277ca133774fad4eaf282e0e5b267a179325c1c6db210235380f24e	generated_latent_tensor	regenerable_with_pinned_code_configs_seeds_upstreams_and_GPU_exact_encoded_bytes_not_guaranteed
external_large_artifact	-	/mnt/NAS/data/hl5757/generated_artifacts/lateact/gate2/primary/0014_v1/left_to_right_lateact.mp4	1329197	8dba64d22f9c5b925eb823d027c186c03fa569194e7310d625843f935f0f9de4	generated_video	regenerable_with_pinned_code_configs_seeds_upstreams_and_GPU_exact_encoded_bytes_not_guaranteed
external_large_artifact	-	/mnt/NAS/data/hl5757/generated_artifacts/lateact/gate2/primary/0014_v1/left_to_right_lateact.pt	339234	5f9b432ce7dc67df8c5ce6113a52ebfd211fc127aab3a3b8115e06f7657ae11d	generated_latent_tensor	regenerable_with_pinned_code_configs_seeds_upstreams_and_GPU_exact_encoded_bytes_not_guaranteed
external_large_artifact	-	/mnt/NAS/data/hl5757/generated_artifacts/lateact/gate2/primary/0014_v1/left_to_right_new_oracle.mp4	1332926	623ade6218c4296cd18952f759c1b588977ada209e030f2e988edc2025ae74d8	generated_video	regenerable_with_pinned_code_configs_seeds_upstreams_and_GPU_exact_encoded_bytes_not_guaranteed
external_large_artifact	-	/mnt/NAS/data/hl5757/generated_artifacts/lateact/gate2/primary/0014_v1/left_to_right_new_oracle.pt	339313	b2880bb0991d42ce1b8ea650b41f6c9e1d80eee84427ed333976c062315dfb1e	generated_latent_tensor	regenerable_with_pinned_code_configs_seeds_upstreams_and_GPU_exact_encoded_bytes_not_guaranteed
external_large_artifact	-	/mnt/NAS/data/hl5757/generated_artifacts/lateact/gate2/primary/0014_v1/left_to_right_next_new.mp4	2129772	8bd0e296124827360c900f5935d5ff123553b49a1218ee7fdfd20d7ec2c483c3	generated_video	regenerable_with_pinned_code_configs_seeds_upstreams_and_GPU_exact_encoded_bytes_not_guaranteed
external_large_artifact	-	/mnt/NAS/data/hl5757/generated_artifacts/lateact/gate2/primary/0014_v1/left_to_right_next_new.pt	339303	f216035f4419c8c6c26e4aa7146b88d29b310bbb4e4d98711a638b71c1f5eb12	generated_latent_tensor	regenerable_with_pinned_code_configs_seeds_upstreams_and_GPU_exact_encoded_bytes_not_guaranteed
external_large_artifact	-	/mnt/NAS/data/hl5757/generated_artifacts/lateact/gate2/primary/0014_v1/left_to_right_next_old.mp4	2075091	f6be9b2a6aefaa691a211e5c9e4302c2a21547aac7173765889586168ab511cd	generated_video	regenerable_with_pinned_code_configs_seeds_upstreams_and_GPU_exact_encoded_bytes_not_guaranteed
external_large_artifact	-	/mnt/NAS/data/hl5757/generated_artifacts/lateact/gate2/primary/0014_v1/left_to_right_next_old.pt	339303	2046dbfa16d558ac90920c2f68610558c4d9e5fe82366b3ecdb208df10f8acd9	generated_latent_tensor	regenerable_with_pinned_code_configs_seeds_upstreams_and_GPU_exact_encoded_bytes_not_guaranteed
external_large_artifact	-	/mnt/NAS/data/hl5757/generated_artifacts/lateact/gate2/primary/0014_v1/left_to_right_old.mp4	1285983	2469620a84e03e82b93b10b788763c9d23ff16b9a1f0385112bbc4b1d3927dc6	generated_video	regenerable_with_pinned_code_configs_seeds_upstreams_and_GPU_exact_encoded_bytes_not_guaranteed
external_large_artifact	-	/mnt/NAS/data/hl5757/generated_artifacts/lateact/gate2/primary/0014_v1/left_to_right_old.pt	339150	235d95087faec4e2a96317e946171e53763ba6bc0d2ded720ee6e6ee13d8db39	generated_latent_tensor	regenerable_with_pinned_code_configs_seeds_upstreams_and_GPU_exact_encoded_bytes_not_guaranteed
external_large_artifact	-	/mnt/NAS/data/hl5757/generated_artifacts/lateact/gate2/primary/0014_v1/right_to_left_direct_late.mp4	1408569	37d9ceeb2f0291960969c7e9e82640ee5ba09d27895d9e1a448893fa38955e22	generated_video	regenerable_with_pinned_code_configs_seeds_upstreams_and_GPU_exact_encoded_bytes_not_guaranteed
external_large_artifact	-	/mnt/NAS/data/hl5757/generated_artifacts/lateact/gate2/primary/0014_v1/right_to_left_direct_late.pt	339318	5d10d1a8e9d8341112c5847963c1c8873cc7f4cc6204cab84d3d2e9a6d33075d	generated_latent_tensor	regenerable_with_pinned_code_configs_seeds_upstreams_and_GPU_exact_encoded_bytes_not_guaranteed
external_large_artifact	-	/mnt/NAS/data/hl5757/generated_artifacts/lateact/gate2/primary/0014_v1/right_to_left_lateact.mp4	1295908	9ec39f4decb939218b436e5798749757e9f7d769ff3663795cdb85827c5a2a3c	generated_video	regenerable_with_pinned_code_configs_seeds_upstreams_and_GPU_exact_encoded_bytes_not_guaranteed
external_large_artifact	-	/mnt/NAS/data/hl5757/generated_artifacts/lateact/gate2/primary/0014_v1/right_to_left_lateact.pt	339234	541424003e6cda49cfeb172ae55b64546faf077fe479eae13670c00a48eb33b2	generated_latent_tensor	regenerable_with_pinned_code_configs_seeds_upstreams_and_GPU_exact_encoded_bytes_not_guaranteed
external_large_artifact	-	/mnt/NAS/data/hl5757/generated_artifacts/lateact/gate2/primary/0014_v1/right_to_left_new_oracle.mp4	1285983	2469620a84e03e82b93b10b788763c9d23ff16b9a1f0385112bbc4b1d3927dc6	generated_video	regenerable_with_pinned_code_configs_seeds_upstreams_and_GPU_exact_encoded_bytes_not_guaranteed
external_large_artifact	-	/mnt/NAS/data/hl5757/generated_artifacts/lateact/gate2/primary/0014_v1/right_to_left_new_oracle.pt	339313	68e9df0c4c32671adacbe1b0fca47ca54dd3671b98b36d79f8654c421a9c4863	generated_latent_tensor	regenerable_with_pinned_code_configs_seeds_upstreams_and_GPU_exact_encoded_bytes_not_guaranteed
external_large_artifact	-	/mnt/NAS/data/hl5757/generated_artifacts/lateact/gate2/primary/0014_v1/right_to_left_next_new.mp4	2251566	30d72dac71f33f733a3225c3d5d786f2ee7137f7f760d8236a148bf6c960de6e	generated_video	regenerable_with_pinned_code_configs_seeds_upstreams_and_GPU_exact_encoded_bytes_not_guaranteed
external_large_artifact	-	/mnt/NAS/data/hl5757/generated_artifacts/lateact/gate2/primary/0014_v1/right_to_left_next_new.pt	339303	949af301eeaebb3fdf66ab805b53ef2dc4effd928a2571cf32ba01b998c03fd7	generated_latent_tensor	regenerable_with_pinned_code_configs_seeds_upstreams_and_GPU_exact_encoded_bytes_not_guaranteed
external_large_artifact	-	/mnt/NAS/data/hl5757/generated_artifacts/lateact/gate2/primary/0014_v1/right_to_left_next_old.mp4	2249494	ea30d55b3753d15783d6d9e304e93ed78eac50306a54800fbbd88d136dec388f	generated_video	regenerable_with_pinned_code_configs_seeds_upstreams_and_GPU_exact_encoded_bytes_not_guaranteed
external_large_artifact	-	/mnt/NAS/data/hl5757/generated_artifacts/lateact/gate2/primary/0014_v1/right_to_left_next_old.pt	339303	0b4493a8c1215e23d475855d8336e5664f0f9673edf47773476edb124e287de9	generated_latent_tensor	regenerable_with_pinned_code_configs_seeds_upstreams_and_GPU_exact_encoded_bytes_not_guaranteed
external_large_artifact	-	/mnt/NAS/data/hl5757/generated_artifacts/lateact/gate2/primary/0014_v1/right_to_left_old.mp4	1332926	623ade6218c4296cd18952f759c1b588977ada209e030f2e988edc2025ae74d8	generated_video	regenerable_with_pinned_code_configs_seeds_upstreams_and_GPU_exact_encoded_bytes_not_guaranteed
external_large_artifact	-	/mnt/NAS/data/hl5757/generated_artifacts/lateact/gate2/primary/0014_v1/right_to_left_old.pt	339150	6105c4e6182f69b62f4c1e7e4620ddb9049130668b9b7324057ca4adf091eff8	generated_latent_tensor	regenerable_with_pinned_code_configs_seeds_upstreams_and_GPU_exact_encoded_bytes_not_guaranteed
external_large_artifact	-	/mnt/NAS/data/hl5757/generated_artifacts/lateact/gate2/primary/0014_v2/left_to_right_direct_late.mp4	1366480	5523223a70c4da5080e794e8a1ba307f1ffef69a07ed82faf676d4cfb92104eb	generated_video	regenerable_with_pinned_code_configs_seeds_upstreams_and_GPU_exact_encoded_bytes_not_guaranteed
external_large_artifact	-	/mnt/NAS/data/hl5757/generated_artifacts/lateact/gate2/primary/0014_v2/left_to_right_direct_late.pt	339318	9042c195b53263349f7789b6e02c6425e14be170828fc013a9c7ec78e731eca1	generated_latent_tensor	regenerable_with_pinned_code_configs_seeds_upstreams_and_GPU_exact_encoded_bytes_not_guaranteed
external_large_artifact	-	/mnt/NAS/data/hl5757/generated_artifacts/lateact/gate2/primary/0014_v2/left_to_right_lateact.mp4	1338510	b1c436560c920b1b0bb0b61f003a4c299f319389fccb4cf20d7b763e986c9c4b	generated_video	regenerable_with_pinned_code_configs_seeds_upstreams_and_GPU_exact_encoded_bytes_not_guaranteed
external_large_artifact	-	/mnt/NAS/data/hl5757/generated_artifacts/lateact/gate2/primary/0014_v2/left_to_right_lateact.pt	339234	c4523f06e882370783a583afe5e2237f91d4cc77439dc47130816eef90e6ff23	generated_latent_tensor	regenerable_with_pinned_code_configs_seeds_upstreams_and_GPU_exact_encoded_bytes_not_guaranteed
external_large_artifact	-	/mnt/NAS/data/hl5757/generated_artifacts/lateact/gate2/primary/0014_v2/left_to_right_new_oracle.mp4	1341984	f53ee1ef33fbc67a1e109cbd65643dc3a3e582e4057259bc1ef0e4d927fb7fd6	generated_video	regenerable_with_pinned_code_configs_seeds_upstreams_and_GPU_exact_encoded_bytes_not_guaranteed
external_large_artifact	-	/mnt/NAS/data/hl5757/generated_artifacts/lateact/gate2/primary/0014_v2/left_to_right_new_oracle.pt	339313	c8800bcc981acaadd2849432070883ff9a25acb587265f8a6d6b109abed6cf94	generated_latent_tensor	regenerable_with_pinned_code_configs_seeds_upstreams_and_GPU_exact_encoded_bytes_not_guaranteed
external_large_artifact	-	/mnt/NAS/data/hl5757/generated_artifacts/lateact/gate2/primary/0014_v2/left_to_right_next_new.mp4	2134912	2b229c3e20bd4e5e2a70279333da6a1ad69e582d1797f7ef52a875928b19f984	generated_video	regenerable_with_pinned_code_configs_seeds_upstreams_and_GPU_exact_encoded_bytes_not_guaranteed
external_large_artifact	-	/mnt/NAS/data/hl5757/generated_artifacts/lateact/gate2/primary/0014_v2/left_to_right_next_new.pt	339303	2d4877717f088358383aff17397cd07d13b11fe15268e41b8535a9628052fba8	generated_latent_tensor	regenerable_with_pinned_code_configs_seeds_upstreams_and_GPU_exact_encoded_bytes_not_guaranteed
external_large_artifact	-	/mnt/NAS/data/hl5757/generated_artifacts/lateact/gate2/primary/0014_v2/left_to_right_next_old.mp4	2134672	59f13cff003bc8e6a9b3a23bd34673dc29527ba469d0aee1b1a2f205d2aa5f78	generated_video	regenerable_with_pinned_code_configs_seeds_upstreams_and_GPU_exact_encoded_bytes_not_guaranteed
external_large_artifact	-	/mnt/NAS/data/hl5757/generated_artifacts/lateact/gate2/primary/0014_v2/left_to_right_next_old.pt	339303	8ba6d3d096b984e2be02b90515e2497ca0e400e114efa4b02125ed2c702cb549	generated_latent_tensor	regenerable_with_pinned_code_configs_seeds_upstreams_and_GPU_exact_encoded_bytes_not_guaranteed
external_large_artifact	-	/mnt/NAS/data/hl5757/generated_artifacts/lateact/gate2/primary/0014_v2/left_to_right_old.mp4	1287327	2addb83314fa4997189066a3a255f0029a32b922d83ec0dd2178183c0ee7a3fe	generated_video	regenerable_with_pinned_code_configs_seeds_upstreams_and_GPU_exact_encoded_bytes_not_guaranteed
external_large_artifact	-	/mnt/NAS/data/hl5757/generated_artifacts/lateact/gate2/primary/0014_v2/left_to_right_old.pt	339150	037e21f7a7c850008247aec331eef657c335d34f4c509dc11d814921110e9ce7	generated_latent_tensor	regenerable_with_pinned_code_configs_seeds_upstreams_and_GPU_exact_encoded_bytes_not_guaranteed
external_large_artifact	-	/mnt/NAS/data/hl5757/generated_artifacts/lateact/gate2/primary/0014_v2/right_to_left_direct_late.mp4	1418259	72da655003ef52ecb2cd795d9791a6194d972319b1786fa54a03ac225cd9af88	generated_video	regenerable_with_pinned_code_configs_seeds_upstreams_and_GPU_exact_encoded_bytes_not_guaranteed
external_large_artifact	-	/mnt/NAS/data/hl5757/generated_artifacts/lateact/gate2/primary/0014_v2/right_to_left_direct_late.pt	339318	ffe18f320f15392d77547421c15cc00b5cb44270eefd5db9234face3b74c23a2	generated_latent_tensor	regenerable_with_pinned_code_configs_seeds_upstreams_and_GPU_exact_encoded_bytes_not_guaranteed
external_large_artifact	-	/mnt/NAS/data/hl5757/generated_artifacts/lateact/gate2/primary/0014_v2/right_to_left_lateact.mp4	1316133	f88c1ff884e9eccd5b01527f913684062e60db0bef714b3672474236b0a9f863	generated_video	regenerable_with_pinned_code_configs_seeds_upstreams_and_GPU_exact_encoded_bytes_not_guaranteed
external_large_artifact	-	/mnt/NAS/data/hl5757/generated_artifacts/lateact/gate2/primary/0014_v2/right_to_left_lateact.pt	339234	371c644df38d958301adebc0630cafc752e6f4d0f5571873efce5e2bb1c55da2	generated_latent_tensor	regenerable_with_pinned_code_configs_seeds_upstreams_and_GPU_exact_encoded_bytes_not_guaranteed
external_large_artifact	-	/mnt/NAS/data/hl5757/generated_artifacts/lateact/gate2/primary/0014_v2/right_to_left_new_oracle.mp4	1287327	2addb83314fa4997189066a3a255f0029a32b922d83ec0dd2178183c0ee7a3fe	generated_video	regenerable_with_pinned_code_configs_seeds_upstreams_and_GPU_exact_encoded_bytes_not_guaranteed
external_large_artifact	-	/mnt/NAS/data/hl5757/generated_artifacts/lateact/gate2/primary/0014_v2/right_to_left_new_oracle.pt	339313	b10706eea70aa48646ea30a6d008a02ed35105dcdb28f4e9a9b298f092eae8b4	generated_latent_tensor	regenerable_with_pinned_code_configs_seeds_upstreams_and_GPU_exact_encoded_bytes_not_guaranteed
external_large_artifact	-	/mnt/NAS/data/hl5757/generated_artifacts/lateact/gate2/primary/0014_v2/right_to_left_next_new.mp4	2270567	27ecb91043e0232d625c18857bfb791cf427227f56785922a261bde8efc8e936	generated_video	regenerable_with_pinned_code_configs_seeds_upstreams_and_GPU_exact_encoded_bytes_not_guaranteed
external_large_artifact	-	/mnt/NAS/data/hl5757/generated_artifacts/lateact/gate2/primary/0014_v2/right_to_left_next_new.pt	339303	4ec573f61749787cdf1fb769d411a0b8e6875864c0117e62c8ffdd607d7374a8	generated_latent_tensor	regenerable_with_pinned_code_configs_seeds_upstreams_and_GPU_exact_encoded_bytes_not_guaranteed
external_large_artifact	-	/mnt/NAS/data/hl5757/generated_artifacts/lateact/gate2/primary/0014_v2/right_to_left_next_old.mp4	2206542	054fa334a7f808adeaf2392afb3c183cb2dc1f22d5def8fdaac839af84da9925	generated_video	regenerable_with_pinned_code_configs_seeds_upstreams_and_GPU_exact_encoded_bytes_not_guaranteed
external_large_artifact	-	/mnt/NAS/data/hl5757/generated_artifacts/lateact/gate2/primary/0014_v2/right_to_left_next_old.pt	339303	93c8a18615748acfa8411eb6194d012d9f51667ad7007486a92906b7a511d05e	generated_latent_tensor	regenerable_with_pinned_code_configs_seeds_upstreams_and_GPU_exact_encoded_bytes_not_guaranteed
external_large_artifact	-	/mnt/NAS/data/hl5757/generated_artifacts/lateact/gate2/primary/0014_v2/right_to_left_old.mp4	1341984	f53ee1ef33fbc67a1e109cbd65643dc3a3e582e4057259bc1ef0e4d927fb7fd6	generated_video	regenerable_with_pinned_code_configs_seeds_upstreams_and_GPU_exact_encoded_bytes_not_guaranteed
external_large_artifact	-	/mnt/NAS/data/hl5757/generated_artifacts/lateact/gate2/primary/0014_v2/right_to_left_old.pt	339150	37ac56da38818b945ce98e4888fbf53a7021d8728e19faf3eb0a8458f91badb9	generated_latent_tensor	regenerable_with_pinned_code_configs_seeds_upstreams_and_GPU_exact_encoded_bytes_not_guaranteed
external_large_artifact	-	/mnt/NAS/data/hl5757/generated_artifacts/lateact/gate2/primary/0014_v3/left_to_right_direct_late.mp4	1333886	71a924959323a878c4a54a743531718419aeb29ca1bd71ad4b7ad9339cb452ae	generated_video	regenerable_with_pinned_code_configs_seeds_upstreams_and_GPU_exact_encoded_bytes_not_guaranteed
external_large_artifact	-	/mnt/NAS/data/hl5757/generated_artifacts/lateact/gate2/primary/0014_v3/left_to_right_direct_late.pt	339318	4b0c4fa26720f9e78388ecaa31971b26bcb789215505eadcefdb7b7e819fcb4b	generated_latent_tensor	regenerable_with_pinned_code_configs_seeds_upstreams_and_GPU_exact_encoded_bytes_not_guaranteed
external_large_artifact	-	/mnt/NAS/data/hl5757/generated_artifacts/lateact/gate2/primary/0014_v3/left_to_right_lateact.mp4	1346527	558e3ad12264bef152ced86f00f0c8a5e826c62c555a57ff84b6e63d2eaddf64	generated_video	regenerable_with_pinned_code_configs_seeds_upstreams_and_GPU_exact_encoded_bytes_not_guaranteed
external_large_artifact	-	/mnt/NAS/data/hl5757/generated_artifacts/lateact/gate2/primary/0014_v3/left_to_right_lateact.pt	339234	7c77e8ca17d65b172c16885c9d2b8744dd0cbd6dce3d35c7d031628efb821235	generated_latent_tensor	regenerable_with_pinned_code_configs_seeds_upstreams_and_GPU_exact_encoded_bytes_not_guaranteed
external_large_artifact	-	/mnt/NAS/data/hl5757/generated_artifacts/lateact/gate2/primary/0014_v3/left_to_right_new_oracle.mp4	1357059	2c55d374be34b8c81650ffa273df081d4ca85d1195be985e73400558b1c01110	generated_video	regenerable_with_pinned_code_configs_seeds_upstreams_and_GPU_exact_encoded_bytes_not_guaranteed
external_large_artifact	-	/mnt/NAS/data/hl5757/generated_artifacts/lateact/gate2/primary/0014_v3/left_to_right_new_oracle.pt	339313	234f4c643a09e8667b6905408004ee3e6a499b92ec99467b5c7aa1b698cd4374	generated_latent_tensor	regenerable_with_pinned_code_configs_seeds_upstreams_and_GPU_exact_encoded_bytes_not_guaranteed
external_large_artifact	-	/mnt/NAS/data/hl5757/generated_artifacts/lateact/gate2/primary/0014_v3/left_to_right_next_new.mp4	2162747	1c195199bcaded8fd3212095eaba491cf6c7954d0132a7336218cbbb019b2ba5	generated_video	regenerable_with_pinned_code_configs_seeds_upstreams_and_GPU_exact_encoded_bytes_not_guaranteed
external_large_artifact	-	/mnt/NAS/data/hl5757/generated_artifacts/lateact/gate2/primary/0014_v3/left_to_right_next_new.pt	339303	c8ee74da401cd79b5eaa122d27f0349917f4cca849fc3caf444311bb2da53243	generated_latent_tensor	regenerable_with_pinned_code_configs_seeds_upstreams_and_GPU_exact_encoded_bytes_not_guaranteed
external_large_artifact	-	/mnt/NAS/data/hl5757/generated_artifacts/lateact/gate2/primary/0014_v3/left_to_right_next_old.mp4	2140937	13b12c4dde0f0e688410670661b0371cb04c6675825e792164796546cf25e0d2	generated_video	regenerable_with_pinned_code_configs_seeds_upstreams_and_GPU_exact_encoded_bytes_not_guaranteed
external_large_artifact	-	/mnt/NAS/data/hl5757/generated_artifacts/lateact/gate2/primary/0014_v3/left_to_right_next_old.pt	339303	3c9cf0b4139de91d6506d164fa9e5b76c4b6c9c530c5e0ac4321c6095a862239	generated_latent_tensor	regenerable_with_pinned_code_configs_seeds_upstreams_and_GPU_exact_encoded_bytes_not_guaranteed
external_large_artifact	-	/mnt/NAS/data/hl5757/generated_artifacts/lateact/gate2/primary/0014_v3/left_to_right_old.mp4	1305956	59de031b6ce9c3e8bf2fff58cefa09597eec041ca620545fb8299ba81b2c8b59	generated_video	regenerable_with_pinned_code_configs_seeds_upstreams_and_GPU_exact_encoded_bytes_not_guaranteed
external_large_artifact	-	/mnt/NAS/data/hl5757/generated_artifacts/lateact/gate2/primary/0014_v3/left_to_right_old.pt	339150	a2988d5b141408a3670c743c6b113ab6ab4b7a07172d452ee2edfebf10bf3867	generated_latent_tensor	regenerable_with_pinned_code_configs_seeds_upstreams_and_GPU_exact_encoded_bytes_not_guaranteed
external_large_artifact	-	/mnt/NAS/data/hl5757/generated_artifacts/lateact/gate2/primary/0014_v3/right_to_left_direct_late.mp4	1434245	022ac31979ab5eab91110e416b52f532616cf65e2353f0142a225e840a9455b4	generated_video	regenerable_with_pinned_code_configs_seeds_upstreams_and_GPU_exact_encoded_bytes_not_guaranteed
external_large_artifact	-	/mnt/NAS/data/hl5757/generated_artifacts/lateact/gate2/primary/0014_v3/right_to_left_direct_late.pt	339318	fa9db1fdca7ff6964b0b46cd9c4d3cfcf62e9424c4c61875dcc9e69c089f6236	generated_latent_tensor	regenerable_with_pinned_code_configs_seeds_upstreams_and_GPU_exact_encoded_bytes_not_guaranteed
external_large_artifact	-	/mnt/NAS/data/hl5757/generated_artifacts/lateact/gate2/primary/0014_v3/right_to_left_lateact.mp4	1312666	3372bad6fceea428616216bd1cab82a569d455664da917eab59010f3102a23f0	generated_video	regenerable_with_pinned_code_configs_seeds_upstreams_and_GPU_exact_encoded_bytes_not_guaranteed
external_large_artifact	-	/mnt/NAS/data/hl5757/generated_artifacts/lateact/gate2/primary/0014_v3/right_to_left_lateact.pt	339234	be894fdb7c29a6e0d9c450f5c75c4c1d7b89e5d224512aa38d3ad5fe493498d8	generated_latent_tensor	regenerable_with_pinned_code_configs_seeds_upstreams_and_GPU_exact_encoded_bytes_not_guaranteed
external_large_artifact	-	/mnt/NAS/data/hl5757/generated_artifacts/lateact/gate2/primary/0014_v3/right_to_left_new_oracle.mp4	1305956	59de031b6ce9c3e8bf2fff58cefa09597eec041ca620545fb8299ba81b2c8b59	generated_video	regenerable_with_pinned_code_configs_seeds_upstreams_and_GPU_exact_encoded_bytes_not_guaranteed
external_large_artifact	-	/mnt/NAS/data/hl5757/generated_artifacts/lateact/gate2/primary/0014_v3/right_to_left_new_oracle.pt	339313	6e6572c9659c29756d4c679b6c875f30becd76bc82ae2780837d5572a3ce88e7	generated_latent_tensor	regenerable_with_pinned_code_configs_seeds_upstreams_and_GPU_exact_encoded_bytes_not_guaranteed
external_large_artifact	-	/mnt/NAS/data/hl5757/generated_artifacts/lateact/gate2/primary/0014_v3/right_to_left_next_new.mp4	2283785	c52a69a3527fbf500ff22ac5754d89e938a8c62df0b0e957983cc76fc24f7336	generated_video	regenerable_with_pinned_code_configs_seeds_upstreams_and_GPU_exact_encoded_bytes_not_guaranteed
external_large_artifact	-	/mnt/NAS/data/hl5757/generated_artifacts/lateact/gate2/primary/0014_v3/right_to_left_next_new.pt	339303	f4c231775b7a7d032f2f4cbb028cc200072dc5ace91bc61f5693bd761940d3e1	generated_latent_tensor	regenerable_with_pinned_code_configs_seeds_upstreams_and_GPU_exact_encoded_bytes_not_guaranteed
external_large_artifact	-	/mnt/NAS/data/hl5757/generated_artifacts/lateact/gate2/primary/0014_v3/right_to_left_next_old.mp4	2269206	a40b82481e347907998890b2a8d25983142cb19e58c44dd0cb4eb0b5d93358e9	generated_video	regenerable_with_pinned_code_configs_seeds_upstreams_and_GPU_exact_encoded_bytes_not_guaranteed
external_large_artifact	-	/mnt/NAS/data/hl5757/generated_artifacts/lateact/gate2/primary/0014_v3/right_to_left_next_old.pt	339303	68427db04d5b4ab589a98900f2fa880e49b553dd0c7a98ef19c5cac8280c4480	generated_latent_tensor	regenerable_with_pinned_code_configs_seeds_upstreams_and_GPU_exact_encoded_bytes_not_guaranteed
external_large_artifact	-	/mnt/NAS/data/hl5757/generated_artifacts/lateact/gate2/primary/0014_v3/right_to_left_old.mp4	1357059	2c55d374be34b8c81650ffa273df081d4ca85d1195be985e73400558b1c01110	generated_video	regenerable_with_pinned_code_configs_seeds_upstreams_and_GPU_exact_encoded_bytes_not_guaranteed
external_large_artifact	-	/mnt/NAS/data/hl5757/generated_artifacts/lateact/gate2/primary/0014_v3/right_to_left_old.pt	339150	b7eaacac373cec93c72bbef2575209df880722c25d2322c1791c08a5fc478838	generated_latent_tensor	regenerable_with_pinned_code_configs_seeds_upstreams_and_GPU_exact_encoded_bytes_not_guaranteed
external_large_artifact	-	/mnt/NAS/data/hl5757/generated_artifacts/lateact/gate2/primary/0015_v0/left_to_right_direct_late.mp4	987133	cd6352045b43d44de9d8de57d66a3e2c788a9b5b718fb0492c76867bc856c401	generated_video	regenerable_with_pinned_code_configs_seeds_upstreams_and_GPU_exact_encoded_bytes_not_guaranteed
external_large_artifact	-	/mnt/NAS/data/hl5757/generated_artifacts/lateact/gate2/primary/0015_v0/left_to_right_direct_late.pt	339318	d30de3059432f1192a6d6ca834286e83477cc2a2b855605d55dd1d94be9e3661	generated_latent_tensor	regenerable_with_pinned_code_configs_seeds_upstreams_and_GPU_exact_encoded_bytes_not_guaranteed
external_large_artifact	-	/mnt/NAS/data/hl5757/generated_artifacts/lateact/gate2/primary/0015_v0/left_to_right_lateact.mp4	957687	e2ee11720eaed7d5a349f6101f7a2780baca3f7e37057d5fd975610532bc9254	generated_video	regenerable_with_pinned_code_configs_seeds_upstreams_and_GPU_exact_encoded_bytes_not_guaranteed
external_large_artifact	-	/mnt/NAS/data/hl5757/generated_artifacts/lateact/gate2/primary/0015_v0/left_to_right_lateact.pt	339234	f7030e310a7dffb8e32333013544a539c65acd2f2d37aa83c893a4f1ef8dd632	generated_latent_tensor	regenerable_with_pinned_code_configs_seeds_upstreams_and_GPU_exact_encoded_bytes_not_guaranteed
external_large_artifact	-	/mnt/NAS/data/hl5757/generated_artifacts/lateact/gate2/primary/0015_v0/left_to_right_new_oracle.mp4	956805	cde704cb72e034383cf476f6d1f44927826aa69f7f8ed15aeb835c9186009e3a	generated_video	regenerable_with_pinned_code_configs_seeds_upstreams_and_GPU_exact_encoded_bytes_not_guaranteed
external_large_artifact	-	/mnt/NAS/data/hl5757/generated_artifacts/lateact/gate2/primary/0015_v0/left_to_right_new_oracle.pt	339313	07863fe1f9236c2da322ad290fbf98ae91201d4846adb4bbbd5ddae26d81190b	generated_latent_tensor	regenerable_with_pinned_code_configs_seeds_upstreams_and_GPU_exact_encoded_bytes_not_guaranteed
external_large_artifact	-	/mnt/NAS/data/hl5757/generated_artifacts/lateact/gate2/primary/0015_v0/left_to_right_next_new.mp4	1647194	ffff76e6ee711bc54792a8cc0958c922d4205268bbd47afceb8500b90d735fe2	generated_video	regenerable_with_pinned_code_configs_seeds_upstreams_and_GPU_exact_encoded_bytes_not_guaranteed
external_large_artifact	-	/mnt/NAS/data/hl5757/generated_artifacts/lateact/gate2/primary/0015_v0/left_to_right_next_new.pt	339303	faa18a63daaf19111d2bfea316a8a0c826f5a3ce05023d1e8780fd9683fa7dda	generated_latent_tensor	regenerable_with_pinned_code_configs_seeds_upstreams_and_GPU_exact_encoded_bytes_not_guaranteed
external_large_artifact	-	/mnt/NAS/data/hl5757/generated_artifacts/lateact/gate2/primary/0015_v0/left_to_right_next_old.mp4	1645879	94d2839448fec21964a84f5f295e28adf2bbca6f6616e7b84f9072fd47ac4a34	generated_video	regenerable_with_pinned_code_configs_seeds_upstreams_and_GPU_exact_encoded_bytes_not_guaranteed
external_large_artifact	-	/mnt/NAS/data/hl5757/generated_artifacts/lateact/gate2/primary/0015_v0/left_to_right_next_old.pt	339303	f398f5de78d99fc5eb6fae3a48febaeb567b7d834927199cbbd548fa3b7ff38a	generated_latent_tensor	regenerable_with_pinned_code_configs_seeds_upstreams_and_GPU_exact_encoded_bytes_not_guaranteed
external_large_artifact	-	/mnt/NAS/data/hl5757/generated_artifacts/lateact/gate2/primary/0015_v0/left_to_right_old.mp4	981648	6cbf7914a92f2991a3084f1b2bf970130fc81f7e2a1c009c70a967f343b78095	generated_video	regenerable_with_pinned_code_configs_seeds_upstreams_and_GPU_exact_encoded_bytes_not_guaranteed
external_large_artifact	-	/mnt/NAS/data/hl5757/generated_artifacts/lateact/gate2/primary/0015_v0/left_to_right_old.pt	339150	6b572c5c2d419e4490728da89323c16b612c59ba786cff537fefabd070f1e3f9	generated_latent_tensor	regenerable_with_pinned_code_configs_seeds_upstreams_and_GPU_exact_encoded_bytes_not_guaranteed
external_large_artifact	-	/mnt/NAS/data/hl5757/generated_artifacts/lateact/gate2/primary/0015_v0/right_to_left_direct_late.mp4	991350	7934e50316e9645dd78474d3ebf05fb4c2faba089947f2ce377649f587604847	generated_video	regenerable_with_pinned_code_configs_seeds_upstreams_and_GPU_exact_encoded_bytes_not_guaranteed
external_large_artifact	-	/mnt/NAS/data/hl5757/generated_artifacts/lateact/gate2/primary/0015_v0/right_to_left_direct_late.pt	339318	d039697441e26ae01368799ea3c5e3f2d3170a0732e5dbdacd1383f0a279ac91	generated_latent_tensor	regenerable_with_pinned_code_configs_seeds_upstreams_and_GPU_exact_encoded_bytes_not_guaranteed
external_large_artifact	-	/mnt/NAS/data/hl5757/generated_artifacts/lateact/gate2/primary/0015_v0/right_to_left_lateact.mp4	990609	5808cef6a0a3eec19ca23b5e0bde1a074594be918ea6dd52131e28453a0e19c4	generated_video	regenerable_with_pinned_code_configs_seeds_upstreams_and_GPU_exact_encoded_bytes_not_guaranteed
external_large_artifact	-	/mnt/NAS/data/hl5757/generated_artifacts/lateact/gate2/primary/0015_v0/right_to_left_lateact.pt	339234	f75523bdcba2f64f0f17495e5da7ab4dd471da345f4c1f18668025f516cb6f1c	generated_latent_tensor	regenerable_with_pinned_code_configs_seeds_upstreams_and_GPU_exact_encoded_bytes_not_guaranteed
external_large_artifact	-	/mnt/NAS/data/hl5757/generated_artifacts/lateact/gate2/primary/0015_v0/right_to_left_new_oracle.mp4	981648	6cbf7914a92f2991a3084f1b2bf970130fc81f7e2a1c009c70a967f343b78095	generated_video	regenerable_with_pinned_code_configs_seeds_upstreams_and_GPU_exact_encoded_bytes_not_guaranteed
external_large_artifact	-	/mnt/NAS/data/hl5757/generated_artifacts/lateact/gate2/primary/0015_v0/right_to_left_new_oracle.pt	339313	3095a3271a436928cc6a00da57d676118463f244bdaa0c0a02ff61291b244046	generated_latent_tensor	regenerable_with_pinned_code_configs_seeds_upstreams_and_GPU_exact_encoded_bytes_not_guaranteed
external_large_artifact	-	/mnt/NAS/data/hl5757/generated_artifacts/lateact/gate2/primary/0015_v0/right_to_left_next_new.mp4	1606781	bb1d9002fe7269052e3373d0ab6a86d8299f002c7ff03abe0802bc6bbd3b205b	generated_video	regenerable_with_pinned_code_configs_seeds_upstreams_and_GPU_exact_encoded_bytes_not_guaranteed
external_large_artifact	-	/mnt/NAS/data/hl5757/generated_artifacts/lateact/gate2/primary/0015_v0/right_to_left_next_new.pt	339303	af9896833e7ebb52bbca8f8f503dfcd530a62f4d6a04fd4d18844708e6269302	generated_latent_tensor	regenerable_with_pinned_code_configs_seeds_upstreams_and_GPU_exact_encoded_bytes_not_guaranteed
external_large_artifact	-	/mnt/NAS/data/hl5757/generated_artifacts/lateact/gate2/primary/0015_v0/right_to_left_next_old.mp4	1591534	851532d37c43a745fa190387a69ce055547d5b42ae726198921de5fb925d9ba3	generated_video	regenerable_with_pinned_code_configs_seeds_upstreams_and_GPU_exact_encoded_bytes_not_guaranteed
external_large_artifact	-	/mnt/NAS/data/hl5757/generated_artifacts/lateact/gate2/primary/0015_v0/right_to_left_next_old.pt	339303	41211a933cb573f1f9340a18e6cfa7739c5f929bdf8a5f1c2fde827b315f6db6	generated_latent_tensor	regenerable_with_pinned_code_configs_seeds_upstreams_and_GPU_exact_encoded_bytes_not_guaranteed
external_large_artifact	-	/mnt/NAS/data/hl5757/generated_artifacts/lateact/gate2/primary/0015_v0/right_to_left_old.mp4	956805	cde704cb72e034383cf476f6d1f44927826aa69f7f8ed15aeb835c9186009e3a	generated_video	regenerable_with_pinned_code_configs_seeds_upstreams_and_GPU_exact_encoded_bytes_not_guaranteed
external_large_artifact	-	/mnt/NAS/data/hl5757/generated_artifacts/lateact/gate2/primary/0015_v0/right_to_left_old.pt	339150	cc824062bc459088b8992e879102e43e9f96ca3a5d7f37aad6c55b69556d09a7	generated_latent_tensor	regenerable_with_pinned_code_configs_seeds_upstreams_and_GPU_exact_encoded_bytes_not_guaranteed
external_large_artifact	-	/mnt/NAS/data/hl5757/generated_artifacts/lateact/gate2/primary/0015_v1/left_to_right_direct_late.mp4	994903	2124f45f2312c75feaffae516f398e9ea6a17d995589a9c9eb1569965965c6f5	generated_video	regenerable_with_pinned_code_configs_seeds_upstreams_and_GPU_exact_encoded_bytes_not_guaranteed
external_large_artifact	-	/mnt/NAS/data/hl5757/generated_artifacts/lateact/gate2/primary/0015_v1/left_to_right_direct_late.pt	339318	7836b0833615e6ea7c1099e997b1ce36ef026e1195206dcdd5ce48b5f0eae621	generated_latent_tensor	regenerable_with_pinned_code_configs_seeds_upstreams_and_GPU_exact_encoded_bytes_not_guaranteed
external_large_artifact	-	/mnt/NAS/data/hl5757/generated_artifacts/lateact/gate2/primary/0015_v1/left_to_right_lateact.mp4	974368	b471d1ad797921b5ff8d6db383d9f9efe4ebe665a890376a3a4adf28e7cc82aa	generated_video	regenerable_with_pinned_code_configs_seeds_upstreams_and_GPU_exact_encoded_bytes_not_guaranteed
external_large_artifact	-	/mnt/NAS/data/hl5757/generated_artifacts/lateact/gate2/primary/0015_v1/left_to_right_lateact.pt	339234	a63d221865ee52c3257c02b121363b79121863109e1c596dd496956a3b8b47e0	generated_latent_tensor	regenerable_with_pinned_code_configs_seeds_upstreams_and_GPU_exact_encoded_bytes_not_guaranteed
external_large_artifact	-	/mnt/NAS/data/hl5757/generated_artifacts/lateact/gate2/primary/0015_v1/left_to_right_new_oracle.mp4	966291	5b90a91ff38768ede65f081e759103fefa50bd02ec6afbe531af6c4f5f99e029	generated_video	regenerable_with_pinned_code_configs_seeds_upstreams_and_GPU_exact_encoded_bytes_not_guaranteed
external_large_artifact	-	/mnt/NAS/data/hl5757/generated_artifacts/lateact/gate2/primary/0015_v1/left_to_right_new_oracle.pt	339313	3797f8b61018f0cd32fb24ab01236d79bbb9f24bae24535c46464a2ce17c679a	generated_latent_tensor	regenerable_with_pinned_code_configs_seeds_upstreams_and_GPU_exact_encoded_bytes_not_guaranteed
external_large_artifact	-	/mnt/NAS/data/hl5757/generated_artifacts/lateact/gate2/primary/0015_v1/left_to_right_next_new.mp4	1671157	d06a18c1a46685017d15b68672d121d2f92e6fcdf7e84f3ef37253eea05585fc	generated_video	regenerable_with_pinned_code_configs_seeds_upstreams_and_GPU_exact_encoded_bytes_not_guaranteed
external_large_artifact	-	/mnt/NAS/data/hl5757/generated_artifacts/lateact/gate2/primary/0015_v1/left_to_right_next_new.pt	339303	a68dbb36301228d1146da39eb00b5239f625c7517f66b7cbf6b9e11c259a733e	generated_latent_tensor	regenerable_with_pinned_code_configs_seeds_upstreams_and_GPU_exact_encoded_bytes_not_guaranteed
external_large_artifact	-	/mnt/NAS/data/hl5757/generated_artifacts/lateact/gate2/primary/0015_v1/left_to_right_next_old.mp4	1705146	ae0f5f1e873aba73cf4c4f117627c2527454c0f24c0249efb5a184053536fce0	generated_video	regenerable_with_pinned_code_configs_seeds_upstreams_and_GPU_exact_encoded_bytes_not_guaranteed
external_large_artifact	-	/mnt/NAS/data/hl5757/generated_artifacts/lateact/gate2/primary/0015_v1/left_to_right_next_old.pt	339303	516d228b6fd56a832a4190aaea9001b8d0952fdd48b3c3bf3e450982933b5344	generated_latent_tensor	regenerable_with_pinned_code_configs_seeds_upstreams_and_GPU_exact_encoded_bytes_not_guaranteed
external_large_artifact	-	/mnt/NAS/data/hl5757/generated_artifacts/lateact/gate2/primary/0015_v1/left_to_right_old.mp4	991210	acbcd5c66352412e1197d00d8a568abeb13467dfd23b9f8c0e108e3e1ae9de80	generated_video	regenerable_with_pinned_code_configs_seeds_upstreams_and_GPU_exact_encoded_bytes_not_guaranteed
external_large_artifact	-	/mnt/NAS/data/hl5757/generated_artifacts/lateact/gate2/primary/0015_v1/left_to_right_old.pt	339150	6420837de2ed44fbbd19c223337813da2b394f8661bf47eb2d175cfbb6e7bac8	generated_latent_tensor	regenerable_with_pinned_code_configs_seeds_upstreams_and_GPU_exact_encoded_bytes_not_guaranteed
external_large_artifact	-	/mnt/NAS/data/hl5757/generated_artifacts/lateact/gate2/primary/0015_v1/right_to_left_direct_late.mp4	1022370	6d7463b33fe18c829c39a39052449334141ea9a6cde47d48845ba84236822e11	generated_video	regenerable_with_pinned_code_configs_seeds_upstreams_and_GPU_exact_encoded_bytes_not_guaranteed
external_large_artifact	-	/mnt/NAS/data/hl5757/generated_artifacts/lateact/gate2/primary/0015_v1/right_to_left_direct_late.pt	339318	27f799fc180bca63cc2279808219809bb18aa6b3a70a7d373dbf6816c57a293a	generated_latent_tensor	regenerable_with_pinned_code_configs_seeds_upstreams_and_GPU_exact_encoded_bytes_not_guaranteed
external_large_artifact	-	/mnt/NAS/data/hl5757/generated_artifacts/lateact/gate2/primary/0015_v1/right_to_left_lateact.mp4	991083	0672ab23141cb6418ec79498b8b347d83247a998e4c1902a664a5d051bcd7e48	generated_video	regenerable_with_pinned_code_configs_seeds_upstreams_and_GPU_exact_encoded_bytes_not_guaranteed
external_large_artifact	-	/mnt/NAS/data/hl5757/generated_artifacts/lateact/gate2/primary/0015_v1/right_to_left_lateact.pt	339234	841ac5140d19ab6d206f4b9216a44b9d7ec526f5b87f0aa527da206ac6b1d3b5	generated_latent_tensor	regenerable_with_pinned_code_configs_seeds_upstreams_and_GPU_exact_encoded_bytes_not_guaranteed
external_large_artifact	-	/mnt/NAS/data/hl5757/generated_artifacts/lateact/gate2/primary/0015_v1/right_to_left_new_oracle.mp4	991210	acbcd5c66352412e1197d00d8a568abeb13467dfd23b9f8c0e108e3e1ae9de80	generated_video	regenerable_with_pinned_code_configs_seeds_upstreams_and_GPU_exact_encoded_bytes_not_guaranteed
external_large_artifact	-	/mnt/NAS/data/hl5757/generated_artifacts/lateact/gate2/primary/0015_v1/right_to_left_new_oracle.pt	339313	797754c6d18ff2a6ef01da0f02caaaae07ba291eb62a46881daca65915c14bad	generated_latent_tensor	regenerable_with_pinned_code_configs_seeds_upstreams_and_GPU_exact_encoded_bytes_not_guaranteed
external_large_artifact	-	/mnt/NAS/data/hl5757/generated_artifacts/lateact/gate2/primary/0015_v1/right_to_left_next_new.mp4	1619726	f7330ab74088d5b463676e36459b70a8c67f1fc3ac5a43de736a09604837bdc2	generated_video	regenerable_with_pinned_code_configs_seeds_upstreams_and_GPU_exact_encoded_bytes_not_guaranteed
external_large_artifact	-	/mnt/NAS/data/hl5757/generated_artifacts/lateact/gate2/primary/0015_v1/right_to_left_next_new.pt	339303	fea2064673c15954d8a73d164760d777548ee5be1d1083e5538fc4dc30a5a353	generated_latent_tensor	regenerable_with_pinned_code_configs_seeds_upstreams_and_GPU_exact_encoded_bytes_not_guaranteed
external_large_artifact	-	/mnt/NAS/data/hl5757/generated_artifacts/lateact/gate2/primary/0015_v1/right_to_left_next_old.mp4	1620746	0cbfd34dae169375508cf4f114852222583ecda497f4ee00ec9e30ae9af27f9c	generated_video	regenerable_with_pinned_code_configs_seeds_upstreams_and_GPU_exact_encoded_bytes_not_guaranteed
external_large_artifact	-	/mnt/NAS/data/hl5757/generated_artifacts/lateact/gate2/primary/0015_v1/right_to_left_next_old.pt	339303	868d0ace16bac65f712649e51ed23e90e8a49307d2ba9e39710dca1580fd02d2	generated_latent_tensor	regenerable_with_pinned_code_configs_seeds_upstreams_and_GPU_exact_encoded_bytes_not_guaranteed
external_large_artifact	-	/mnt/NAS/data/hl5757/generated_artifacts/lateact/gate2/primary/0015_v1/right_to_left_old.mp4	966291	5b90a91ff38768ede65f081e759103fefa50bd02ec6afbe531af6c4f5f99e029	generated_video	regenerable_with_pinned_code_configs_seeds_upstreams_and_GPU_exact_encoded_bytes_not_guaranteed
external_large_artifact	-	/mnt/NAS/data/hl5757/generated_artifacts/lateact/gate2/primary/0015_v1/right_to_left_old.pt	339150	2e84fbcab125cb3297dc154a39784f810b22e33f3af36c9e449447c3d8115eb5	generated_latent_tensor	regenerable_with_pinned_code_configs_seeds_upstreams_and_GPU_exact_encoded_bytes_not_guaranteed
external_large_artifact	-	/mnt/NAS/data/hl5757/generated_artifacts/lateact/gate2/primary/0015_v2/left_to_right_direct_late.mp4	1026748	ac2d164c6b1b4a430ffa19fe16df5ea6cd96e644e8cd09847da1596c1cdbaeb8	generated_video	regenerable_with_pinned_code_configs_seeds_upstreams_and_GPU_exact_encoded_bytes_not_guaranteed
external_large_artifact	-	/mnt/NAS/data/hl5757/generated_artifacts/lateact/gate2/primary/0015_v2/left_to_right_direct_late.pt	339318	13e6dea05ff3ef6df2f6f54da09873c46e67dae99b52a31296567fa44aceb6a8	generated_latent_tensor	regenerable_with_pinned_code_configs_seeds_upstreams_and_GPU_exact_encoded_bytes_not_guaranteed
external_large_artifact	-	/mnt/NAS/data/hl5757/generated_artifacts/lateact/gate2/primary/0015_v2/left_to_right_lateact.mp4	1005698	f19d079414eb4782b48b70622620c4ce10795ea83383c6b6d8b50af623a9efb9	generated_video	regenerable_with_pinned_code_configs_seeds_upstreams_and_GPU_exact_encoded_bytes_not_guaranteed
external_large_artifact	-	/mnt/NAS/data/hl5757/generated_artifacts/lateact/gate2/primary/0015_v2/left_to_right_lateact.pt	339234	af95ce70211b0a6f5beedae99c0f9854985d9a563770eb7d7ce0807f28d0cb9c	generated_latent_tensor	regenerable_with_pinned_code_configs_seeds_upstreams_and_GPU_exact_encoded_bytes_not_guaranteed
external_large_artifact	-	/mnt/NAS/data/hl5757/generated_artifacts/lateact/gate2/primary/0015_v2/left_to_right_new_oracle.mp4	997130	f9f010dfe2cae8f67b8ff46de38c63d4d2ff66a7578888be8b1f793ee3a33a09	generated_video	regenerable_with_pinned_code_configs_seeds_upstreams_and_GPU_exact_encoded_bytes_not_guaranteed
external_large_artifact	-	/mnt/NAS/data/hl5757/generated_artifacts/lateact/gate2/primary/0015_v2/left_to_right_new_oracle.pt	339313	ec325b8db0b559727c47081b01ea7426c5afbcb3c969cdea8a22021d50c58210	generated_latent_tensor	regenerable_with_pinned_code_configs_seeds_upstreams_and_GPU_exact_encoded_bytes_not_guaranteed
external_large_artifact	-	/mnt/NAS/data/hl5757/generated_artifacts/lateact/gate2/primary/0015_v2/left_to_right_next_new.mp4	1719727	542b925024a5218bddf2c28228dc2f7ad1bc093ab19c8ad066f1b4373418295f	generated_video	regenerable_with_pinned_code_configs_seeds_upstreams_and_GPU_exact_encoded_bytes_not_guaranteed
external_large_artifact	-	/mnt/NAS/data/hl5757/generated_artifacts/lateact/gate2/primary/0015_v2/left_to_right_next_new.pt	339303	eaefd81af4e9e6887920c2a6b30168949dbc5b9de58a11a4c0f7b95a98d74040	generated_latent_tensor	regenerable_with_pinned_code_configs_seeds_upstreams_and_GPU_exact_encoded_bytes_not_guaranteed
external_large_artifact	-	/mnt/NAS/data/hl5757/generated_artifacts/lateact/gate2/primary/0015_v2/left_to_right_next_old.mp4	1774083	783b3b7287f8bac50c6329f81b5fec80939a353685c5387c648e396aab678a10	generated_video	regenerable_with_pinned_code_configs_seeds_upstreams_and_GPU_exact_encoded_bytes_not_guaranteed
external_large_artifact	-	/mnt/NAS/data/hl5757/generated_artifacts/lateact/gate2/primary/0015_v2/left_to_right_next_old.pt	339303	8b1bac96c4ca55d96d5f76bef41f45fd55589d479b51c43a996f102e58e4264e	generated_latent_tensor	regenerable_with_pinned_code_configs_seeds_upstreams_and_GPU_exact_encoded_bytes_not_guaranteed
external_large_artifact	-	/mnt/NAS/data/hl5757/generated_artifacts/lateact/gate2/primary/0015_v2/left_to_right_old.mp4	1025109	3da7795c2fc68e8019c749627f412c4b5562a1c75d4af8a96ec0ee20fc7ea5f2	generated_video	regenerable_with_pinned_code_configs_seeds_upstreams_and_GPU_exact_encoded_bytes_not_guaranteed
external_large_artifact	-	/mnt/NAS/data/hl5757/generated_artifacts/lateact/gate2/primary/0015_v2/left_to_right_old.pt	339150	f7e60d3e5754fa3079fda1d6b792e00207be5b13c49b0f37833364320a43a0be	generated_latent_tensor	regenerable_with_pinned_code_configs_seeds_upstreams_and_GPU_exact_encoded_bytes_not_guaranteed
external_large_artifact	-	/mnt/NAS/data/hl5757/generated_artifacts/lateact/gate2/primary/0015_v2/right_to_left_direct_late.mp4	1048505	0f8debc2138df37bd4e415d3055b81bd53d24eb531dfe4e25b2708c7fdec05d9	generated_video	regenerable_with_pinned_code_configs_seeds_upstreams_and_GPU_exact_encoded_bytes_not_guaranteed
external_large_artifact	-	/mnt/NAS/data/hl5757/generated_artifacts/lateact/gate2/primary/0015_v2/right_to_left_direct_late.pt	339318	d68e1bca947e995508236a4f67e08c108a23fc96c2b6286927abfec304deddcb	generated_latent_tensor	regenerable_with_pinned_code_configs_seeds_upstreams_and_GPU_exact_encoded_bytes_not_guaranteed
external_large_artifact	-	/mnt/NAS/data/hl5757/generated_artifacts/lateact/gate2/primary/0015_v2/right_to_left_lateact.mp4	1018165	5e07adf444d4f872fdfc9ec3f068d5fdc72118de8439a1bf8d294d12b704c4ab	generated_video	regenerable_with_pinned_code_configs_seeds_upstreams_and_GPU_exact_encoded_bytes_not_guaranteed
external_large_artifact	-	/mnt/NAS/data/hl5757/generated_artifacts/lateact/gate2/primary/0015_v2/right_to_left_lateact.pt	339234	dc1ed92559c44763f367984cfde78286a2136b431c846c6b7c41e6acd7f4f72b	generated_latent_tensor	regenerable_with_pinned_code_configs_seeds_upstreams_and_GPU_exact_encoded_bytes_not_guaranteed
external_large_artifact	-	/mnt/NAS/data/hl5757/generated_artifacts/lateact/gate2/primary/0015_v2/right_to_left_new_oracle.mp4	1025109	3da7795c2fc68e8019c749627f412c4b5562a1c75d4af8a96ec0ee20fc7ea5f2	generated_video	regenerable_with_pinned_code_configs_seeds_upstreams_and_GPU_exact_encoded_bytes_not_guaranteed
external_large_artifact	-	/mnt/NAS/data/hl5757/generated_artifacts/lateact/gate2/primary/0015_v2/right_to_left_new_oracle.pt	339313	e7e27216ca8f439f76db97eece96701f9db9765cc3021fd2c6d981cd85d50562	generated_latent_tensor	regenerable_with_pinned_code_configs_seeds_upstreams_and_GPU_exact_encoded_bytes_not_guaranteed
external_large_artifact	-	/mnt/NAS/data/hl5757/generated_artifacts/lateact/gate2/primary/0015_v2/right_to_left_next_new.mp4	1657488	0f759bd9b210643b6f82d342ce6f74b25bbd17b5537220b000c6869c88c31f46	generated_video	regenerable_with_pinned_code_configs_seeds_upstreams_and_GPU_exact_encoded_bytes_not_guaranteed
external_large_artifact	-	/mnt/NAS/data/hl5757/generated_artifacts/lateact/gate2/primary/0015_v2/right_to_left_next_new.pt	339303	4b9024099f2b411ec3b38d490931d17881f91691d7dfe92035af85c668429d54	generated_latent_tensor	regenerable_with_pinned_code_configs_seeds_upstreams_and_GPU_exact_encoded_bytes_not_guaranteed
external_large_artifact	-	/mnt/NAS/data/hl5757/generated_artifacts/lateact/gate2/primary/0015_v2/right_to_left_next_old.mp4	1649425	e75ec790b90bf6c56140dcecc88291148eb7ff8f73fa9c9ca6fe2b96f58925b5	generated_video	regenerable_with_pinned_code_configs_seeds_upstreams_and_GPU_exact_encoded_bytes_not_guaranteed
external_large_artifact	-	/mnt/NAS/data/hl5757/generated_artifacts/lateact/gate2/primary/0015_v2/right_to_left_next_old.pt	339303	c978030d18b1164e362bae9e60f5d140a506c2979f01a89edf0299bc04899d18	generated_latent_tensor	regenerable_with_pinned_code_configs_seeds_upstreams_and_GPU_exact_encoded_bytes_not_guaranteed
external_large_artifact	-	/mnt/NAS/data/hl5757/generated_artifacts/lateact/gate2/primary/0015_v2/right_to_left_old.mp4	997130	f9f010dfe2cae8f67b8ff46de38c63d4d2ff66a7578888be8b1f793ee3a33a09	generated_video	regenerable_with_pinned_code_configs_seeds_upstreams_and_GPU_exact_encoded_bytes_not_guaranteed
external_large_artifact	-	/mnt/NAS/data/hl5757/generated_artifacts/lateact/gate2/primary/0015_v2/right_to_left_old.pt	339150	e5ca01e3967a02aa48e07648779d0d52e7830cc9d9e5cc8c159335eb52d443d9	generated_latent_tensor	regenerable_with_pinned_code_configs_seeds_upstreams_and_GPU_exact_encoded_bytes_not_guaranteed
external_large_artifact	-	/mnt/NAS/data/hl5757/generated_artifacts/lateact/gate2/primary/0015_v3/left_to_right_direct_late.mp4	1010833	fa14f271d35b4c8e19a4a7e2ad5f3661b66db89dcf6305c42c8db760aebc7296	generated_video	regenerable_with_pinned_code_configs_seeds_upstreams_and_GPU_exact_encoded_bytes_not_guaranteed
external_large_artifact	-	/mnt/NAS/data/hl5757/generated_artifacts/lateact/gate2/primary/0015_v3/left_to_right_direct_late.pt	339318	ab51a1c1230c2e91b002cf1fc10dc975b43eabe082bb018070e94a937ebb3aaa	generated_latent_tensor	regenerable_with_pinned_code_configs_seeds_upstreams_and_GPU_exact_encoded_bytes_not_guaranteed
external_large_artifact	-	/mnt/NAS/data/hl5757/generated_artifacts/lateact/gate2/primary/0015_v3/left_to_right_lateact.mp4	978383	f5481253b4e534e4ced21539ffb80ecac17f6e22b4a44eb7862b12e96b5e8c8e	generated_video	regenerable_with_pinned_code_configs_seeds_upstreams_and_GPU_exact_encoded_bytes_not_guaranteed
external_large_artifact	-	/mnt/NAS/data/hl5757/generated_artifacts/lateact/gate2/primary/0015_v3/left_to_right_lateact.pt	339234	5bf5fd4012f5defacb7f32871621f25c6678f7ff3b6daaf13704f0e479871fe9	generated_latent_tensor	regenerable_with_pinned_code_configs_seeds_upstreams_and_GPU_exact_encoded_bytes_not_guaranteed
external_large_artifact	-	/mnt/NAS/data/hl5757/generated_artifacts/lateact/gate2/primary/0015_v3/left_to_right_new_oracle.mp4	974709	23857fac7a07d08356ef79bfe5f26bef18183f610df1837270756ba426bc8dda	generated_video	regenerable_with_pinned_code_configs_seeds_upstreams_and_GPU_exact_encoded_bytes_not_guaranteed
external_large_artifact	-	/mnt/NAS/data/hl5757/generated_artifacts/lateact/gate2/primary/0015_v3/left_to_right_new_oracle.pt	339313	227bd0e286626a83fe038e5d52a3251b1e0fe1c14fdf66db24b72f90ed056876	generated_latent_tensor	regenerable_with_pinned_code_configs_seeds_upstreams_and_GPU_exact_encoded_bytes_not_guaranteed
external_large_artifact	-	/mnt/NAS/data/hl5757/generated_artifacts/lateact/gate2/primary/0015_v3/left_to_right_next_new.mp4	1696450	0981e8e00015553046bf9cc68402c4e4ed77ea3a2f06389a749d7df7f39bba35	generated_video	regenerable_with_pinned_code_configs_seeds_upstreams_and_GPU_exact_encoded_bytes_not_guaranteed
external_large_artifact	-	/mnt/NAS/data/hl5757/generated_artifacts/lateact/gate2/primary/0015_v3/left_to_right_next_new.pt	339303	d71e5d993f1d509c860fd8fc5c1d26cc55739a5f3ddd2be8985d607cc89f15a4	generated_latent_tensor	regenerable_with_pinned_code_configs_seeds_upstreams_and_GPU_exact_encoded_bytes_not_guaranteed
external_large_artifact	-	/mnt/NAS/data/hl5757/generated_artifacts/lateact/gate2/primary/0015_v3/left_to_right_next_old.mp4	1758659	02b23ccdca075ab4fd701cf3c1b76680d9b52169e30b29f5c7500db2ef8cb14e	generated_video	regenerable_with_pinned_code_configs_seeds_upstreams_and_GPU_exact_encoded_bytes_not_guaranteed
external_large_artifact	-	/mnt/NAS/data/hl5757/generated_artifacts/lateact/gate2/primary/0015_v3/left_to_right_next_old.pt	339303	572c7131b8fa6729f464720bbdb2a0f3505af32b85931da09b5d50162b285b69	generated_latent_tensor	regenerable_with_pinned_code_configs_seeds_upstreams_and_GPU_exact_encoded_bytes_not_guaranteed
external_large_artifact	-	/mnt/NAS/data/hl5757/generated_artifacts/lateact/gate2/primary/0015_v3/left_to_right_old.mp4	1005071	6ecb4d6f8def0a63ebe2828eef39516aba1d6d7bc8bc09254e6474ac53bbad98	generated_video	regenerable_with_pinned_code_configs_seeds_upstreams_and_GPU_exact_encoded_bytes_not_guaranteed
external_large_artifact	-	/mnt/NAS/data/hl5757/generated_artifacts/lateact/gate2/primary/0015_v3/left_to_right_old.pt	339150	565ec5593f2e07be7479d49dea193dd6aca1da3430ac7d7b5600a9e3abc6d47b	generated_latent_tensor	regenerable_with_pinned_code_configs_seeds_upstreams_and_GPU_exact_encoded_bytes_not_guaranteed
external_large_artifact	-	/mnt/NAS/data/hl5757/generated_artifacts/lateact/gate2/primary/0015_v3/right_to_left_direct_late.mp4	1021123	1b05db861eabf9dd9fc27a6932c5eb2497c16e187f72ea2c1693de25df6a9d07	generated_video	regenerable_with_pinned_code_configs_seeds_upstreams_and_GPU_exact_encoded_bytes_not_guaranteed
external_large_artifact	-	/mnt/NAS/data/hl5757/generated_artifacts/lateact/gate2/primary/0015_v3/right_to_left_direct_late.pt	339318	03e0206b7724f2bbf0b3638cea9bcbd38b8d15682e98a147127ae651607b10a8	generated_latent_tensor	regenerable_with_pinned_code_configs_seeds_upstreams_and_GPU_exact_encoded_bytes_not_guaranteed
external_large_artifact	-	/mnt/NAS/data/hl5757/generated_artifacts/lateact/gate2/primary/0015_v3/right_to_left_lateact.mp4	1001832	25b3b442f1b5bd6832f0977fccd100ba53d3f7ab76e5d19e1179c93c653d0821	generated_video	regenerable_with_pinned_code_configs_seeds_upstreams_and_GPU_exact_encoded_bytes_not_guaranteed
external_large_artifact	-	/mnt/NAS/data/hl5757/generated_artifacts/lateact/gate2/primary/0015_v3/right_to_left_lateact.pt	339234	d098dcbe3713a7ebe52178a108935baad8113e3b9eb83111b92a5c4633b577a6	generated_latent_tensor	regenerable_with_pinned_code_configs_seeds_upstreams_and_GPU_exact_encoded_bytes_not_guaranteed
external_large_artifact	-	/mnt/NAS/data/hl5757/generated_artifacts/lateact/gate2/primary/0015_v3/right_to_left_new_oracle.mp4	1005071	6ecb4d6f8def0a63ebe2828eef39516aba1d6d7bc8bc09254e6474ac53bbad98	generated_video	regenerable_with_pinned_code_configs_seeds_upstreams_and_GPU_exact_encoded_bytes_not_guaranteed
external_large_artifact	-	/mnt/NAS/data/hl5757/generated_artifacts/lateact/gate2/primary/0015_v3/right_to_left_new_oracle.pt	339313	875dceaf6237ce26572c43a1678ed2a0bd036575d7a4f0bc98aebf607b6f2c3b	generated_latent_tensor	regenerable_with_pinned_code_configs_seeds_upstreams_and_GPU_exact_encoded_bytes_not_guaranteed
external_large_artifact	-	/mnt/NAS/data/hl5757/generated_artifacts/lateact/gate2/primary/0015_v3/right_to_left_next_new.mp4	1641697	52cc26cd43aea864d89dbfe04ec1f86cd124d0af2ffbe91bc413cc56229c559a	generated_video	regenerable_with_pinned_code_configs_seeds_upstreams_and_GPU_exact_encoded_bytes_not_guaranteed
external_large_artifact	-	/mnt/NAS/data/hl5757/generated_artifacts/lateact/gate2/primary/0015_v3/right_to_left_next_new.pt	339303	582f48cca3dc564c97515a8b0dc53ff8af065f26a9f8ba519aaf469d1b67e58d	generated_latent_tensor	regenerable_with_pinned_code_configs_seeds_upstreams_and_GPU_exact_encoded_bytes_not_guaranteed
external_large_artifact	-	/mnt/NAS/data/hl5757/generated_artifacts/lateact/gate2/primary/0015_v3/right_to_left_next_old.mp4	1645630	507fe40884edeb7775300b29a5e1d9bcc6b3c798a4c9d57c350ad489af577e54	generated_video	regenerable_with_pinned_code_configs_seeds_upstreams_and_GPU_exact_encoded_bytes_not_guaranteed
external_large_artifact	-	/mnt/NAS/data/hl5757/generated_artifacts/lateact/gate2/primary/0015_v3/right_to_left_next_old.pt	339303	c429af1127c3b3a9a640dd932ad7cc9583ba2e87a84c89099a5c277b17db4984	generated_latent_tensor	regenerable_with_pinned_code_configs_seeds_upstreams_and_GPU_exact_encoded_bytes_not_guaranteed
external_large_artifact	-	/mnt/NAS/data/hl5757/generated_artifacts/lateact/gate2/primary/0015_v3/right_to_left_old.mp4	974709	23857fac7a07d08356ef79bfe5f26bef18183f610df1837270756ba426bc8dda	generated_video	regenerable_with_pinned_code_configs_seeds_upstreams_and_GPU_exact_encoded_bytes_not_guaranteed
external_large_artifact	-	/mnt/NAS/data/hl5757/generated_artifacts/lateact/gate2/primary/0015_v3/right_to_left_old.pt	339150	8623407745d6f7d11b7f85cd42b8f5d47ed4c55197c83e82a2ef536917c34a6e	generated_latent_tensor	regenerable_with_pinned_code_configs_seeds_upstreams_and_GPU_exact_encoded_bytes_not_guaranteed
stored_in_git	results/frozen/gate2/primary/mouse_qualitative_montage.png	/mnt/NAS/data/hl5757/generated_artifacts/lateact/gate2/primary/mouse_qualitative_montage.png	453997	ac62aefd5a1664e2018ddb3938a48bb6ab6ee402bae9829218fd18e76623bf32	qualitative_scientific_montage	authoritative_archived_copy
stored_in_git	results/frozen/gate2/primary/mouse_shard_0.json	/mnt/NAS/data/hl5757/generated_artifacts/lateact/gate2/primary/mouse_shard_0.json	1080295	0afc641acc0ee72d3e9a19e08cca4ab88c6f5636eefdec5be96b577027df3044	frozen_numerical_or_provenance_record	authoritative_archived_copy
stored_in_git	results/frozen/gate2/primary/mouse_shard_1.json	/mnt/NAS/data/hl5757/generated_artifacts/lateact/gate2/primary/mouse_shard_1.json	1079993	e0d0fd5054b6e89171d22231b32d2cb43892fd3000f50b9055b4e19579eca09f	frozen_numerical_or_provenance_record	authoritative_archived_copy
stored_in_git	results/frozen/gate2/primary/mouse_summary.json	/mnt/NAS/data/hl5757/generated_artifacts/lateact/gate2/primary/mouse_summary.json	1686243	30ddf26c2eb75cc20a5e20525f34437041d2afa3e6bce7bbcb6103950cabdfc0	frozen_numerical_or_provenance_record	authoritative_archived_copy
external_large_artifact	-	/mnt/NAS/data/hl5757/generated_artifacts/lateact/gate2/secondary/0008_v0/left_to_right_direct_late.mp4	824146	a6bc6b826a3e0f7ebbf49aa0076b05a6b84c6ec8b310e42eaa4fe3dcad8d199c	generated_video	regenerable_with_pinned_code_configs_seeds_upstreams_and_GPU_exact_encoded_bytes_not_guaranteed
external_large_artifact	-	/mnt/NAS/data/hl5757/generated_artifacts/lateact/gate2/secondary/0008_v0/left_to_right_direct_late.pt	339318	9312de3583e694a2f995673c3230c8f4fefbe7362f9f0dc6fffbee63c0e2c490	generated_latent_tensor	regenerable_with_pinned_code_configs_seeds_upstreams_and_GPU_exact_encoded_bytes_not_guaranteed
external_large_artifact	-	/mnt/NAS/data/hl5757/generated_artifacts/lateact/gate2/secondary/0008_v0/left_to_right_lateact.mp4	824273	72362fd84fd229ea0491797b6dfd4647b5b00a54a6d9cb3ef29f17132ed62e6b	generated_video	regenerable_with_pinned_code_configs_seeds_upstreams_and_GPU_exact_encoded_bytes_not_guaranteed
external_large_artifact	-	/mnt/NAS/data/hl5757/generated_artifacts/lateact/gate2/secondary/0008_v0/left_to_right_lateact.pt	339234	612d99d28d998fa34a4048c20ac5eaf619ea7037ef43f074d3e48c0ed77e29c5	generated_latent_tensor	regenerable_with_pinned_code_configs_seeds_upstreams_and_GPU_exact_encoded_bytes_not_guaranteed
external_large_artifact	-	/mnt/NAS/data/hl5757/generated_artifacts/lateact/gate2/secondary/0008_v0/left_to_right_new_oracle.mp4	1018837	dd36fb428325f23b867359e98e1aefaf2b55b655c1e0b9bc2d8de93d78ca85b1	generated_video	regenerable_with_pinned_code_configs_seeds_upstreams_and_GPU_exact_encoded_bytes_not_guaranteed
external_large_artifact	-	/mnt/NAS/data/hl5757/generated_artifacts/lateact/gate2/secondary/0008_v0/left_to_right_new_oracle.pt	339313	b6d1d46d9bb2feaa574fc3b8dc61427f3ed3946aca4659440ade5094eb03f7fe	generated_latent_tensor	regenerable_with_pinned_code_configs_seeds_upstreams_and_GPU_exact_encoded_bytes_not_guaranteed
external_large_artifact	-	/mnt/NAS/data/hl5757/generated_artifacts/lateact/gate2/secondary/0008_v0/left_to_right_next_new.mp4	1474586	5cc5bdb018c049a17591166c8637743619fc15e99d4c1824e5f3a21619e99a7b	generated_video	regenerable_with_pinned_code_configs_seeds_upstreams_and_GPU_exact_encoded_bytes_not_guaranteed
external_large_artifact	-	/mnt/NAS/data/hl5757/generated_artifacts/lateact/gate2/secondary/0008_v0/left_to_right_next_new.pt	339303	cfe77c3fd2f3f01678eb4272ca754f0f2a3324c9b7b87b670755b04e3b460dea	generated_latent_tensor	regenerable_with_pinned_code_configs_seeds_upstreams_and_GPU_exact_encoded_bytes_not_guaranteed
external_large_artifact	-	/mnt/NAS/data/hl5757/generated_artifacts/lateact/gate2/secondary/0008_v0/left_to_right_next_old.mp4	1259012	2fea9bf7d939548ef9edc54ff833585b41a87d56e47d668e52e39c637846df5b	generated_video	regenerable_with_pinned_code_configs_seeds_upstreams_and_GPU_exact_encoded_bytes_not_guaranteed
external_large_artifact	-	/mnt/NAS/data/hl5757/generated_artifacts/lateact/gate2/secondary/0008_v0/left_to_right_next_old.pt	339303	903a718fd1e0272fd2407fd0060a79e0697e7f069157e90f67a9a4b48bad3c3d	generated_latent_tensor	regenerable_with_pinned_code_configs_seeds_upstreams_and_GPU_exact_encoded_bytes_not_guaranteed
external_large_artifact	-	/mnt/NAS/data/hl5757/generated_artifacts/lateact/gate2/secondary/0008_v0/left_to_right_old.mp4	810480	55dc94c32c4a70fb4bcdc8dbb0bbaf53724db2fc64c3cc6bcbde676680cf9724	generated_video	regenerable_with_pinned_code_configs_seeds_upstreams_and_GPU_exact_encoded_bytes_not_guaranteed
external_large_artifact	-	/mnt/NAS/data/hl5757/generated_artifacts/lateact/gate2/secondary/0008_v0/left_to_right_old.pt	339150	50d12a5007b4da38825db5d2e9f22343f98da028a5c4a606af74ee5010373082	generated_latent_tensor	regenerable_with_pinned_code_configs_seeds_upstreams_and_GPU_exact_encoded_bytes_not_guaranteed
external_large_artifact	-	/mnt/NAS/data/hl5757/generated_artifacts/lateact/gate2/secondary/0008_v0/right_to_left_direct_late.mp4	1022274	71eab0215865228357b880f2ca8702399b69605a96ad881f17f2ed872a998e8f	generated_video	regenerable_with_pinned_code_configs_seeds_upstreams_and_GPU_exact_encoded_bytes_not_guaranteed
external_large_artifact	-	/mnt/NAS/data/hl5757/generated_artifacts/lateact/gate2/secondary/0008_v0/right_to_left_direct_late.pt	339318	5bf63bd7805f7b265f8fd62ac0ba57d874a21e75ad47733bd36b8f0049cc5825	generated_latent_tensor	regenerable_with_pinned_code_configs_seeds_upstreams_and_GPU_exact_encoded_bytes_not_guaranteed
external_large_artifact	-	/mnt/NAS/data/hl5757/generated_artifacts/lateact/gate2/secondary/0008_v0/right_to_left_lateact.mp4	975281	550590a160fca99018289a0c104bfc4cfafa2b2ab4a03ead73be0732ca841c7b	generated_video	regenerable_with_pinned_code_configs_seeds_upstreams_and_GPU_exact_encoded_bytes_not_guaranteed
external_large_artifact	-	/mnt/NAS/data/hl5757/generated_artifacts/lateact/gate2/secondary/0008_v0/right_to_left_lateact.pt	339234	ed33d04f0501ce85950afbc00bec7d68411225f98d638b646d7abd079ccac120	generated_latent_tensor	regenerable_with_pinned_code_configs_seeds_upstreams_and_GPU_exact_encoded_bytes_not_guaranteed
external_large_artifact	-	/mnt/NAS/data/hl5757/generated_artifacts/lateact/gate2/secondary/0008_v0/right_to_left_new_oracle.mp4	810480	55dc94c32c4a70fb4bcdc8dbb0bbaf53724db2fc64c3cc6bcbde676680cf9724	generated_video	regenerable_with_pinned_code_configs_seeds_upstreams_and_GPU_exact_encoded_bytes_not_guaranteed
external_large_artifact	-	/mnt/NAS/data/hl5757/generated_artifacts/lateact/gate2/secondary/0008_v0/right_to_left_new_oracle.pt	339313	e9d3dfe6aa1bc6f97c4bc1c43f944cad8a42f4e6928fda8b493f91c10a18624d	generated_latent_tensor	regenerable_with_pinned_code_configs_seeds_upstreams_and_GPU_exact_encoded_bytes_not_guaranteed
external_large_artifact	-	/mnt/NAS/data/hl5757/generated_artifacts/lateact/gate2/secondary/0008_v0/right_to_left_next_new.mp4	1536568	99ab66a2c8755af9a466c1ff8435f52b347670ebc50184fdcf6e27034dd4f328	generated_video	regenerable_with_pinned_code_configs_seeds_upstreams_and_GPU_exact_encoded_bytes_not_guaranteed
external_large_artifact	-	/mnt/NAS/data/hl5757/generated_artifacts/lateact/gate2/secondary/0008_v0/right_to_left_next_new.pt	339303	63db836da62f0636e692eca513012b1d2650163095da24cf93f294f62bb77156	generated_latent_tensor	regenerable_with_pinned_code_configs_seeds_upstreams_and_GPU_exact_encoded_bytes_not_guaranteed
external_large_artifact	-	/mnt/NAS/data/hl5757/generated_artifacts/lateact/gate2/secondary/0008_v0/right_to_left_next_old.mp4	1692946	46e60e4b10c7bc5ad5e29675df12283f4cec8c77e77dedc018f5af8119d988db	generated_video	regenerable_with_pinned_code_configs_seeds_upstreams_and_GPU_exact_encoded_bytes_not_guaranteed
external_large_artifact	-	/mnt/NAS/data/hl5757/generated_artifacts/lateact/gate2/secondary/0008_v0/right_to_left_next_old.pt	339303	cb70888dac0f54fbe01e5b505b46b50e9209db957c5d1983bfba73ce0bb59249	generated_latent_tensor	regenerable_with_pinned_code_configs_seeds_upstreams_and_GPU_exact_encoded_bytes_not_guaranteed
external_large_artifact	-	/mnt/NAS/data/hl5757/generated_artifacts/lateact/gate2/secondary/0008_v0/right_to_left_old.mp4	1018837	dd36fb428325f23b867359e98e1aefaf2b55b655c1e0b9bc2d8de93d78ca85b1	generated_video	regenerable_with_pinned_code_configs_seeds_upstreams_and_GPU_exact_encoded_bytes_not_guaranteed
external_large_artifact	-	/mnt/NAS/data/hl5757/generated_artifacts/lateact/gate2/secondary/0008_v0/right_to_left_old.pt	339150	2847a951759e8bf4e552ce0c97f802f88bff61e867caeccb9a3c769efce3b5a3	generated_latent_tensor	regenerable_with_pinned_code_configs_seeds_upstreams_and_GPU_exact_encoded_bytes_not_guaranteed
external_large_artifact	-	/mnt/NAS/data/hl5757/generated_artifacts/lateact/gate2/secondary/0009_v0/left_to_right_direct_late.mp4	823962	155c8ce15e5db82d5e55415ab202c0ff33b6405ea1aaf553df02fe5bda0ecf72	generated_video	regenerable_with_pinned_code_configs_seeds_upstreams_and_GPU_exact_encoded_bytes_not_guaranteed
external_large_artifact	-	/mnt/NAS/data/hl5757/generated_artifacts/lateact/gate2/secondary/0009_v0/left_to_right_direct_late.pt	339318	ea1585aec96e7974b9a2e2a9b6953525c833783d9dd07fb2adf26792e012931a	generated_latent_tensor	regenerable_with_pinned_code_configs_seeds_upstreams_and_GPU_exact_encoded_bytes_not_guaranteed
external_large_artifact	-	/mnt/NAS/data/hl5757/generated_artifacts/lateact/gate2/secondary/0009_v0/left_to_right_lateact.mp4	934397	29ac202ff441d1329e8520fae141b4f9cda0806c6f60042ae5fee4647f8b2e32	generated_video	regenerable_with_pinned_code_configs_seeds_upstreams_and_GPU_exact_encoded_bytes_not_guaranteed
external_large_artifact	-	/mnt/NAS/data/hl5757/generated_artifacts/lateact/gate2/secondary/0009_v0/left_to_right_lateact.pt	339234	c46ab545d3ba15ec10f131d71986611c385542fc26e16f80e74a9c638de3ab6a	generated_latent_tensor	regenerable_with_pinned_code_configs_seeds_upstreams_and_GPU_exact_encoded_bytes_not_guaranteed
external_large_artifact	-	/mnt/NAS/data/hl5757/generated_artifacts/lateact/gate2/secondary/0009_v0/left_to_right_new_oracle.mp4	962326	7d18c173fdca789bd5834254d31629043b1da4a13d13f681c01ff000ab408afd	generated_video	regenerable_with_pinned_code_configs_seeds_upstreams_and_GPU_exact_encoded_bytes_not_guaranteed
external_large_artifact	-	/mnt/NAS/data/hl5757/generated_artifacts/lateact/gate2/secondary/0009_v0/left_to_right_new_oracle.pt	339313	192e7276eb9c655365f8c9a656e858944b078878a6bfe81d9fabf9f834c27787	generated_latent_tensor	regenerable_with_pinned_code_configs_seeds_upstreams_and_GPU_exact_encoded_bytes_not_guaranteed
external_large_artifact	-	/mnt/NAS/data/hl5757/generated_artifacts/lateact/gate2/secondary/0009_v0/left_to_right_next_new.mp4	1514850	275adac776a608a1a6043c89fbcc92d938fe13e6ac064ce229ebc281c2b78643	generated_video	regenerable_with_pinned_code_configs_seeds_upstreams_and_GPU_exact_encoded_bytes_not_guaranteed
external_large_artifact	-	/mnt/NAS/data/hl5757/generated_artifacts/lateact/gate2/secondary/0009_v0/left_to_right_next_new.pt	339303	aa71d2f87b04947dfbd25b72d79b59d08661f033744ca1bc8744ba10f572ebcd	generated_latent_tensor	regenerable_with_pinned_code_configs_seeds_upstreams_and_GPU_exact_encoded_bytes_not_guaranteed
external_large_artifact	-	/mnt/NAS/data/hl5757/generated_artifacts/lateact/gate2/secondary/0009_v0/left_to_right_next_old.mp4	1333225	ca1ab3f6993e90fab9429059a29ec7277e00dacedd5d4de634f86601fb05cb65	generated_video	regenerable_with_pinned_code_configs_seeds_upstreams_and_GPU_exact_encoded_bytes_not_guaranteed
external_large_artifact	-	/mnt/NAS/data/hl5757/generated_artifacts/lateact/gate2/secondary/0009_v0/left_to_right_next_old.pt	339303	167b755865098a8e5c528ab618ae6bae0b9e2bbf4b50eab40e110869702c16c4	generated_latent_tensor	regenerable_with_pinned_code_configs_seeds_upstreams_and_GPU_exact_encoded_bytes_not_guaranteed
external_large_artifact	-	/mnt/NAS/data/hl5757/generated_artifacts/lateact/gate2/secondary/0009_v0/left_to_right_old.mp4	852209	7e205a8196c7f8ba8a1d49bcfbac8ece0d53a775f646f828b1d233c3f04030e7	generated_video	regenerable_with_pinned_code_configs_seeds_upstreams_and_GPU_exact_encoded_bytes_not_guaranteed
external_large_artifact	-	/mnt/NAS/data/hl5757/generated_artifacts/lateact/gate2/secondary/0009_v0/left_to_right_old.pt	339150	19c995fcc9033b146acd2513ad02483e82cab9967b7c9081176df13f3f923187	generated_latent_tensor	regenerable_with_pinned_code_configs_seeds_upstreams_and_GPU_exact_encoded_bytes_not_guaranteed
external_large_artifact	-	/mnt/NAS/data/hl5757/generated_artifacts/lateact/gate2/secondary/0009_v0/right_to_left_direct_late.mp4	936995	33c08788533c75dcffa6f57c69a18d6f97c35db2c9eed76c7c1b04fc1c67636a	generated_video	regenerable_with_pinned_code_configs_seeds_upstreams_and_GPU_exact_encoded_bytes_not_guaranteed
external_large_artifact	-	/mnt/NAS/data/hl5757/generated_artifacts/lateact/gate2/secondary/0009_v0/right_to_left_direct_late.pt	339318	29057a4b07a2c5b971286bb295b80deef750ae385f1d6020b62823be66318f37	generated_latent_tensor	regenerable_with_pinned_code_configs_seeds_upstreams_and_GPU_exact_encoded_bytes_not_guaranteed
external_large_artifact	-	/mnt/NAS/data/hl5757/generated_artifacts/lateact/gate2/secondary/0009_v0/right_to_left_lateact.mp4	840562	4c8b0a2a02365ca860d7c974ffbdfd2dfa5057c7eefaed06ef3779a3f4a98925	generated_video	regenerable_with_pinned_code_configs_seeds_upstreams_and_GPU_exact_encoded_bytes_not_guaranteed
external_large_artifact	-	/mnt/NAS/data/hl5757/generated_artifacts/lateact/gate2/secondary/0009_v0/right_to_left_lateact.pt	339234	cf7d0e1ceaae1cc30f9e64618aa60db079d174dd231dfcd76728fd1d94a11d92	generated_latent_tensor	regenerable_with_pinned_code_configs_seeds_upstreams_and_GPU_exact_encoded_bytes_not_guaranteed
external_large_artifact	-	/mnt/NAS/data/hl5757/generated_artifacts/lateact/gate2/secondary/0009_v0/right_to_left_new_oracle.mp4	852209	7e205a8196c7f8ba8a1d49bcfbac8ece0d53a775f646f828b1d233c3f04030e7	generated_video	regenerable_with_pinned_code_configs_seeds_upstreams_and_GPU_exact_encoded_bytes_not_guaranteed
external_large_artifact	-	/mnt/NAS/data/hl5757/generated_artifacts/lateact/gate2/secondary/0009_v0/right_to_left_new_oracle.pt	339313	e92781e82540639733687ca4745de913ee5bbd7339e399fd2154f63e0b461699	generated_latent_tensor	regenerable_with_pinned_code_configs_seeds_upstreams_and_GPU_exact_encoded_bytes_not_guaranteed
external_large_artifact	-	/mnt/NAS/data/hl5757/generated_artifacts/lateact/gate2/secondary/0009_v0/right_to_left_next_new.mp4	1592377	63cebeb241f3660de099556e1966835052d209d0e44777691288a8deb6ce4b12	generated_video	regenerable_with_pinned_code_configs_seeds_upstreams_and_GPU_exact_encoded_bytes_not_guaranteed
external_large_artifact	-	/mnt/NAS/data/hl5757/generated_artifacts/lateact/gate2/secondary/0009_v0/right_to_left_next_new.pt	339303	1b14a8c9e4c80ad360ddab5ad2c0fd8e2b56df9c8b2a0e5111c7e77bde859bc8	generated_latent_tensor	regenerable_with_pinned_code_configs_seeds_upstreams_and_GPU_exact_encoded_bytes_not_guaranteed
external_large_artifact	-	/mnt/NAS/data/hl5757/generated_artifacts/lateact/gate2/secondary/0009_v0/right_to_left_next_old.mp4	1623692	a001701ce40ba8c9577179ad8b0689ce97f019a23b9425d66ab5296bf00c31d9	generated_video	regenerable_with_pinned_code_configs_seeds_upstreams_and_GPU_exact_encoded_bytes_not_guaranteed
external_large_artifact	-	/mnt/NAS/data/hl5757/generated_artifacts/lateact/gate2/secondary/0009_v0/right_to_left_next_old.pt	339303	5943f85cfc539e3a3962b238baa9f8af1f571ff48464b689e6cc8e842ab8eff0	generated_latent_tensor	regenerable_with_pinned_code_configs_seeds_upstreams_and_GPU_exact_encoded_bytes_not_guaranteed
external_large_artifact	-	/mnt/NAS/data/hl5757/generated_artifacts/lateact/gate2/secondary/0009_v0/right_to_left_old.mp4	962326	7d18c173fdca789bd5834254d31629043b1da4a13d13f681c01ff000ab408afd	generated_video	regenerable_with_pinned_code_configs_seeds_upstreams_and_GPU_exact_encoded_bytes_not_guaranteed
external_large_artifact	-	/mnt/NAS/data/hl5757/generated_artifacts/lateact/gate2/secondary/0009_v0/right_to_left_old.pt	339150	b12549d73129df107fe6a09f7b1aa4cf57d7d525286db7486c41066bf8e81060	generated_latent_tensor	regenerable_with_pinned_code_configs_seeds_upstreams_and_GPU_exact_encoded_bytes_not_guaranteed
external_large_artifact	-	/mnt/NAS/data/hl5757/generated_artifacts/lateact/gate2/secondary/0010_v0/left_to_right_direct_late.mp4	786782	def9b614b6dc686d90bacb3e57e942c865e87dded370b09cadec1d8d8895ae58	generated_video	regenerable_with_pinned_code_configs_seeds_upstreams_and_GPU_exact_encoded_bytes_not_guaranteed
external_large_artifact	-	/mnt/NAS/data/hl5757/generated_artifacts/lateact/gate2/secondary/0010_v0/left_to_right_direct_late.pt	339318	1376e1171655c938afc62b3a68763894a6a22f2e7178d5da751dcc763f6c3689	generated_latent_tensor	regenerable_with_pinned_code_configs_seeds_upstreams_and_GPU_exact_encoded_bytes_not_guaranteed
external_large_artifact	-	/mnt/NAS/data/hl5757/generated_artifacts/lateact/gate2/secondary/0010_v0/left_to_right_lateact.mp4	821247	4b264f97f8a2d47559757485ee58b62b1aec2a1b64f2907834313a4ad410f261	generated_video	regenerable_with_pinned_code_configs_seeds_upstreams_and_GPU_exact_encoded_bytes_not_guaranteed
external_large_artifact	-	/mnt/NAS/data/hl5757/generated_artifacts/lateact/gate2/secondary/0010_v0/left_to_right_lateact.pt	339234	dde79fa035dd7327abdf5ad0387e9dc620e49f2895a5161b080a9bda1a89e49a	generated_latent_tensor	regenerable_with_pinned_code_configs_seeds_upstreams_and_GPU_exact_encoded_bytes_not_guaranteed
external_large_artifact	-	/mnt/NAS/data/hl5757/generated_artifacts/lateact/gate2/secondary/0010_v0/left_to_right_new_oracle.mp4	844874	53e811ff46adabcc987a3083700f4eb9fe0bd0ca147d6848533660798b9928b2	generated_video	regenerable_with_pinned_code_configs_seeds_upstreams_and_GPU_exact_encoded_bytes_not_guaranteed
external_large_artifact	-	/mnt/NAS/data/hl5757/generated_artifacts/lateact/gate2/secondary/0010_v0/left_to_right_new_oracle.pt	339313	5f96b8e3ca41be1c9ab768ee953e268c9ad0b86c905229d2899593dbbf807a9f	generated_latent_tensor	regenerable_with_pinned_code_configs_seeds_upstreams_and_GPU_exact_encoded_bytes_not_guaranteed
external_large_artifact	-	/mnt/NAS/data/hl5757/generated_artifacts/lateact/gate2/secondary/0010_v0/left_to_right_next_new.mp4	1337730	3adab5d995cea8f4cf84eee1fa6665c35f39c06c233201b997dfe4909feb6323	generated_video	regenerable_with_pinned_code_configs_seeds_upstreams_and_GPU_exact_encoded_bytes_not_guaranteed
external_large_artifact	-	/mnt/NAS/data/hl5757/generated_artifacts/lateact/gate2/secondary/0010_v0/left_to_right_next_new.pt	339303	2732e58bd65bf0a810e8048bde836d6ec937ddbe5ec7117aaaf951e989bde5b0	generated_latent_tensor	regenerable_with_pinned_code_configs_seeds_upstreams_and_GPU_exact_encoded_bytes_not_guaranteed
external_large_artifact	-	/mnt/NAS/data/hl5757/generated_artifacts/lateact/gate2/secondary/0010_v0/left_to_right_next_old.mp4	1317127	d998dca6761a040ef652ff215cfc76588f14a57ee5fbbfdd9264b93335069001	generated_video	regenerable_with_pinned_code_configs_seeds_upstreams_and_GPU_exact_encoded_bytes_not_guaranteed
external_large_artifact	-	/mnt/NAS/data/hl5757/generated_artifacts/lateact/gate2/secondary/0010_v0/left_to_right_next_old.pt	339303	3ca5e66d62c9dcfb02dffc12e73813bc79b4fe85913609bfe014211850f74450	generated_latent_tensor	regenerable_with_pinned_code_configs_seeds_upstreams_and_GPU_exact_encoded_bytes_not_guaranteed
external_large_artifact	-	/mnt/NAS/data/hl5757/generated_artifacts/lateact/gate2/secondary/0010_v0/left_to_right_old.mp4	789535	047a672789db7f969dd84132a02c57caa3746c17350556941ebd43285150fe9d	generated_video	regenerable_with_pinned_code_configs_seeds_upstreams_and_GPU_exact_encoded_bytes_not_guaranteed
external_large_artifact	-	/mnt/NAS/data/hl5757/generated_artifacts/lateact/gate2/secondary/0010_v0/left_to_right_old.pt	339150	12c4053d9fee2b09e23d378bd1fd4b93bf36aabc333c9bfa3e86964fd6ad7f80	generated_latent_tensor	regenerable_with_pinned_code_configs_seeds_upstreams_and_GPU_exact_encoded_bytes_not_guaranteed
external_large_artifact	-	/mnt/NAS/data/hl5757/generated_artifacts/lateact/gate2/secondary/0010_v0/right_to_left_direct_late.mp4	850480	0c4b8ba16274afc24ed70be4fe4b3e8b2c6532891e3ff879c332e2d83384b97a	generated_video	regenerable_with_pinned_code_configs_seeds_upstreams_and_GPU_exact_encoded_bytes_not_guaranteed
external_large_artifact	-	/mnt/NAS/data/hl5757/generated_artifacts/lateact/gate2/secondary/0010_v0/right_to_left_direct_late.pt	339318	6a791599c228867c9d63e7feef9990e68a4cc2b8b3306a727658cb74d7eccd69	generated_latent_tensor	regenerable_with_pinned_code_configs_seeds_upstreams_and_GPU_exact_encoded_bytes_not_guaranteed
external_large_artifact	-	/mnt/NAS/data/hl5757/generated_artifacts/lateact/gate2/secondary/0010_v0/right_to_left_lateact.mp4	820773	0780b16f12b90db6090099e237380d77365907238de87662be4316a69cfcd446	generated_video	regenerable_with_pinned_code_configs_seeds_upstreams_and_GPU_exact_encoded_bytes_not_guaranteed
external_large_artifact	-	/mnt/NAS/data/hl5757/generated_artifacts/lateact/gate2/secondary/0010_v0/right_to_left_lateact.pt	339234	6680650a6a3247921b24cd927f5530d55a9ad504f2d0e5db6779b8aef94186cb	generated_latent_tensor	regenerable_with_pinned_code_configs_seeds_upstreams_and_GPU_exact_encoded_bytes_not_guaranteed
external_large_artifact	-	/mnt/NAS/data/hl5757/generated_artifacts/lateact/gate2/secondary/0010_v0/right_to_left_new_oracle.mp4	789535	047a672789db7f969dd84132a02c57caa3746c17350556941ebd43285150fe9d	generated_video	regenerable_with_pinned_code_configs_seeds_upstreams_and_GPU_exact_encoded_bytes_not_guaranteed
external_large_artifact	-	/mnt/NAS/data/hl5757/generated_artifacts/lateact/gate2/secondary/0010_v0/right_to_left_new_oracle.pt	339313	4cbad4ca5d3bff40ea50992a21982b77330291f9c78d563661852dc51887576b	generated_latent_tensor	regenerable_with_pinned_code_configs_seeds_upstreams_and_GPU_exact_encoded_bytes_not_guaranteed
external_large_artifact	-	/mnt/NAS/data/hl5757/generated_artifacts/lateact/gate2/secondary/0010_v0/right_to_left_next_new.mp4	1387405	30b0f48570a4cb01f2bce21b334e24cc01f715823603fc39911cbeee5253674b	generated_video	regenerable_with_pinned_code_configs_seeds_upstreams_and_GPU_exact_encoded_bytes_not_guaranteed
external_large_artifact	-	/mnt/NAS/data/hl5757/generated_artifacts/lateact/gate2/secondary/0010_v0/right_to_left_next_new.pt	339303	a6653205650c51b996f313b4051be7f2aeb4d97e0e243be58ce26cc7149f7d71	generated_latent_tensor	regenerable_with_pinned_code_configs_seeds_upstreams_and_GPU_exact_encoded_bytes_not_guaranteed
external_large_artifact	-	/mnt/NAS/data/hl5757/generated_artifacts/lateact/gate2/secondary/0010_v0/right_to_left_next_old.mp4	1449081	28eb5e798c89232c17c1a34b4389304efbd93623024508a02f2d9d09170135b0	generated_video	regenerable_with_pinned_code_configs_seeds_upstreams_and_GPU_exact_encoded_bytes_not_guaranteed
external_large_artifact	-	/mnt/NAS/data/hl5757/generated_artifacts/lateact/gate2/secondary/0010_v0/right_to_left_next_old.pt	339303	bdde121b3640a24f1821233097cc828240ea39ff2da3819fbd413cffd26cd1f2	generated_latent_tensor	regenerable_with_pinned_code_configs_seeds_upstreams_and_GPU_exact_encoded_bytes_not_guaranteed
external_large_artifact	-	/mnt/NAS/data/hl5757/generated_artifacts/lateact/gate2/secondary/0010_v0/right_to_left_old.mp4	844874	53e811ff46adabcc987a3083700f4eb9fe0bd0ca147d6848533660798b9928b2	generated_video	regenerable_with_pinned_code_configs_seeds_upstreams_and_GPU_exact_encoded_bytes_not_guaranteed
external_large_artifact	-	/mnt/NAS/data/hl5757/generated_artifacts/lateact/gate2/secondary/0010_v0/right_to_left_old.pt	339150	712e68223bc28f2cbec9f17946ca0e62418af9ab288dbff3bc1bbcca499978d2	generated_latent_tensor	regenerable_with_pinned_code_configs_seeds_upstreams_and_GPU_exact_encoded_bytes_not_guaranteed
external_large_artifact	-	/mnt/NAS/data/hl5757/generated_artifacts/lateact/gate2/secondary/0011_v0/left_to_right_direct_late.mp4	936045	c876795c2c81578f1087e8ebf35baf7bffc584e04599267bc345865b6bde7af0	generated_video	regenerable_with_pinned_code_configs_seeds_upstreams_and_GPU_exact_encoded_bytes_not_guaranteed
external_large_artifact	-	/mnt/NAS/data/hl5757/generated_artifacts/lateact/gate2/secondary/0011_v0/left_to_right_direct_late.pt	339318	151b10ec09e7d21ce6a2e9fc61b4f32ff18e6232346ea964783bb3ae23a715bf	generated_latent_tensor	regenerable_with_pinned_code_configs_seeds_upstreams_and_GPU_exact_encoded_bytes_not_guaranteed
external_large_artifact	-	/mnt/NAS/data/hl5757/generated_artifacts/lateact/gate2/secondary/0011_v0/left_to_right_lateact.mp4	963624	c6058046efb3aba8f7b2082a17f42c76b14b76c07cc7cc1ad43f1d622501cc21	generated_video	regenerable_with_pinned_code_configs_seeds_upstreams_and_GPU_exact_encoded_bytes_not_guaranteed
external_large_artifact	-	/mnt/NAS/data/hl5757/generated_artifacts/lateact/gate2/secondary/0011_v0/left_to_right_lateact.pt	339234	a2cbde1b632d376dce56602e715756fa17de9e591bed65e8a61b7e3f8da67126	generated_latent_tensor	regenerable_with_pinned_code_configs_seeds_upstreams_and_GPU_exact_encoded_bytes_not_guaranteed
external_large_artifact	-	/mnt/NAS/data/hl5757/generated_artifacts/lateact/gate2/secondary/0011_v0/left_to_right_new_oracle.mp4	966418	bab3c53075c1b50312d1f2cd48ba4d9dbee4ae693a0ee25a51932d06aca4bdec	generated_video	regenerable_with_pinned_code_configs_seeds_upstreams_and_GPU_exact_encoded_bytes_not_guaranteed
external_large_artifact	-	/mnt/NAS/data/hl5757/generated_artifacts/lateact/gate2/secondary/0011_v0/left_to_right_new_oracle.pt	339313	7a140bf150407ac52f18a64d0e6e3666fc44f5ca37eeecaf3b0a19559ea87ebe	generated_latent_tensor	regenerable_with_pinned_code_configs_seeds_upstreams_and_GPU_exact_encoded_bytes_not_guaranteed
external_large_artifact	-	/mnt/NAS/data/hl5757/generated_artifacts/lateact/gate2/secondary/0011_v0/left_to_right_next_new.mp4	1517612	be6fec3d649464085c9825acfc02ff44f60616180a3de63e20b55dee67efb6b3	generated_video	regenerable_with_pinned_code_configs_seeds_upstreams_and_GPU_exact_encoded_bytes_not_guaranteed
external_large_artifact	-	/mnt/NAS/data/hl5757/generated_artifacts/lateact/gate2/secondary/0011_v0/left_to_right_next_new.pt	339303	af3e4de8098f2955c2c53288475699c8dc6659be9ca0ad77566ff2495d04dc10	generated_latent_tensor	regenerable_with_pinned_code_configs_seeds_upstreams_and_GPU_exact_encoded_bytes_not_guaranteed
external_large_artifact	-	/mnt/NAS/data/hl5757/generated_artifacts/lateact/gate2/secondary/0011_v0/left_to_right_next_old.mp4	1534217	13953311799b83efdd55ad24341ed05bbdfed042b3104d6755b900be8ffcf0fd	generated_video	regenerable_with_pinned_code_configs_seeds_upstreams_and_GPU_exact_encoded_bytes_not_guaranteed
external_large_artifact	-	/mnt/NAS/data/hl5757/generated_artifacts/lateact/gate2/secondary/0011_v0/left_to_right_next_old.pt	339303	6a56ddc9251067c5e9476a659722dbb82bf23aa7b05d78a90c7efa318c784c22	generated_latent_tensor	regenerable_with_pinned_code_configs_seeds_upstreams_and_GPU_exact_encoded_bytes_not_guaranteed
external_large_artifact	-	/mnt/NAS/data/hl5757/generated_artifacts/lateact/gate2/secondary/0011_v0/left_to_right_old.mp4	948587	fbbe69b3bfb212d1026613d8a4df0debba746b6b9eaab790713bcb73ea5abe6d	generated_video	regenerable_with_pinned_code_configs_seeds_upstreams_and_GPU_exact_encoded_bytes_not_guaranteed
external_large_artifact	-	/mnt/NAS/data/hl5757/generated_artifacts/lateact/gate2/secondary/0011_v0/left_to_right_old.pt	339150	62d8fd4c49118a6b097a6500f230769ea01f9454e953cd095fe7e43bf652cec0	generated_latent_tensor	regenerable_with_pinned_code_configs_seeds_upstreams_and_GPU_exact_encoded_bytes_not_guaranteed
external_large_artifact	-	/mnt/NAS/data/hl5757/generated_artifacts/lateact/gate2/secondary/0011_v0/right_to_left_direct_late.mp4	942578	2c3f083d4d4dd50baf49d706b81054ace9c2332080275809d437f2359739221c	generated_video	regenerable_with_pinned_code_configs_seeds_upstreams_and_GPU_exact_encoded_bytes_not_guaranteed
external_large_artifact	-	/mnt/NAS/data/hl5757/generated_artifacts/lateact/gate2/secondary/0011_v0/right_to_left_direct_late.pt	339318	0605dbfdc812b53e5cae2e71db70d65c16e68ee5b2a52b5be1fc1fd6905e3cf8	generated_latent_tensor	regenerable_with_pinned_code_configs_seeds_upstreams_and_GPU_exact_encoded_bytes_not_guaranteed
external_large_artifact	-	/mnt/NAS/data/hl5757/generated_artifacts/lateact/gate2/secondary/0011_v0/right_to_left_lateact.mp4	906057	76dc278eaf7fbb6333142e8b5cc4334567faf445e393828b671e0600e9c1196d	generated_video	regenerable_with_pinned_code_configs_seeds_upstreams_and_GPU_exact_encoded_bytes_not_guaranteed
external_large_artifact	-	/mnt/NAS/data/hl5757/generated_artifacts/lateact/gate2/secondary/0011_v0/right_to_left_lateact.pt	339234	5fb972701cbffa266b61a93a7ea80f77e3b2871c9a45f3edf58cec9f2c71ff7a	generated_latent_tensor	regenerable_with_pinned_code_configs_seeds_upstreams_and_GPU_exact_encoded_bytes_not_guaranteed
external_large_artifact	-	/mnt/NAS/data/hl5757/generated_artifacts/lateact/gate2/secondary/0011_v0/right_to_left_new_oracle.mp4	948587	fbbe69b3bfb212d1026613d8a4df0debba746b6b9eaab790713bcb73ea5abe6d	generated_video	regenerable_with_pinned_code_configs_seeds_upstreams_and_GPU_exact_encoded_bytes_not_guaranteed
external_large_artifact	-	/mnt/NAS/data/hl5757/generated_artifacts/lateact/gate2/secondary/0011_v0/right_to_left_new_oracle.pt	339313	39bf066b6dc5c835af2c3aa6eee6d1d9575acc002fc54c4cdbb6df483f460ae8	generated_latent_tensor	regenerable_with_pinned_code_configs_seeds_upstreams_and_GPU_exact_encoded_bytes_not_guaranteed
external_large_artifact	-	/mnt/NAS/data/hl5757/generated_artifacts/lateact/gate2/secondary/0011_v0/right_to_left_next_new.mp4	1553769	2aaa7c73742a2504f581ce52cc14c9e5714db1d3207815aef5c920506ecb3d63	generated_video	regenerable_with_pinned_code_configs_seeds_upstreams_and_GPU_exact_encoded_bytes_not_guaranteed
external_large_artifact	-	/mnt/NAS/data/hl5757/generated_artifacts/lateact/gate2/secondary/0011_v0/right_to_left_next_new.pt	339303	27515cc0cfd27cccd886cd1c09c03443f0f20bcbe4e30c21da8644d8f34961cc	generated_latent_tensor	regenerable_with_pinned_code_configs_seeds_upstreams_and_GPU_exact_encoded_bytes_not_guaranteed
external_large_artifact	-	/mnt/NAS/data/hl5757/generated_artifacts/lateact/gate2/secondary/0011_v0/right_to_left_next_old.mp4	1553237	acee9b92f4183b03c72068e8fcae8f3269530d62fa0183321326b209e3f41b53	generated_video	regenerable_with_pinned_code_configs_seeds_upstreams_and_GPU_exact_encoded_bytes_not_guaranteed
external_large_artifact	-	/mnt/NAS/data/hl5757/generated_artifacts/lateact/gate2/secondary/0011_v0/right_to_left_next_old.pt	339303	22451b7ff95693ac8ab55015306e729d992cdad0abde43f0a29de03b1bff7650	generated_latent_tensor	regenerable_with_pinned_code_configs_seeds_upstreams_and_GPU_exact_encoded_bytes_not_guaranteed
external_large_artifact	-	/mnt/NAS/data/hl5757/generated_artifacts/lateact/gate2/secondary/0011_v0/right_to_left_old.mp4	966418	bab3c53075c1b50312d1f2cd48ba4d9dbee4ae693a0ee25a51932d06aca4bdec	generated_video	regenerable_with_pinned_code_configs_seeds_upstreams_and_GPU_exact_encoded_bytes_not_guaranteed
external_large_artifact	-	/mnt/NAS/data/hl5757/generated_artifacts/lateact/gate2/secondary/0011_v0/right_to_left_old.pt	339150	da4cb8dd58d7cf96a11e8fbbfbfba484287b1098c3fd188d6943939b14cd7a66	generated_latent_tensor	regenerable_with_pinned_code_configs_seeds_upstreams_and_GPU_exact_encoded_bytes_not_guaranteed
external_large_artifact	-	/mnt/NAS/data/hl5757/generated_artifacts/lateact/gate2/secondary/0012_v0/left_to_right_direct_late.mp4	857409	d44ad0949c713a29c3ab1e8acc3ca7d862c3867283935c38d27b12874260cd17	generated_video	regenerable_with_pinned_code_configs_seeds_upstreams_and_GPU_exact_encoded_bytes_not_guaranteed
external_large_artifact	-	/mnt/NAS/data/hl5757/generated_artifacts/lateact/gate2/secondary/0012_v0/left_to_right_direct_late.pt	339318	1d69cbe60f0d870d1487a34e270345a4baccceebc1649688695ea461008068e2	generated_latent_tensor	regenerable_with_pinned_code_configs_seeds_upstreams_and_GPU_exact_encoded_bytes_not_guaranteed
external_large_artifact	-	/mnt/NAS/data/hl5757/generated_artifacts/lateact/gate2/secondary/0012_v0/left_to_right_lateact.mp4	864536	40e80620a83eff229b02de5d7cb5c03e67c40aa9dd5980ff4d0cb036ad672f48	generated_video	regenerable_with_pinned_code_configs_seeds_upstreams_and_GPU_exact_encoded_bytes_not_guaranteed
external_large_artifact	-	/mnt/NAS/data/hl5757/generated_artifacts/lateact/gate2/secondary/0012_v0/left_to_right_lateact.pt	339234	344a5e9d1969439131c4abb836f0a2c24fc874cc83695f7b0e97db354797c25f	generated_latent_tensor	regenerable_with_pinned_code_configs_seeds_upstreams_and_GPU_exact_encoded_bytes_not_guaranteed
external_large_artifact	-	/mnt/NAS/data/hl5757/generated_artifacts/lateact/gate2/secondary/0012_v0/left_to_right_new_oracle.mp4	860686	c6684d1fdb8c7db539573d930f63c9de24ee71cd8675637e33a7a2c58747cb84	generated_video	regenerable_with_pinned_code_configs_seeds_upstreams_and_GPU_exact_encoded_bytes_not_guaranteed
external_large_artifact	-	/mnt/NAS/data/hl5757/generated_artifacts/lateact/gate2/secondary/0012_v0/left_to_right_new_oracle.pt	339313	dd00d974772f58df02ef519f1216359f032793fdba9f7794bd7447e1f250bc72	generated_latent_tensor	regenerable_with_pinned_code_configs_seeds_upstreams_and_GPU_exact_encoded_bytes_not_guaranteed
external_large_artifact	-	/mnt/NAS/data/hl5757/generated_artifacts/lateact/gate2/secondary/0012_v0/left_to_right_next_new.mp4	1398568	d4dfb3bf5e6974c4db3f67f2451deb8bd09337dc7558dbce6967e826fd079b00	generated_video	regenerable_with_pinned_code_configs_seeds_upstreams_and_GPU_exact_encoded_bytes_not_guaranteed
external_large_artifact	-	/mnt/NAS/data/hl5757/generated_artifacts/lateact/gate2/secondary/0012_v0/left_to_right_next_new.pt	339303	c953524badab003ec1254484fce512cb5c81cdef0c187613f271a96930fb193a	generated_latent_tensor	regenerable_with_pinned_code_configs_seeds_upstreams_and_GPU_exact_encoded_bytes_not_guaranteed
external_large_artifact	-	/mnt/NAS/data/hl5757/generated_artifacts/lateact/gate2/secondary/0012_v0/left_to_right_next_old.mp4	1401049	d0f02c99926fae8b46cc3c9259d071ce61a2aad5c6bbf3e77b98c1babbd4c1a7	generated_video	regenerable_with_pinned_code_configs_seeds_upstreams_and_GPU_exact_encoded_bytes_not_guaranteed
external_large_artifact	-	/mnt/NAS/data/hl5757/generated_artifacts/lateact/gate2/secondary/0012_v0/left_to_right_next_old.pt	339303	3e10ad92feb43e10d61c45e649425d07787d632e632a44b083d9396a1b86539c	generated_latent_tensor	regenerable_with_pinned_code_configs_seeds_upstreams_and_GPU_exact_encoded_bytes_not_guaranteed
external_large_artifact	-	/mnt/NAS/data/hl5757/generated_artifacts/lateact/gate2/secondary/0012_v0/left_to_right_old.mp4	858950	992d910b39b7df494bbdc29d5f1e8934e379d83b258b17fd3c1b1c9578e66824	generated_video	regenerable_with_pinned_code_configs_seeds_upstreams_and_GPU_exact_encoded_bytes_not_guaranteed
external_large_artifact	-	/mnt/NAS/data/hl5757/generated_artifacts/lateact/gate2/secondary/0012_v0/left_to_right_old.pt	339150	2efe83f0c1b2f4ba507addb73774c752f1bab477693fb69de09f1333e0f4bdaa	generated_latent_tensor	regenerable_with_pinned_code_configs_seeds_upstreams_and_GPU_exact_encoded_bytes_not_guaranteed
external_large_artifact	-	/mnt/NAS/data/hl5757/generated_artifacts/lateact/gate2/secondary/0012_v0/right_to_left_direct_late.mp4	873976	d5b953dd8991219566b38af6191577d14d59e96f55027bdd064a51a5b7f14566	generated_video	regenerable_with_pinned_code_configs_seeds_upstreams_and_GPU_exact_encoded_bytes_not_guaranteed
external_large_artifact	-	/mnt/NAS/data/hl5757/generated_artifacts/lateact/gate2/secondary/0012_v0/right_to_left_direct_late.pt	339318	8444cc2c9eeb501d98bae7a1d77d3b401ada6652ea391295347ba45eb10ca874	generated_latent_tensor	regenerable_with_pinned_code_configs_seeds_upstreams_and_GPU_exact_encoded_bytes_not_guaranteed
external_large_artifact	-	/mnt/NAS/data/hl5757/generated_artifacts/lateact/gate2/secondary/0012_v0/right_to_left_lateact.mp4	861834	955ee0c00102a14eef8e0b8c4627961d886c390ea57a3ea017ad9038d229271e	generated_video	regenerable_with_pinned_code_configs_seeds_upstreams_and_GPU_exact_encoded_bytes_not_guaranteed
external_large_artifact	-	/mnt/NAS/data/hl5757/generated_artifacts/lateact/gate2/secondary/0012_v0/right_to_left_lateact.pt	339234	7156bc578040811535286aaf5dd865369ba65d38a0de8058b742cf3491fd018a	generated_latent_tensor	regenerable_with_pinned_code_configs_seeds_upstreams_and_GPU_exact_encoded_bytes_not_guaranteed
external_large_artifact	-	/mnt/NAS/data/hl5757/generated_artifacts/lateact/gate2/secondary/0012_v0/right_to_left_new_oracle.mp4	858950	992d910b39b7df494bbdc29d5f1e8934e379d83b258b17fd3c1b1c9578e66824	generated_video	regenerable_with_pinned_code_configs_seeds_upstreams_and_GPU_exact_encoded_bytes_not_guaranteed
external_large_artifact	-	/mnt/NAS/data/hl5757/generated_artifacts/lateact/gate2/secondary/0012_v0/right_to_left_new_oracle.pt	339313	bc01e7ecbb3c13687acd3829135cd9c1d41cb78592d54153b0d62e8a45343078	generated_latent_tensor	regenerable_with_pinned_code_configs_seeds_upstreams_and_GPU_exact_encoded_bytes_not_guaranteed
external_large_artifact	-	/mnt/NAS/data/hl5757/generated_artifacts/lateact/gate2/secondary/0012_v0/right_to_left_next_new.mp4	1381085	1f2aef4b24628a8350640adfdc8041db34b9dabeb53e74cf5210892dc97e8130	generated_video	regenerable_with_pinned_code_configs_seeds_upstreams_and_GPU_exact_encoded_bytes_not_guaranteed
external_large_artifact	-	/mnt/NAS/data/hl5757/generated_artifacts/lateact/gate2/secondary/0012_v0/right_to_left_next_new.pt	339303	56ccddb814b28db944b8429f5d8a2e14def99c6a1a2757ad73711ee438ad23c6	generated_latent_tensor	regenerable_with_pinned_code_configs_seeds_upstreams_and_GPU_exact_encoded_bytes_not_guaranteed
external_large_artifact	-	/mnt/NAS/data/hl5757/generated_artifacts/lateact/gate2/secondary/0012_v0/right_to_left_next_old.mp4	1394162	a3cf994306b43d9aab456925c86109b44d2d4c51557b97fd2a858c7c549b4edd	generated_video	regenerable_with_pinned_code_configs_seeds_upstreams_and_GPU_exact_encoded_bytes_not_guaranteed
external_large_artifact	-	/mnt/NAS/data/hl5757/generated_artifacts/lateact/gate2/secondary/0012_v0/right_to_left_next_old.pt	339303	d7e5bf16f4140b55d202bb91855a94ebe08a28b9d8b7719afce7f50366a1194f	generated_latent_tensor	regenerable_with_pinned_code_configs_seeds_upstreams_and_GPU_exact_encoded_bytes_not_guaranteed
external_large_artifact	-	/mnt/NAS/data/hl5757/generated_artifacts/lateact/gate2/secondary/0012_v0/right_to_left_old.mp4	860686	c6684d1fdb8c7db539573d930f63c9de24ee71cd8675637e33a7a2c58747cb84	generated_video	regenerable_with_pinned_code_configs_seeds_upstreams_and_GPU_exact_encoded_bytes_not_guaranteed
external_large_artifact	-	/mnt/NAS/data/hl5757/generated_artifacts/lateact/gate2/secondary/0012_v0/right_to_left_old.pt	339150	75f965ebad5a323db272de210420ad1b953f3d7b39b307a6ba1daa3566dc662c	generated_latent_tensor	regenerable_with_pinned_code_configs_seeds_upstreams_and_GPU_exact_encoded_bytes_not_guaranteed
external_large_artifact	-	/mnt/NAS/data/hl5757/generated_artifacts/lateact/gate2/secondary/0013_v0/left_to_right_direct_late.mp4	734293	c872685aa7de4650d6dc35acebf2256185cacf16ebc4bd73b785f1e8755ec5e0	generated_video	regenerable_with_pinned_code_configs_seeds_upstreams_and_GPU_exact_encoded_bytes_not_guaranteed
external_large_artifact	-	/mnt/NAS/data/hl5757/generated_artifacts/lateact/gate2/secondary/0013_v0/left_to_right_direct_late.pt	339318	48a2461eac73269fd1611914d0e5ae0cdb807ba8a8da73596f766664efbaa4a9	generated_latent_tensor	regenerable_with_pinned_code_configs_seeds_upstreams_and_GPU_exact_encoded_bytes_not_guaranteed
external_large_artifact	-	/mnt/NAS/data/hl5757/generated_artifacts/lateact/gate2/secondary/0013_v0/left_to_right_lateact.mp4	811384	bc159e928bc16ecaee5f0e952d6ecf99e967d03452150fb82ae1bca1f52f4fc4	generated_video	regenerable_with_pinned_code_configs_seeds_upstreams_and_GPU_exact_encoded_bytes_not_guaranteed
external_large_artifact	-	/mnt/NAS/data/hl5757/generated_artifacts/lateact/gate2/secondary/0013_v0/left_to_right_lateact.pt	339234	01b0d907d6b370bf2c9fe5ee7f827f71ed5e0f2a0027ede4c3a8c0a808d4d0d5	generated_latent_tensor	regenerable_with_pinned_code_configs_seeds_upstreams_and_GPU_exact_encoded_bytes_not_guaranteed
external_large_artifact	-	/mnt/NAS/data/hl5757/generated_artifacts/lateact/gate2/secondary/0013_v0/left_to_right_new_oracle.mp4	900240	20b327f217e473cf3baf4d30a77b6d5b6fe320e4295bddad24364404a85b6eac	generated_video	regenerable_with_pinned_code_configs_seeds_upstreams_and_GPU_exact_encoded_bytes_not_guaranteed
external_large_artifact	-	/mnt/NAS/data/hl5757/generated_artifacts/lateact/gate2/secondary/0013_v0/left_to_right_new_oracle.pt	339313	1610abbd163842d7caa691e54d8cb6c0079463b0184bf2b52847b9fc20e9fdab	generated_latent_tensor	regenerable_with_pinned_code_configs_seeds_upstreams_and_GPU_exact_encoded_bytes_not_guaranteed
external_large_artifact	-	/mnt/NAS/data/hl5757/generated_artifacts/lateact/gate2/secondary/0013_v0/left_to_right_next_new.mp4	1406505	eaaff17895fdf44a26d8f28ba2a47c6d034c00f835e0e60aba1f82b2e62ae5f6	generated_video	regenerable_with_pinned_code_configs_seeds_upstreams_and_GPU_exact_encoded_bytes_not_guaranteed
external_large_artifact	-	/mnt/NAS/data/hl5757/generated_artifacts/lateact/gate2/secondary/0013_v0/left_to_right_next_new.pt	339303	917c3fb7f5314e30d7ab61d66d640c84cd157e85bd194633934addc9f69446bd	generated_latent_tensor	regenerable_with_pinned_code_configs_seeds_upstreams_and_GPU_exact_encoded_bytes_not_guaranteed
external_large_artifact	-	/mnt/NAS/data/hl5757/generated_artifacts/lateact/gate2/secondary/0013_v0/left_to_right_next_old.mp4	1173636	688be432f8dce16fd67a698daf5554671f468fea9d115760d7d59ff88ae552a6	generated_video	regenerable_with_pinned_code_configs_seeds_upstreams_and_GPU_exact_encoded_bytes_not_guaranteed
external_large_artifact	-	/mnt/NAS/data/hl5757/generated_artifacts/lateact/gate2/secondary/0013_v0/left_to_right_next_old.pt	339303	b1a4237e78af718664c95671f966c2ecbe9404c58e6436fadf34b3391e31908e	generated_latent_tensor	regenerable_with_pinned_code_configs_seeds_upstreams_and_GPU_exact_encoded_bytes_not_guaranteed
external_large_artifact	-	/mnt/NAS/data/hl5757/generated_artifacts/lateact/gate2/secondary/0013_v0/left_to_right_old.mp4	739893	fcc2977f1fbfe726fcc2cbaa2fa396df096c744fcc550185bae1fa22a7a44c0c	generated_video	regenerable_with_pinned_code_configs_seeds_upstreams_and_GPU_exact_encoded_bytes_not_guaranteed
external_large_artifact	-	/mnt/NAS/data/hl5757/generated_artifacts/lateact/gate2/secondary/0013_v0/left_to_right_old.pt	339150	52bbd0278fbd93e7d20ba0ad75e0ad65cf647ede4dfbb3f1e3f60248441f8987	generated_latent_tensor	regenerable_with_pinned_code_configs_seeds_upstreams_and_GPU_exact_encoded_bytes_not_guaranteed
external_large_artifact	-	/mnt/NAS/data/hl5757/generated_artifacts/lateact/gate2/secondary/0013_v0/right_to_left_direct_late.mp4	887355	4976348023bcb9b824b32da5d2b424f1f211af8cb3dd3aaad8f152ca97852ea9	generated_video	regenerable_with_pinned_code_configs_seeds_upstreams_and_GPU_exact_encoded_bytes_not_guaranteed
external_large_artifact	-	/mnt/NAS/data/hl5757/generated_artifacts/lateact/gate2/secondary/0013_v0/right_to_left_direct_late.pt	339318	9b82eb6d3bc55918fa73d1d6effe7cbdd850ccd9bc43056d6b6ca20f6f99a1b4	generated_latent_tensor	regenerable_with_pinned_code_configs_seeds_upstreams_and_GPU_exact_encoded_bytes_not_guaranteed
external_large_artifact	-	/mnt/NAS/data/hl5757/generated_artifacts/lateact/gate2/secondary/0013_v0/right_to_left_lateact.mp4	859170	7ed1177e5fe6e68e29d318a2850c706190b32ed99debff2d2ac16dce4ae637bf	generated_video	regenerable_with_pinned_code_configs_seeds_upstreams_and_GPU_exact_encoded_bytes_not_guaranteed
external_large_artifact	-	/mnt/NAS/data/hl5757/generated_artifacts/lateact/gate2/secondary/0013_v0/right_to_left_lateact.pt	339234	474426058ad9c20593caecf0c65e8e807872c7b5d0da7ee561aad84dcb76d0b0	generated_latent_tensor	regenerable_with_pinned_code_configs_seeds_upstreams_and_GPU_exact_encoded_bytes_not_guaranteed
external_large_artifact	-	/mnt/NAS/data/hl5757/generated_artifacts/lateact/gate2/secondary/0013_v0/right_to_left_new_oracle.mp4	739893	fcc2977f1fbfe726fcc2cbaa2fa396df096c744fcc550185bae1fa22a7a44c0c	generated_video	regenerable_with_pinned_code_configs_seeds_upstreams_and_GPU_exact_encoded_bytes_not_guaranteed
external_large_artifact	-	/mnt/NAS/data/hl5757/generated_artifacts/lateact/gate2/secondary/0013_v0/right_to_left_new_oracle.pt	339313	f41bb3b7f44b10b8d41eb23a95039d0d42d5f8aec8c2cdef7e713535b7c4deb5	generated_latent_tensor	regenerable_with_pinned_code_configs_seeds_upstreams_and_GPU_exact_encoded_bytes_not_guaranteed
external_large_artifact	-	/mnt/NAS/data/hl5757/generated_artifacts/lateact/gate2/secondary/0013_v0/right_to_left_next_new.mp4	1418781	5e00a26fc69feb68833695534741080d1f943d08487df6adabce1759feedb635	generated_video	regenerable_with_pinned_code_configs_seeds_upstreams_and_GPU_exact_encoded_bytes_not_guaranteed
external_large_artifact	-	/mnt/NAS/data/hl5757/generated_artifacts/lateact/gate2/secondary/0013_v0/right_to_left_next_new.pt	339303	3feaffd835a1467817be4543e5bcf2e3562ae90de37e357edc2f70cbfd285fda	generated_latent_tensor	regenerable_with_pinned_code_configs_seeds_upstreams_and_GPU_exact_encoded_bytes_not_guaranteed
external_large_artifact	-	/mnt/NAS/data/hl5757/generated_artifacts/lateact/gate2/secondary/0013_v0/right_to_left_next_old.mp4	1580567	ed0bfff5b5613514d8dc7c665160fc07264f664beaf3f6d9ae3f6e8c2fe6389d	generated_video	regenerable_with_pinned_code_configs_seeds_upstreams_and_GPU_exact_encoded_bytes_not_guaranteed
external_large_artifact	-	/mnt/NAS/data/hl5757/generated_artifacts/lateact/gate2/secondary/0013_v0/right_to_left_next_old.pt	339303	998e4e85b08d283b2847e865271cd036b8d2a85cdcde7507a933e847d0f77d74	generated_latent_tensor	regenerable_with_pinned_code_configs_seeds_upstreams_and_GPU_exact_encoded_bytes_not_guaranteed
external_large_artifact	-	/mnt/NAS/data/hl5757/generated_artifacts/lateact/gate2/secondary/0013_v0/right_to_left_old.mp4	900240	20b327f217e473cf3baf4d30a77b6d5b6fe320e4295bddad24364404a85b6eac	generated_video	regenerable_with_pinned_code_configs_seeds_upstreams_and_GPU_exact_encoded_bytes_not_guaranteed
external_large_artifact	-	/mnt/NAS/data/hl5757/generated_artifacts/lateact/gate2/secondary/0013_v0/right_to_left_old.pt	339150	998bd7b2c55db4e4d794e4f059b1d77c5ae3c4a543e613699098efcc858a4fcc	generated_latent_tensor	regenerable_with_pinned_code_configs_seeds_upstreams_and_GPU_exact_encoded_bytes_not_guaranteed
external_large_artifact	-	/mnt/NAS/data/hl5757/generated_artifacts/lateact/gate2/secondary/0014_v0/left_to_right_direct_late.mp4	996373	02f448ca7fe7603f4a5ec916638c48974fd03cad7c86d6d9ee5abbb84818a3ee	generated_video	regenerable_with_pinned_code_configs_seeds_upstreams_and_GPU_exact_encoded_bytes_not_guaranteed
external_large_artifact	-	/mnt/NAS/data/hl5757/generated_artifacts/lateact/gate2/secondary/0014_v0/left_to_right_direct_late.pt	339318	c96823125f8e5354d34825a70da7b534e430a1139714c5298e699e9e6f1d6c17	generated_latent_tensor	regenerable_with_pinned_code_configs_seeds_upstreams_and_GPU_exact_encoded_bytes_not_guaranteed
external_large_artifact	-	/mnt/NAS/data/hl5757/generated_artifacts/lateact/gate2/secondary/0014_v0/left_to_right_lateact.mp4	1095359	8004f5fb47773820a46501caba1590d2b5a24203426e28c3e6ee40770ba1d2e3	generated_video	regenerable_with_pinned_code_configs_seeds_upstreams_and_GPU_exact_encoded_bytes_not_guaranteed
external_large_artifact	-	/mnt/NAS/data/hl5757/generated_artifacts/lateact/gate2/secondary/0014_v0/left_to_right_lateact.pt	339234	71375e337b3108d8e7e727101a7319693137e626bab74bf1f7e1af451e0a402d	generated_latent_tensor	regenerable_with_pinned_code_configs_seeds_upstreams_and_GPU_exact_encoded_bytes_not_guaranteed
external_large_artifact	-	/mnt/NAS/data/hl5757/generated_artifacts/lateact/gate2/secondary/0014_v0/left_to_right_new_oracle.mp4	1196633	044df4bb482bd71bc654671be0c540ed9db8e3665e14a61ba93be10ed1ab2e09	generated_video	regenerable_with_pinned_code_configs_seeds_upstreams_and_GPU_exact_encoded_bytes_not_guaranteed
external_large_artifact	-	/mnt/NAS/data/hl5757/generated_artifacts/lateact/gate2/secondary/0014_v0/left_to_right_new_oracle.pt	339313	a073f5b1f71295f2c369db724c4a24e0514f44ece725685eaf53cc283715ebd3	generated_latent_tensor	regenerable_with_pinned_code_configs_seeds_upstreams_and_GPU_exact_encoded_bytes_not_guaranteed
external_large_artifact	-	/mnt/NAS/data/hl5757/generated_artifacts/lateact/gate2/secondary/0014_v0/left_to_right_next_new.mp4	1760820	0c703c6c135ed4a3f3539f66bc0db78ab201702121fe924e670a967c2d8843a8	generated_video	regenerable_with_pinned_code_configs_seeds_upstreams_and_GPU_exact_encoded_bytes_not_guaranteed
external_large_artifact	-	/mnt/NAS/data/hl5757/generated_artifacts/lateact/gate2/secondary/0014_v0/left_to_right_next_new.pt	339303	3a2a07d29a25834beb0baa3b7f56adfedabc98ac433e889d5053c0002cbf13da	generated_latent_tensor	regenerable_with_pinned_code_configs_seeds_upstreams_and_GPU_exact_encoded_bytes_not_guaranteed
external_large_artifact	-	/mnt/NAS/data/hl5757/generated_artifacts/lateact/gate2/secondary/0014_v0/left_to_right_next_old.mp4	1556836	d23b00d4b39dd3bc12b0a2e41068b8ab57128549e0d9b4cbbebea792025ff7e4	generated_video	regenerable_with_pinned_code_configs_seeds_upstreams_and_GPU_exact_encoded_bytes_not_guaranteed
external_large_artifact	-	/mnt/NAS/data/hl5757/generated_artifacts/lateact/gate2/secondary/0014_v0/left_to_right_next_old.pt	339303	c34d51480ded39b8f9f6d496e4e00e31db140f4dc9cb91c98662fca77d822410	generated_latent_tensor	regenerable_with_pinned_code_configs_seeds_upstreams_and_GPU_exact_encoded_bytes_not_guaranteed
external_large_artifact	-	/mnt/NAS/data/hl5757/generated_artifacts/lateact/gate2/secondary/0014_v0/left_to_right_old.mp4	995101	16b43a13047fa4de54bce2e704b79c350d83c7726b3c7768e19f703cc250a872	generated_video	regenerable_with_pinned_code_configs_seeds_upstreams_and_GPU_exact_encoded_bytes_not_guaranteed
external_large_artifact	-	/mnt/NAS/data/hl5757/generated_artifacts/lateact/gate2/secondary/0014_v0/left_to_right_old.pt	339150	3ee004aa4db88d0370880f443aa7dff97fc433875d939345bf55a24f54637817	generated_latent_tensor	regenerable_with_pinned_code_configs_seeds_upstreams_and_GPU_exact_encoded_bytes_not_guaranteed
external_large_artifact	-	/mnt/NAS/data/hl5757/generated_artifacts/lateact/gate2/secondary/0014_v0/right_to_left_direct_late.mp4	1202357	537b95383470d3db64020a41b97a81d7049e2ecbe389f41acc243663ce48278a	generated_video	regenerable_with_pinned_code_configs_seeds_upstreams_and_GPU_exact_encoded_bytes_not_guaranteed
external_large_artifact	-	/mnt/NAS/data/hl5757/generated_artifacts/lateact/gate2/secondary/0014_v0/right_to_left_direct_late.pt	339318	e2ebbc0e2860d2a059296cfe0ba750305812051a5f478ea32ba4ca02eeb6c7bd	generated_latent_tensor	regenerable_with_pinned_code_configs_seeds_upstreams_and_GPU_exact_encoded_bytes_not_guaranteed
external_large_artifact	-	/mnt/NAS/data/hl5757/generated_artifacts/lateact/gate2/secondary/0014_v0/right_to_left_lateact.mp4	1133691	483ea73b97235e28fbddb1a0f1b336ead5a1f4f22b52f18504c3903eac0dbd26	generated_video	regenerable_with_pinned_code_configs_seeds_upstreams_and_GPU_exact_encoded_bytes_not_guaranteed
external_large_artifact	-	/mnt/NAS/data/hl5757/generated_artifacts/lateact/gate2/secondary/0014_v0/right_to_left_lateact.pt	339234	8859be5a7e9891e935f6d44dc7c2abd1aeaf9cd64b1f114024021734cf4e4689	generated_latent_tensor	regenerable_with_pinned_code_configs_seeds_upstreams_and_GPU_exact_encoded_bytes_not_guaranteed
external_large_artifact	-	/mnt/NAS/data/hl5757/generated_artifacts/lateact/gate2/secondary/0014_v0/right_to_left_new_oracle.mp4	995101	16b43a13047fa4de54bce2e704b79c350d83c7726b3c7768e19f703cc250a872	generated_video	regenerable_with_pinned_code_configs_seeds_upstreams_and_GPU_exact_encoded_bytes_not_guaranteed
external_large_artifact	-	/mnt/NAS/data/hl5757/generated_artifacts/lateact/gate2/secondary/0014_v0/right_to_left_new_oracle.pt	339313	d9daa8966eabcb00f8d47d05d09a340f5a919e2cc4df7c770f3659eb68c7258d	generated_latent_tensor	regenerable_with_pinned_code_configs_seeds_upstreams_and_GPU_exact_encoded_bytes_not_guaranteed
external_large_artifact	-	/mnt/NAS/data/hl5757/generated_artifacts/lateact/gate2/secondary/0014_v0/right_to_left_next_new.mp4	1807015	8e38290c16b47084bfc16d4523c6877d56a1aeae4afa89ae1b9086e4156d5b21	generated_video	regenerable_with_pinned_code_configs_seeds_upstreams_and_GPU_exact_encoded_bytes_not_guaranteed
external_large_artifact	-	/mnt/NAS/data/hl5757/generated_artifacts/lateact/gate2/secondary/0014_v0/right_to_left_next_new.pt	339303	1bcf255d965ad191529fd2b56c287549db8e49bdd1c014e685c6a7e7c6247925	generated_latent_tensor	regenerable_with_pinned_code_configs_seeds_upstreams_and_GPU_exact_encoded_bytes_not_guaranteed
external_large_artifact	-	/mnt/NAS/data/hl5757/generated_artifacts/lateact/gate2/secondary/0014_v0/right_to_left_next_old.mp4	2005935	a1035e5de2a205f1195dc91dfe4da2751fcc8483f865c20238724d8c4a525c19	generated_video	regenerable_with_pinned_code_configs_seeds_upstreams_and_GPU_exact_encoded_bytes_not_guaranteed
external_large_artifact	-	/mnt/NAS/data/hl5757/generated_artifacts/lateact/gate2/secondary/0014_v0/right_to_left_next_old.pt	339303	ac5ee8927e9d98bcba5d99e266caff32635c759f084f3db17d93ee5141dae419	generated_latent_tensor	regenerable_with_pinned_code_configs_seeds_upstreams_and_GPU_exact_encoded_bytes_not_guaranteed
external_large_artifact	-	/mnt/NAS/data/hl5757/generated_artifacts/lateact/gate2/secondary/0014_v0/right_to_left_old.mp4	1196633	044df4bb482bd71bc654671be0c540ed9db8e3665e14a61ba93be10ed1ab2e09	generated_video	regenerable_with_pinned_code_configs_seeds_upstreams_and_GPU_exact_encoded_bytes_not_guaranteed
external_large_artifact	-	/mnt/NAS/data/hl5757/generated_artifacts/lateact/gate2/secondary/0014_v0/right_to_left_old.pt	339150	168da34f89c3f1561c6d946b2e2975dc037ef9fbd4e500d473b1f25523518967	generated_latent_tensor	regenerable_with_pinned_code_configs_seeds_upstreams_and_GPU_exact_encoded_bytes_not_guaranteed
external_large_artifact	-	/mnt/NAS/data/hl5757/generated_artifacts/lateact/gate2/secondary/0015_v0/left_to_right_direct_late.mp4	721048	df6d9ef023a78bc451456a0b7e907eb79b03b4a38f528d7fac6f0796224a1b02	generated_video	regenerable_with_pinned_code_configs_seeds_upstreams_and_GPU_exact_encoded_bytes_not_guaranteed
external_large_artifact	-	/mnt/NAS/data/hl5757/generated_artifacts/lateact/gate2/secondary/0015_v0/left_to_right_direct_late.pt	339318	f0031832b4e1be989054e572b309a292af77c53d715f0954129b763812087f87	generated_latent_tensor	regenerable_with_pinned_code_configs_seeds_upstreams_and_GPU_exact_encoded_bytes_not_guaranteed
external_large_artifact	-	/mnt/NAS/data/hl5757/generated_artifacts/lateact/gate2/secondary/0015_v0/left_to_right_lateact.mp4	739583	e5449ff1b4eb4573d9856ddb010e6860b4fecb17841dd7ca293276bd0cfbbba2	generated_video	regenerable_with_pinned_code_configs_seeds_upstreams_and_GPU_exact_encoded_bytes_not_guaranteed
external_large_artifact	-	/mnt/NAS/data/hl5757/generated_artifacts/lateact/gate2/secondary/0015_v0/left_to_right_lateact.pt	339234	7e1bae18dc82c6d540911144c155a4fbdb708b9cac27ee20af68700577592249	generated_latent_tensor	regenerable_with_pinned_code_configs_seeds_upstreams_and_GPU_exact_encoded_bytes_not_guaranteed
external_large_artifact	-	/mnt/NAS/data/hl5757/generated_artifacts/lateact/gate2/secondary/0015_v0/left_to_right_new_oracle.mp4	863088	cae8cdc5fd8a56d1bb93c680014e04daafe6eb468e1975d70123e6ecf961e5bb	generated_video	regenerable_with_pinned_code_configs_seeds_upstreams_and_GPU_exact_encoded_bytes_not_guaranteed
external_large_artifact	-	/mnt/NAS/data/hl5757/generated_artifacts/lateact/gate2/secondary/0015_v0/left_to_right_new_oracle.pt	339313	978c49f0ab7ec589d207b53d9a5caaa6ed24b30e115576683942a43c9ada20c7	generated_latent_tensor	regenerable_with_pinned_code_configs_seeds_upstreams_and_GPU_exact_encoded_bytes_not_guaranteed
external_large_artifact	-	/mnt/NAS/data/hl5757/generated_artifacts/lateact/gate2/secondary/0015_v0/left_to_right_next_new.mp4	1286946	46a35863acf01da3da7c30449571de1ad41e04e3ee290b3eb77f69a2c3d1ab66	generated_video	regenerable_with_pinned_code_configs_seeds_upstreams_and_GPU_exact_encoded_bytes_not_guaranteed
external_large_artifact	-	/mnt/NAS/data/hl5757/generated_artifacts/lateact/gate2/secondary/0015_v0/left_to_right_next_new.pt	339303	9d9aaa8eafa2d50165f2dceb3e8bb595a53aaad5bef10edfe1b32552f0f4b68a	generated_latent_tensor	regenerable_with_pinned_code_configs_seeds_upstreams_and_GPU_exact_encoded_bytes_not_guaranteed
external_large_artifact	-	/mnt/NAS/data/hl5757/generated_artifacts/lateact/gate2/secondary/0015_v0/left_to_right_next_old.mp4	1071521	465ba165edc0f4dec337ecb1730c39c7855e80c74efe6e1062abee45f448222d	generated_video	regenerable_with_pinned_code_configs_seeds_upstreams_and_GPU_exact_encoded_bytes_not_guaranteed
external_large_artifact	-	/mnt/NAS/data/hl5757/generated_artifacts/lateact/gate2/secondary/0015_v0/left_to_right_next_old.pt	339303	e0db1abe77499cbcc5688711e2549f925c9053fcbdf44fe82d43b2aad77b0e6f	generated_latent_tensor	regenerable_with_pinned_code_configs_seeds_upstreams_and_GPU_exact_encoded_bytes_not_guaranteed
external_large_artifact	-	/mnt/NAS/data/hl5757/generated_artifacts/lateact/gate2/secondary/0015_v0/left_to_right_old.mp4	711313	2506c245332aec688b144ae64b1cbe8d5701eef02f5aee872d46f3c2ee4dfc57	generated_video	regenerable_with_pinned_code_configs_seeds_upstreams_and_GPU_exact_encoded_bytes_not_guaranteed
external_large_artifact	-	/mnt/NAS/data/hl5757/generated_artifacts/lateact/gate2/secondary/0015_v0/left_to_right_old.pt	339150	4192b197e252011b1636ac52cc32f3655bc1408bd66f097dd46126a193094bf3	generated_latent_tensor	regenerable_with_pinned_code_configs_seeds_upstreams_and_GPU_exact_encoded_bytes_not_guaranteed
external_large_artifact	-	/mnt/NAS/data/hl5757/generated_artifacts/lateact/gate2/secondary/0015_v0/right_to_left_direct_late.mp4	856463	8d0d5b5985e95d53cee1f94baced96d27dbec9b5b3bf5287597c4fdccb061188	generated_video	regenerable_with_pinned_code_configs_seeds_upstreams_and_GPU_exact_encoded_bytes_not_guaranteed
external_large_artifact	-	/mnt/NAS/data/hl5757/generated_artifacts/lateact/gate2/secondary/0015_v0/right_to_left_direct_late.pt	339318	8be2fc2a61decb9ad0fa39ce8d95fbe95aba6201457c3773416cc65ef2b4f86d	generated_latent_tensor	regenerable_with_pinned_code_configs_seeds_upstreams_and_GPU_exact_encoded_bytes_not_guaranteed
external_large_artifact	-	/mnt/NAS/data/hl5757/generated_artifacts/lateact/gate2/secondary/0015_v0/right_to_left_lateact.mp4	768498	d89f537dc1a1f8d6b9e263524058b20ec5f6dd044732a1b0fbbdbc76cfe71a72	generated_video	regenerable_with_pinned_code_configs_seeds_upstreams_and_GPU_exact_encoded_bytes_not_guaranteed
external_large_artifact	-	/mnt/NAS/data/hl5757/generated_artifacts/lateact/gate2/secondary/0015_v0/right_to_left_lateact.pt	339234	c41a5f6f4b762035cfedd9ac24327afac5fa9956d63e7d6dd06690265da8032e	generated_latent_tensor	regenerable_with_pinned_code_configs_seeds_upstreams_and_GPU_exact_encoded_bytes_not_guaranteed
external_large_artifact	-	/mnt/NAS/data/hl5757/generated_artifacts/lateact/gate2/secondary/0015_v0/right_to_left_new_oracle.mp4	711313	2506c245332aec688b144ae64b1cbe8d5701eef02f5aee872d46f3c2ee4dfc57	generated_video	regenerable_with_pinned_code_configs_seeds_upstreams_and_GPU_exact_encoded_bytes_not_guaranteed
external_large_artifact	-	/mnt/NAS/data/hl5757/generated_artifacts/lateact/gate2/secondary/0015_v0/right_to_left_new_oracle.pt	339313	a6d4b63a61e4b918f54d3ae8aa3c509e54753ec5c8775a9584bdd1753538ac94	generated_latent_tensor	regenerable_with_pinned_code_configs_seeds_upstreams_and_GPU_exact_encoded_bytes_not_guaranteed
external_large_artifact	-	/mnt/NAS/data/hl5757/generated_artifacts/lateact/gate2/secondary/0015_v0/right_to_left_next_new.mp4	1371279	b69f4a43891c2dae2aaf8af8b7cb0028dda1bd85df6e37f26673f6c5036583a3	generated_video	regenerable_with_pinned_code_configs_seeds_upstreams_and_GPU_exact_encoded_bytes_not_guaranteed
external_large_artifact	-	/mnt/NAS/data/hl5757/generated_artifacts/lateact/gate2/secondary/0015_v0/right_to_left_next_new.pt	339303	63a0f1539001392ac129cc7c36a0bba5bd4226884840cee56c2f8628f4588cdb	generated_latent_tensor	regenerable_with_pinned_code_configs_seeds_upstreams_and_GPU_exact_encoded_bytes_not_guaranteed
external_large_artifact	-	/mnt/NAS/data/hl5757/generated_artifacts/lateact/gate2/secondary/0015_v0/right_to_left_next_old.mp4	1423795	cde98b0eb1c869a10090e9a695998de46c3329c80d5a260ca439327906ea9a2b	generated_video	regenerable_with_pinned_code_configs_seeds_upstreams_and_GPU_exact_encoded_bytes_not_guaranteed
external_large_artifact	-	/mnt/NAS/data/hl5757/generated_artifacts/lateact/gate2/secondary/0015_v0/right_to_left_next_old.pt	339303	f08351e78b730447b9400cb2afc7772ccec767a176543d8fb8788a9b96c5ce78	generated_latent_tensor	regenerable_with_pinned_code_configs_seeds_upstreams_and_GPU_exact_encoded_bytes_not_guaranteed
external_large_artifact	-	/mnt/NAS/data/hl5757/generated_artifacts/lateact/gate2/secondary/0015_v0/right_to_left_old.mp4	863088	cae8cdc5fd8a56d1bb93c680014e04daafe6eb468e1975d70123e6ecf961e5bb	generated_video	regenerable_with_pinned_code_configs_seeds_upstreams_and_GPU_exact_encoded_bytes_not_guaranteed
external_large_artifact	-	/mnt/NAS/data/hl5757/generated_artifacts/lateact/gate2/secondary/0015_v0/right_to_left_old.pt	339150	3934d43b4f9938ca79b7cc176de8bcdfc728eed97ce03f49a8c4015fa769c26b	generated_latent_tensor	regenerable_with_pinned_code_configs_seeds_upstreams_and_GPU_exact_encoded_bytes_not_guaranteed
stored_in_git	results/frozen/gate2/secondary/keyboard_qualitative_montage.png	/mnt/NAS/data/hl5757/generated_artifacts/lateact/gate2/secondary/keyboard_qualitative_montage.png	462063	7766e3d7116ee3a4006ce4f86e7d5bff2c5799fabeea1d36d0eb62f44e468836	qualitative_scientific_montage	authoritative_archived_copy
stored_in_git	results/frozen/gate2/secondary/keyboard_shard_0.json	/mnt/NAS/data/hl5757/generated_artifacts/lateact/gate2/secondary/keyboard_shard_0.json	153759	725ab0171dedc3e00c6bd23d7c06a59efc2cb60d5ffc30081d5121e5b6848c15	frozen_numerical_or_provenance_record	authoritative_archived_copy
stored_in_git	results/frozen/gate2/secondary/keyboard_shard_1.json	/mnt/NAS/data/hl5757/generated_artifacts/lateact/gate2/secondary/keyboard_shard_1.json	153668	1a4f4e362e662a70c03509e70c9e3db498e6ea29a28e70e17aae15db735f394d	frozen_numerical_or_provenance_record	authoritative_archived_copy
stored_in_git	results/frozen/gate2/secondary/keyboard_summary.json	/mnt/NAS/data/hl5757/generated_artifacts/lateact/gate2/secondary/keyboard_summary.json	234267	69f5d686bf8ead6ace7a1e6acc16a90e2dc541e9140382008f234ac7128be2b8	frozen_numerical_or_provenance_record	authoritative_archived_copy
external_large_artifact	-	/mnt/NAS/data/hl5757/generated_artifacts/lateact/phase3/calibration/0016_c00/lr_s1.mp4	1244175	1b450e57f4688de230b9b74a27472ea4bac2dd33c17029c0cfeeae70fc5a8eb8	generated_video	regenerable_with_pinned_code_configs_seeds_upstreams_and_GPU_exact_encoded_bytes_not_guaranteed
external_large_artifact	-	/mnt/NAS/data/hl5757/generated_artifacts/lateact/phase3/calibration/0016_c00/lr_s1.pt	339026	b0732b1644e24b285fb57ed8e626b24345d2ce15079f7b781e2fb00a46a60dea	generated_latent_tensor	regenerable_with_pinned_code_configs_seeds_upstreams_and_GPU_exact_encoded_bytes_not_guaranteed
external_large_artifact	-	/mnt/NAS/data/hl5757/generated_artifacts/lateact/phase3/calibration/0016_c00/lr_s2.mp4	1243310	4248255169fdfbf35ecbd3728c4f707f55d3090cd53a61b1b6124ce169ca5c41	generated_video	regenerable_with_pinned_code_configs_seeds_upstreams_and_GPU_exact_encoded_bytes_not_guaranteed
external_large_artifact	-	/mnt/NAS/data/hl5757/generated_artifacts/lateact/phase3/calibration/0016_c00/lr_s2.pt	339026	227276c8fa78810153f7b94e4d2ce45105574a0991ee143e2dd28a2b7a9ec4ee	generated_latent_tensor	regenerable_with_pinned_code_configs_seeds_upstreams_and_GPU_exact_encoded_bytes_not_guaranteed
external_large_artifact	-	/mnt/NAS/data/hl5757/generated_artifacts/lateact/phase3/calibration/0016_c00/oracle_keyboard_left.mp4	1223469	31316d074d54abe4f611c4644c0d0bdf412787fb459e8b5be702db43b1135115	generated_video	regenerable_with_pinned_code_configs_seeds_upstreams_and_GPU_exact_encoded_bytes_not_guaranteed
external_large_artifact	-	/mnt/NAS/data/hl5757/generated_artifacts/lateact/phase3/calibration/0016_c00/oracle_keyboard_left.pt	339229	1f4a684fecee275584d6588840adcb5f245608c46933485c193c4d4dee95db1d	generated_latent_tensor	regenerable_with_pinned_code_configs_seeds_upstreams_and_GPU_exact_encoded_bytes_not_guaranteed
external_large_artifact	-	/mnt/NAS/data/hl5757/generated_artifacts/lateact/phase3/calibration/0016_c00/oracle_keyboard_right.mp4	1242574	66683e4c881236ae7d6eddfa72f2e034cf0357baec6e05e6ae6e59500a4892ce	generated_video	regenerable_with_pinned_code_configs_seeds_upstreams_and_GPU_exact_encoded_bytes_not_guaranteed
external_large_artifact	-	/mnt/NAS/data/hl5757/generated_artifacts/lateact/phase3/calibration/0016_c00/oracle_keyboard_right.pt	339234	00b9fb90af95f841a606f70dd5a24777097795982371a04ffe674b4b92ccf881	generated_latent_tensor	regenerable_with_pinned_code_configs_seeds_upstreams_and_GPU_exact_encoded_bytes_not_guaranteed
external_large_artifact	-	/mnt/NAS/data/hl5757/generated_artifacts/lateact/phase3/calibration/0016_c00/prefix.pt	339031	040656511b6eab6f8d8af261ede312c41f74ac22a603d8e33197ccfd33680daf	generated_latent_tensor	regenerable_with_pinned_code_configs_seeds_upstreams_and_GPU_exact_encoded_bytes_not_guaranteed
external_large_artifact	-	/mnt/NAS/data/hl5757/generated_artifacts/lateact/phase3/calibration/0016_c00/rl_s1.mp4	1224909	5a65e1d50303cc13a508131bb2496b25a021d89e62324d0e0ba8485e44b1fa7e	generated_video	regenerable_with_pinned_code_configs_seeds_upstreams_and_GPU_exact_encoded_bytes_not_guaranteed
external_large_artifact	-	/mnt/NAS/data/hl5757/generated_artifacts/lateact/phase3/calibration/0016_c00/rl_s1.pt	339026	afaa54229625d5578c9303c512308fcf2c6ae685dd67720631a65c0f528bf089	generated_latent_tensor	regenerable_with_pinned_code_configs_seeds_upstreams_and_GPU_exact_encoded_bytes_not_guaranteed
external_large_artifact	-	/mnt/NAS/data/hl5757/generated_artifacts/lateact/phase3/calibration/0016_c00/rl_s2.mp4	1244992	21ac6e4b0813a3af61040cf476776a5c4e2cea8e280aa0663295edf0c416a98e	generated_video	regenerable_with_pinned_code_configs_seeds_upstreams_and_GPU_exact_encoded_bytes_not_guaranteed
external_large_artifact	-	/mnt/NAS/data/hl5757/generated_artifacts/lateact/phase3/calibration/0016_c00/rl_s2.pt	339026	1634a6802b2419134ab3b835b15274a07b7dd801e417b61f66befce6b4d881b0	generated_latent_tensor	regenerable_with_pinned_code_configs_seeds_upstreams_and_GPU_exact_encoded_bytes_not_guaranteed
external_large_artifact	-	/mnt/NAS/data/hl5757/generated_artifacts/lateact/phase3/calibration/0016_c01/lr_s1.mp4	1244761	ed4ab105db7bce0242244439df14464f9d4baa454ead11edc1943dff04c9f41a	generated_video	regenerable_with_pinned_code_configs_seeds_upstreams_and_GPU_exact_encoded_bytes_not_guaranteed
external_large_artifact	-	/mnt/NAS/data/hl5757/generated_artifacts/lateact/phase3/calibration/0016_c01/lr_s1.pt	339026	53160f85e6a404c46682f082687dcd761636e1ae290a2dbb12bf4b2f7943ae67	generated_latent_tensor	regenerable_with_pinned_code_configs_seeds_upstreams_and_GPU_exact_encoded_bytes_not_guaranteed
external_large_artifact	-	/mnt/NAS/data/hl5757/generated_artifacts/lateact/phase3/calibration/0016_c01/lr_s2.mp4	1231931	dd27151f75c00b982147ac0c421f1a9682101d41e6f19f69bf71952ba17a1ab8	generated_video	regenerable_with_pinned_code_configs_seeds_upstreams_and_GPU_exact_encoded_bytes_not_guaranteed
external_large_artifact	-	/mnt/NAS/data/hl5757/generated_artifacts/lateact/phase3/calibration/0016_c01/lr_s2.pt	339026	559813b78d654623489de313750119c138cf7f8bfd90590ac8d0432b7e955592	generated_latent_tensor	regenerable_with_pinned_code_configs_seeds_upstreams_and_GPU_exact_encoded_bytes_not_guaranteed
external_large_artifact	-	/mnt/NAS/data/hl5757/generated_artifacts/lateact/phase3/calibration/0016_c01/oracle_keyboard_left.mp4	1221778	46cc9683c5eaed8f304ed47d7eac027645ba77c91d6cd943472d99e2e29ea577	generated_video	regenerable_with_pinned_code_configs_seeds_upstreams_and_GPU_exact_encoded_bytes_not_guaranteed
external_large_artifact	-	/mnt/NAS/data/hl5757/generated_artifacts/lateact/phase3/calibration/0016_c01/oracle_keyboard_left.pt	339229	5d57f776f14dac93b544a1f8a15c8c4bdd33664b584f7150aae120e78baa21a1	generated_latent_tensor	regenerable_with_pinned_code_configs_seeds_upstreams_and_GPU_exact_encoded_bytes_not_guaranteed
external_large_artifact	-	/mnt/NAS/data/hl5757/generated_artifacts/lateact/phase3/calibration/0016_c01/oracle_keyboard_right.mp4	1244288	747ecc091c13a079898fb243c11e2e4f2a5e1ee43755899c13a8ef1caa1bb6a2	generated_video	regenerable_with_pinned_code_configs_seeds_upstreams_and_GPU_exact_encoded_bytes_not_guaranteed
external_large_artifact	-	/mnt/NAS/data/hl5757/generated_artifacts/lateact/phase3/calibration/0016_c01/oracle_keyboard_right.pt	339234	78611e8dadba90e240bdfd4f07a30c77c94e74d2ff6d190372e2723cefda3f66	generated_latent_tensor	regenerable_with_pinned_code_configs_seeds_upstreams_and_GPU_exact_encoded_bytes_not_guaranteed
external_large_artifact	-	/mnt/NAS/data/hl5757/generated_artifacts/lateact/phase3/calibration/0016_c01/prefix.pt	339031	5732523876c96b34670c77ff6ab8548d3ce55eeaf1631fc96ac9e79d653af24a	generated_latent_tensor	regenerable_with_pinned_code_configs_seeds_upstreams_and_GPU_exact_encoded_bytes_not_guaranteed
external_large_artifact	-	/mnt/NAS/data/hl5757/generated_artifacts/lateact/phase3/calibration/0016_c01/rl_s1.mp4	1221558	7d3b6624e6836e863bc7f2fdfd6ec8debe45d1cacc7dfe1051dcb0678597f044	generated_video	regenerable_with_pinned_code_configs_seeds_upstreams_and_GPU_exact_encoded_bytes_not_guaranteed
external_large_artifact	-	/mnt/NAS/data/hl5757/generated_artifacts/lateact/phase3/calibration/0016_c01/rl_s1.pt	339026	5f5a771713355510cd7b49787c83404e9210492c5bf4746ba5c4f9a6fcaf148a	generated_latent_tensor	regenerable_with_pinned_code_configs_seeds_upstreams_and_GPU_exact_encoded_bytes_not_guaranteed
external_large_artifact	-	/mnt/NAS/data/hl5757/generated_artifacts/lateact/phase3/calibration/0016_c01/rl_s2.mp4	1235429	73442f5627208c9d77472c1ec72846b095e8f137f0ccef8f2fcefac23c3ce002	generated_video	regenerable_with_pinned_code_configs_seeds_upstreams_and_GPU_exact_encoded_bytes_not_guaranteed
external_large_artifact	-	/mnt/NAS/data/hl5757/generated_artifacts/lateact/phase3/calibration/0016_c01/rl_s2.pt	339026	3fda4f08c11d3084e2ed28331ae6fb921c6e6bee97f592080d4d908cd2d09ad5	generated_latent_tensor	regenerable_with_pinned_code_configs_seeds_upstreams_and_GPU_exact_encoded_bytes_not_guaranteed
external_large_artifact	-	/mnt/NAS/data/hl5757/generated_artifacts/lateact/phase3/calibration/0016_c02/lr_s1.mp4	1255229	da0879f4f54af1e838102ebe3bed74e06e208330ef4f9bb3a29c93a13c84c3d3	generated_video	regenerable_with_pinned_code_configs_seeds_upstreams_and_GPU_exact_encoded_bytes_not_guaranteed
external_large_artifact	-	/mnt/NAS/data/hl5757/generated_artifacts/lateact/phase3/calibration/0016_c02/lr_s1.pt	339026	2ae0964e6b01824f51ef75866a84cb13dffac37024f79d0be9baa8bc5e24b8af	generated_latent_tensor	regenerable_with_pinned_code_configs_seeds_upstreams_and_GPU_exact_encoded_bytes_not_guaranteed
external_large_artifact	-	/mnt/NAS/data/hl5757/generated_artifacts/lateact/phase3/calibration/0016_c02/lr_s2.mp4	1277848	af8307c468c0c73c4c29fa0334b53ebcfa6baae5782b5b30a4138405d980ffc1	generated_video	regenerable_with_pinned_code_configs_seeds_upstreams_and_GPU_exact_encoded_bytes_not_guaranteed
external_large_artifact	-	/mnt/NAS/data/hl5757/generated_artifacts/lateact/phase3/calibration/0016_c02/lr_s2.pt	339026	4634153c543f01cdf8d4d2798cec60b8fdec2f754b6dd4fa991ba1460e7a6db5	generated_latent_tensor	regenerable_with_pinned_code_configs_seeds_upstreams_and_GPU_exact_encoded_bytes_not_guaranteed
external_large_artifact	-	/mnt/NAS/data/hl5757/generated_artifacts/lateact/phase3/calibration/0016_c02/oracle_keyboard_left.mp4	1236507	8623bfbc56f3a5655209b42956a4d8e6b348b1d806b4add237954b9bbd8966d0	generated_video	regenerable_with_pinned_code_configs_seeds_upstreams_and_GPU_exact_encoded_bytes_not_guaranteed
external_large_artifact	-	/mnt/NAS/data/hl5757/generated_artifacts/lateact/phase3/calibration/0016_c02/oracle_keyboard_left.pt	339229	4c7f0b50907e26713221dc336a9bf24267f8ad5421355423f32ede2550cac560	generated_latent_tensor	regenerable_with_pinned_code_configs_seeds_upstreams_and_GPU_exact_encoded_bytes_not_guaranteed
external_large_artifact	-	/mnt/NAS/data/hl5757/generated_artifacts/lateact/phase3/calibration/0016_c02/oracle_keyboard_right.mp4	1252319	5c3aa30bbbdb21eb19f31d40619e973eb762852d6aa32faa86886e7f2fc596d7	generated_video	regenerable_with_pinned_code_configs_seeds_upstreams_and_GPU_exact_encoded_bytes_not_guaranteed
external_large_artifact	-	/mnt/NAS/data/hl5757/generated_artifacts/lateact/phase3/calibration/0016_c02/oracle_keyboard_right.pt	339234	e7af26ec60f5718b1fbbf61908a94b5ba82f8d526d5f533e385f774a09fa3f86	generated_latent_tensor	regenerable_with_pinned_code_configs_seeds_upstreams_and_GPU_exact_encoded_bytes_not_guaranteed
external_large_artifact	-	/mnt/NAS/data/hl5757/generated_artifacts/lateact/phase3/calibration/0016_c02/prefix.pt	339031	4f18e5412b684c8b5ebec5bd8193d805d1c66572b5c20fcdcc52c409ec439bf5	generated_latent_tensor	regenerable_with_pinned_code_configs_seeds_upstreams_and_GPU_exact_encoded_bytes_not_guaranteed
external_large_artifact	-	/mnt/NAS/data/hl5757/generated_artifacts/lateact/phase3/calibration/0016_c02/rl_s1.mp4	1234438	90e17607b08519e51dc664cfb378a4ca8cc7830de7ac2e8c957e9fbadc77cc8d	generated_video	regenerable_with_pinned_code_configs_seeds_upstreams_and_GPU_exact_encoded_bytes_not_guaranteed
external_large_artifact	-	/mnt/NAS/data/hl5757/generated_artifacts/lateact/phase3/calibration/0016_c02/rl_s1.pt	339026	6b1d0bbd85dfe07a51512c1066a2900079d7e2871ab3344cbb1ce6dc74881cdb	generated_latent_tensor	regenerable_with_pinned_code_configs_seeds_upstreams_and_GPU_exact_encoded_bytes_not_guaranteed
external_large_artifact	-	/mnt/NAS/data/hl5757/generated_artifacts/lateact/phase3/calibration/0016_c02/rl_s2.mp4	1241141	0cba35031b84710816e4bd5a845ea83fa9bbb6b787b4acff2d813648bf288296	generated_video	regenerable_with_pinned_code_configs_seeds_upstreams_and_GPU_exact_encoded_bytes_not_guaranteed
external_large_artifact	-	/mnt/NAS/data/hl5757/generated_artifacts/lateact/phase3/calibration/0016_c02/rl_s2.pt	339026	9a7ed3762a1c74b4442fe0b11cde3dffdd24f6bb2334a9e1608f45ba0db86482	generated_latent_tensor	regenerable_with_pinned_code_configs_seeds_upstreams_and_GPU_exact_encoded_bytes_not_guaranteed
external_large_artifact	-	/mnt/NAS/data/hl5757/generated_artifacts/lateact/phase3/calibration/0016_c03/lr_s1.mp4	1242951	d01584b9c9fff3be3c4925422c7ca07472b34cc1d555e718c10698a386a04c8c	generated_video	regenerable_with_pinned_code_configs_seeds_upstreams_and_GPU_exact_encoded_bytes_not_guaranteed
external_large_artifact	-	/mnt/NAS/data/hl5757/generated_artifacts/lateact/phase3/calibration/0016_c03/lr_s1.pt	339026	1a98f596fef97231492ed10fa201250fffb9f44c75ea56805cf469843170d5db	generated_latent_tensor	regenerable_with_pinned_code_configs_seeds_upstreams_and_GPU_exact_encoded_bytes_not_guaranteed
external_large_artifact	-	/mnt/NAS/data/hl5757/generated_artifacts/lateact/phase3/calibration/0016_c03/lr_s2.mp4	1242781	6fa4e8b6effc02a4fc4b62e4ba9c74b6c711766ccbff98eb1c871319f2d25a4b	generated_video	regenerable_with_pinned_code_configs_seeds_upstreams_and_GPU_exact_encoded_bytes_not_guaranteed
external_large_artifact	-	/mnt/NAS/data/hl5757/generated_artifacts/lateact/phase3/calibration/0016_c03/lr_s2.pt	339026	8d64e54b110763e62c19dfe226d067c67403934e6f26464330de503624e0b737	generated_latent_tensor	regenerable_with_pinned_code_configs_seeds_upstreams_and_GPU_exact_encoded_bytes_not_guaranteed
external_large_artifact	-	/mnt/NAS/data/hl5757/generated_artifacts/lateact/phase3/calibration/0016_c03/oracle_keyboard_left.mp4	1222436	610b480535c06016854e65115ccbb5963d6f60ab2b7595e393361c38ebb1c788	generated_video	regenerable_with_pinned_code_configs_seeds_upstreams_and_GPU_exact_encoded_bytes_not_guaranteed
external_large_artifact	-	/mnt/NAS/data/hl5757/generated_artifacts/lateact/phase3/calibration/0016_c03/oracle_keyboard_left.pt	339229	eec0a7ecd21ac8e7c4b2ceb4c47107d77150c21b9fb97ff334ae7127fbe59969	generated_latent_tensor	regenerable_with_pinned_code_configs_seeds_upstreams_and_GPU_exact_encoded_bytes_not_guaranteed
external_large_artifact	-	/mnt/NAS/data/hl5757/generated_artifacts/lateact/phase3/calibration/0016_c03/oracle_keyboard_right.mp4	1240980	7105f280f7a0326ba028e872db14f3a35892d0be3aaaa0e0ea0ebd512c3ae097	generated_video	regenerable_with_pinned_code_configs_seeds_upstreams_and_GPU_exact_encoded_bytes_not_guaranteed
external_large_artifact	-	/mnt/NAS/data/hl5757/generated_artifacts/lateact/phase3/calibration/0016_c03/oracle_keyboard_right.pt	339234	a2afb06d4ec0dbfb659f271e0de9138e019314a5bdaef5856d3bf9786f674d53	generated_latent_tensor	regenerable_with_pinned_code_configs_seeds_upstreams_and_GPU_exact_encoded_bytes_not_guaranteed
external_large_artifact	-	/mnt/NAS/data/hl5757/generated_artifacts/lateact/phase3/calibration/0016_c03/prefix.pt	339031	bed1a0b8c64abd516a7ff7235fa3ca453c087f216e55a5af480e6c8bb596906b	generated_latent_tensor	regenerable_with_pinned_code_configs_seeds_upstreams_and_GPU_exact_encoded_bytes_not_guaranteed
external_large_artifact	-	/mnt/NAS/data/hl5757/generated_artifacts/lateact/phase3/calibration/0016_c03/rl_s1.mp4	1224269	ec5b525bde380cea2678c2b17f102aefa361bc9d1cb1cc244fe1add568ac9a74	generated_video	regenerable_with_pinned_code_configs_seeds_upstreams_and_GPU_exact_encoded_bytes_not_guaranteed
external_large_artifact	-	/mnt/NAS/data/hl5757/generated_artifacts/lateact/phase3/calibration/0016_c03/rl_s1.pt	339026	61498cb1ec33c2d1b77eaf22d573fa90150b380ecb998aa08754bc71d6172a7d	generated_latent_tensor	regenerable_with_pinned_code_configs_seeds_upstreams_and_GPU_exact_encoded_bytes_not_guaranteed
external_large_artifact	-	/mnt/NAS/data/hl5757/generated_artifacts/lateact/phase3/calibration/0016_c03/rl_s2.mp4	1235798	70a25f4623589447850ee0bc8698b1feb936a4d7049810ccf8485b9f1a415150	generated_video	regenerable_with_pinned_code_configs_seeds_upstreams_and_GPU_exact_encoded_bytes_not_guaranteed
external_large_artifact	-	/mnt/NAS/data/hl5757/generated_artifacts/lateact/phase3/calibration/0016_c03/rl_s2.pt	339026	bdab5ac2cae78aea14ec58aa419e10b3f50495f55a79906b417d8ac788f461f5	generated_latent_tensor	regenerable_with_pinned_code_configs_seeds_upstreams_and_GPU_exact_encoded_bytes_not_guaranteed
external_large_artifact	-	/mnt/NAS/data/hl5757/generated_artifacts/lateact/phase3/calibration/0016_c04/lr_s1.mp4	1274720	ccc3355917c55f4caa0aef3ea8130905138aebc88687642ac4e13de5b4c70d44	generated_video	regenerable_with_pinned_code_configs_seeds_upstreams_and_GPU_exact_encoded_bytes_not_guaranteed
external_large_artifact	-	/mnt/NAS/data/hl5757/generated_artifacts/lateact/phase3/calibration/0016_c04/lr_s1.pt	339026	76e48138d0960413da9d0fb2f1b2e81ada02d575378146f861a8318c0c910577	generated_latent_tensor	regenerable_with_pinned_code_configs_seeds_upstreams_and_GPU_exact_encoded_bytes_not_guaranteed
external_large_artifact	-	/mnt/NAS/data/hl5757/generated_artifacts/lateact/phase3/calibration/0016_c04/lr_s2.mp4	1269227	371a1c10e04795ca4e9d8c4026dc0149c5d7fe77d9c1b6132812d00bd709a5ea	generated_video	regenerable_with_pinned_code_configs_seeds_upstreams_and_GPU_exact_encoded_bytes_not_guaranteed
external_large_artifact	-	/mnt/NAS/data/hl5757/generated_artifacts/lateact/phase3/calibration/0016_c04/lr_s2.pt	339026	64d78d44558df17d58457c402bb433020ec5e02e64b2c8b6b753f9709f30f5ab	generated_latent_tensor	regenerable_with_pinned_code_configs_seeds_upstreams_and_GPU_exact_encoded_bytes_not_guaranteed
external_large_artifact	-	/mnt/NAS/data/hl5757/generated_artifacts/lateact/phase3/calibration/0016_c04/oracle_keyboard_left.mp4	1251821	4d58c59d9da98ceb6cd6117beb4dafdf35d958aadc8d15c4886389b3e2a694b6	generated_video	regenerable_with_pinned_code_configs_seeds_upstreams_and_GPU_exact_encoded_bytes_not_guaranteed
external_large_artifact	-	/mnt/NAS/data/hl5757/generated_artifacts/lateact/phase3/calibration/0016_c04/oracle_keyboard_left.pt	339229	b328e19c18b7d8ea2aacddc6f6d5f51fd1b2629eebcbc2796441fe8e9b82ddd7	generated_latent_tensor	regenerable_with_pinned_code_configs_seeds_upstreams_and_GPU_exact_encoded_bytes_not_guaranteed
external_large_artifact	-	/mnt/NAS/data/hl5757/generated_artifacts/lateact/phase3/calibration/0016_c04/oracle_keyboard_right.mp4	1265395	3b4c338abde4f7b341cc6abeb27cf6536b123cd7a34696eb0f6a4bfde75c9a77	generated_video	regenerable_with_pinned_code_configs_seeds_upstreams_and_GPU_exact_encoded_bytes_not_guaranteed
external_large_artifact	-	/mnt/NAS/data/hl5757/generated_artifacts/lateact/phase3/calibration/0016_c04/oracle_keyboard_right.pt	339234	2420b1d466250a2d1ff804ab671a78a4c0fc66b21cabd35d420496d82aab111f	generated_latent_tensor	regenerable_with_pinned_code_configs_seeds_upstreams_and_GPU_exact_encoded_bytes_not_guaranteed
external_large_artifact	-	/mnt/NAS/data/hl5757/generated_artifacts/lateact/phase3/calibration/0016_c04/prefix.pt	339031	c1feef97bc6f176122325c96cab528d67e94ff19ae9e27a2592a6048ea20a576	generated_latent_tensor	regenerable_with_pinned_code_configs_seeds_upstreams_and_GPU_exact_encoded_bytes_not_guaranteed
external_large_artifact	-	/mnt/NAS/data/hl5757/generated_artifacts/lateact/phase3/calibration/0016_c04/rl_s1.mp4	1261117	997c31813322bd32efbbfa43bd092d6c9f09365d266ec1cb523046201e822385	generated_video	regenerable_with_pinned_code_configs_seeds_upstreams_and_GPU_exact_encoded_bytes_not_guaranteed
external_large_artifact	-	/mnt/NAS/data/hl5757/generated_artifacts/lateact/phase3/calibration/0016_c04/rl_s1.pt	339026	4e83f0219aeb17df042d90b6b669c963a286303ef9fb490e66f1231343c3d45b	generated_latent_tensor	regenerable_with_pinned_code_configs_seeds_upstreams_and_GPU_exact_encoded_bytes_not_guaranteed
external_large_artifact	-	/mnt/NAS/data/hl5757/generated_artifacts/lateact/phase3/calibration/0016_c04/rl_s2.mp4	1259701	bef38b9d1893bfb951a1846bf06b3f6a4ac5313122295ac5a8cc243adcaf22a1	generated_video	regenerable_with_pinned_code_configs_seeds_upstreams_and_GPU_exact_encoded_bytes_not_guaranteed
external_large_artifact	-	/mnt/NAS/data/hl5757/generated_artifacts/lateact/phase3/calibration/0016_c04/rl_s2.pt	339026	9094d0a6bb86817aa9ec03d3275d3281645fe2595465b896f3438442b23f3872	generated_latent_tensor	regenerable_with_pinned_code_configs_seeds_upstreams_and_GPU_exact_encoded_bytes_not_guaranteed
external_large_artifact	-	/mnt/NAS/data/hl5757/generated_artifacts/lateact/phase3/calibration/0016_c05/lr_s1.mp4	1255647	11611d649875669a5f033b030c6cde611d81b0cf68796a8ee3ecb03d6f62bf02	generated_video	regenerable_with_pinned_code_configs_seeds_upstreams_and_GPU_exact_encoded_bytes_not_guaranteed
external_large_artifact	-	/mnt/NAS/data/hl5757/generated_artifacts/lateact/phase3/calibration/0016_c05/lr_s1.pt	339026	18b3f403f0db865046d87e3cb096c81f4848530f1b20b9840f71432fd5c529b2	generated_latent_tensor	regenerable_with_pinned_code_configs_seeds_upstreams_and_GPU_exact_encoded_bytes_not_guaranteed
external_large_artifact	-	/mnt/NAS/data/hl5757/generated_artifacts/lateact/phase3/calibration/0016_c05/lr_s2.mp4	1238865	755b3aef3001a80d790d1155bb4c286479c58797683f3a4675ef7cb5c520efa8	generated_video	regenerable_with_pinned_code_configs_seeds_upstreams_and_GPU_exact_encoded_bytes_not_guaranteed
external_large_artifact	-	/mnt/NAS/data/hl5757/generated_artifacts/lateact/phase3/calibration/0016_c05/lr_s2.pt	339026	cc90810ad8940be9e1329084a108bdd49f2df6a76089c6b20ad99376f6f5dff2	generated_latent_tensor	regenerable_with_pinned_code_configs_seeds_upstreams_and_GPU_exact_encoded_bytes_not_guaranteed
external_large_artifact	-	/mnt/NAS/data/hl5757/generated_artifacts/lateact/phase3/calibration/0016_c05/oracle_keyboard_left.mp4	1226335	d5830feeefdd11eae861a8bc0c92c41c7ebd33a1e8c8b77ec316154020663028	generated_video	regenerable_with_pinned_code_configs_seeds_upstreams_and_GPU_exact_encoded_bytes_not_guaranteed
external_large_artifact	-	/mnt/NAS/data/hl5757/generated_artifacts/lateact/phase3/calibration/0016_c05/oracle_keyboard_left.pt	339229	1031fae61a3e8734ec8e44921da47c7d50816c38f1327073e4c9ddafe4a3ced0	generated_latent_tensor	regenerable_with_pinned_code_configs_seeds_upstreams_and_GPU_exact_encoded_bytes_not_guaranteed
external_large_artifact	-	/mnt/NAS/data/hl5757/generated_artifacts/lateact/phase3/calibration/0016_c05/oracle_keyboard_right.mp4	1245027	ecf69f3962c78fcc34a5ba6c362d507df00ae2fd8534c502c79879524350c6a7	generated_video	regenerable_with_pinned_code_configs_seeds_upstreams_and_GPU_exact_encoded_bytes_not_guaranteed
external_large_artifact	-	/mnt/NAS/data/hl5757/generated_artifacts/lateact/phase3/calibration/0016_c05/oracle_keyboard_right.pt	339234	556aff10e770fe88310b1b2dae9cd22125bcfdeecd7511f86b4bb3fc5812be19	generated_latent_tensor	regenerable_with_pinned_code_configs_seeds_upstreams_and_GPU_exact_encoded_bytes_not_guaranteed
external_large_artifact	-	/mnt/NAS/data/hl5757/generated_artifacts/lateact/phase3/calibration/0016_c05/prefix.pt	339031	a595358ddecf9941b5d958a67e67d002a32c4780357238fd95a808c3dfff8d92	generated_latent_tensor	regenerable_with_pinned_code_configs_seeds_upstreams_and_GPU_exact_encoded_bytes_not_guaranteed
external_large_artifact	-	/mnt/NAS/data/hl5757/generated_artifacts/lateact/phase3/calibration/0016_c05/rl_s1.mp4	1228082	45735f11720e8b52da70fbdc158272bd5b2a708dd2c6f8a68c6079bf81c542ae	generated_video	regenerable_with_pinned_code_configs_seeds_upstreams_and_GPU_exact_encoded_bytes_not_guaranteed
external_large_artifact	-	/mnt/NAS/data/hl5757/generated_artifacts/lateact/phase3/calibration/0016_c05/rl_s1.pt	339026	a2b115875e5e7c8f9ba1f0ada8b573572e8376f2d07715392a473a361eecad7b	generated_latent_tensor	regenerable_with_pinned_code_configs_seeds_upstreams_and_GPU_exact_encoded_bytes_not_guaranteed
external_large_artifact	-	/mnt/NAS/data/hl5757/generated_artifacts/lateact/phase3/calibration/0016_c05/rl_s2.mp4	1241768	7035db7f3f8c90755c3348279637233020595189d7f910eebe99b9d88162cd25	generated_video	regenerable_with_pinned_code_configs_seeds_upstreams_and_GPU_exact_encoded_bytes_not_guaranteed
external_large_artifact	-	/mnt/NAS/data/hl5757/generated_artifacts/lateact/phase3/calibration/0016_c05/rl_s2.pt	339026	979762a0cdfa764e00d4594451b13bb1bbc517753bfdef93c1e2360f9f2cc39d	generated_latent_tensor	regenerable_with_pinned_code_configs_seeds_upstreams_and_GPU_exact_encoded_bytes_not_guaranteed
external_large_artifact	-	/mnt/NAS/data/hl5757/generated_artifacts/lateact/phase3/calibration/0016_c06/lr_s1.mp4	1255054	92472084019cb7d3d69b1ec7c28fb468206bb1b7b609605e1d3f176928d6e8a0	generated_video	regenerable_with_pinned_code_configs_seeds_upstreams_and_GPU_exact_encoded_bytes_not_guaranteed
external_large_artifact	-	/mnt/NAS/data/hl5757/generated_artifacts/lateact/phase3/calibration/0016_c06/lr_s1.pt	339026	6cc8ead3bee6d2feaaf4d960c8af16a3999a1962599020f1582385b59b7091de	generated_latent_tensor	regenerable_with_pinned_code_configs_seeds_upstreams_and_GPU_exact_encoded_bytes_not_guaranteed
external_large_artifact	-	/mnt/NAS/data/hl5757/generated_artifacts/lateact/phase3/calibration/0016_c06/lr_s2.mp4	1243642	a5c900271d5837ead74624e2f5750f44fc436c0abd1b52e436ffa5f2a8912d8a	generated_video	regenerable_with_pinned_code_configs_seeds_upstreams_and_GPU_exact_encoded_bytes_not_guaranteed
external_large_artifact	-	/mnt/NAS/data/hl5757/generated_artifacts/lateact/phase3/calibration/0016_c06/lr_s2.pt	339026	afb410228ec1ffb624db57309fb000af3a2d46b6bc78fd73d286479793ea7f7c	generated_latent_tensor	regenerable_with_pinned_code_configs_seeds_upstreams_and_GPU_exact_encoded_bytes_not_guaranteed
external_large_artifact	-	/mnt/NAS/data/hl5757/generated_artifacts/lateact/phase3/calibration/0016_c06/oracle_keyboard_left.mp4	1229828	62229065b167f332438e644c29901572691ffe9f6e6630cda2a4b40fef92ffed	generated_video	regenerable_with_pinned_code_configs_seeds_upstreams_and_GPU_exact_encoded_bytes_not_guaranteed
external_large_artifact	-	/mnt/NAS/data/hl5757/generated_artifacts/lateact/phase3/calibration/0016_c06/oracle_keyboard_left.pt	339229	b333bb567a454eefcea594067221a423ba92682d38daecc9e4e99d6c5e16b0e1	generated_latent_tensor	regenerable_with_pinned_code_configs_seeds_upstreams_and_GPU_exact_encoded_bytes_not_guaranteed
external_large_artifact	-	/mnt/NAS/data/hl5757/generated_artifacts/lateact/phase3/calibration/0016_c06/oracle_keyboard_right.mp4	1248023	0858fa1f86977596be04ebf119c74d731f5be7db4a0b8a247384c31b5b940f02	generated_video	regenerable_with_pinned_code_configs_seeds_upstreams_and_GPU_exact_encoded_bytes_not_guaranteed
external_large_artifact	-	/mnt/NAS/data/hl5757/generated_artifacts/lateact/phase3/calibration/0016_c06/oracle_keyboard_right.pt	339234	e8d82fe636ebad43aa0c0c35887be40c4e1486d7fc10f90a4e32d1ee44c03e7b	generated_latent_tensor	regenerable_with_pinned_code_configs_seeds_upstreams_and_GPU_exact_encoded_bytes_not_guaranteed
external_large_artifact	-	/mnt/NAS/data/hl5757/generated_artifacts/lateact/phase3/calibration/0016_c06/prefix.pt	339031	e0c2ac18f4d2a2ca3d7c777650e0de5c7ab7d78f4e1772093d71e5d6a9a58cd3	generated_latent_tensor	regenerable_with_pinned_code_configs_seeds_upstreams_and_GPU_exact_encoded_bytes_not_guaranteed
external_large_artifact	-	/mnt/NAS/data/hl5757/generated_artifacts/lateact/phase3/calibration/0016_c06/rl_s1.mp4	1233643	e0761caa05505a57932ff797076483a69536af1d631151b3807f12ef4f3bf457	generated_video	regenerable_with_pinned_code_configs_seeds_upstreams_and_GPU_exact_encoded_bytes_not_guaranteed
external_large_artifact	-	/mnt/NAS/data/hl5757/generated_artifacts/lateact/phase3/calibration/0016_c06/rl_s1.pt	339026	8ac2320440bc591201f27e0b4955ed7a23a8c911b6eb56771ce4f18b8c791ffe	generated_latent_tensor	regenerable_with_pinned_code_configs_seeds_upstreams_and_GPU_exact_encoded_bytes_not_guaranteed
external_large_artifact	-	/mnt/NAS/data/hl5757/generated_artifacts/lateact/phase3/calibration/0016_c06/rl_s2.mp4	1242689	401aab76c435b147e6e116d9d6f4f43a94907fe1d0d8732cb74566238e05f2ad	generated_video	regenerable_with_pinned_code_configs_seeds_upstreams_and_GPU_exact_encoded_bytes_not_guaranteed
external_large_artifact	-	/mnt/NAS/data/hl5757/generated_artifacts/lateact/phase3/calibration/0016_c06/rl_s2.pt	339026	5a191f0badf7d67f6ab7fbc34b1d0929828132b3c87da00bf19ee1f16edd602e	generated_latent_tensor	regenerable_with_pinned_code_configs_seeds_upstreams_and_GPU_exact_encoded_bytes_not_guaranteed
external_large_artifact	-	/mnt/NAS/data/hl5757/generated_artifacts/lateact/phase3/calibration/0016_c07/lr_s1.mp4	1249919	f0b0c7a158ab61027a9344bf847292096a7af4966b481f157cb5dc264aeb5601	generated_video	regenerable_with_pinned_code_configs_seeds_upstreams_and_GPU_exact_encoded_bytes_not_guaranteed
external_large_artifact	-	/mnt/NAS/data/hl5757/generated_artifacts/lateact/phase3/calibration/0016_c07/lr_s1.pt	339026	d76d321ca92d5f912f0999e7877f88cf23cfe549169c258681b4146bc45d1bd8	generated_latent_tensor	regenerable_with_pinned_code_configs_seeds_upstreams_and_GPU_exact_encoded_bytes_not_guaranteed
external_large_artifact	-	/mnt/NAS/data/hl5757/generated_artifacts/lateact/phase3/calibration/0016_c07/lr_s2.mp4	1228842	58f2c7c904e910d9513ea9df860ae324e0ad7a70cde3ea03f0f3bf981c642881	generated_video	regenerable_with_pinned_code_configs_seeds_upstreams_and_GPU_exact_encoded_bytes_not_guaranteed
external_large_artifact	-	/mnt/NAS/data/hl5757/generated_artifacts/lateact/phase3/calibration/0016_c07/lr_s2.pt	339026	d42cbff67c4ec05adecde6dc10b5943efc09504066b4ba2917efdd784c3b8f07	generated_latent_tensor	regenerable_with_pinned_code_configs_seeds_upstreams_and_GPU_exact_encoded_bytes_not_guaranteed
external_large_artifact	-	/mnt/NAS/data/hl5757/generated_artifacts/lateact/phase3/calibration/0016_c07/oracle_keyboard_left.mp4	1230710	486792b0cf7d61f4e22453407270d674cc78e5a5cf1aaa474f53f7ee414c02c5	generated_video	regenerable_with_pinned_code_configs_seeds_upstreams_and_GPU_exact_encoded_bytes_not_guaranteed
external_large_artifact	-	/mnt/NAS/data/hl5757/generated_artifacts/lateact/phase3/calibration/0016_c07/oracle_keyboard_left.pt	339229	173bb47ca95f7a6d05773ce2944a95371ebff1b4c90bf067973828a11eaf7eb1	generated_latent_tensor	regenerable_with_pinned_code_configs_seeds_upstreams_and_GPU_exact_encoded_bytes_not_guaranteed
external_large_artifact	-	/mnt/NAS/data/hl5757/generated_artifacts/lateact/phase3/calibration/0016_c07/oracle_keyboard_right.mp4	1242628	d7af44210d281cfb04f831c8f951ec6426a5d4bbe3254e4e6aba88ae59f0de90	generated_video	regenerable_with_pinned_code_configs_seeds_upstreams_and_GPU_exact_encoded_bytes_not_guaranteed
external_large_artifact	-	/mnt/NAS/data/hl5757/generated_artifacts/lateact/phase3/calibration/0016_c07/oracle_keyboard_right.pt	339234	3481ff75d36ad1900f520e4a96924482d8e8f740f9b362c58d907815a1f95389	generated_latent_tensor	regenerable_with_pinned_code_configs_seeds_upstreams_and_GPU_exact_encoded_bytes_not_guaranteed
external_large_artifact	-	/mnt/NAS/data/hl5757/generated_artifacts/lateact/phase3/calibration/0016_c07/prefix.pt	339031	c5628f59c2859a647397ae2abe1466a8e0c9683d0fa6c88fa09aa3b02a53e3d6	generated_latent_tensor	regenerable_with_pinned_code_configs_seeds_upstreams_and_GPU_exact_encoded_bytes_not_guaranteed
external_large_artifact	-	/mnt/NAS/data/hl5757/generated_artifacts/lateact/phase3/calibration/0016_c07/rl_s1.mp4	1232231	7aeef4188cc9b1270df4a9e06b5ba2c7f8a338acc473d036f758bffb2a0d27a3	generated_video	regenerable_with_pinned_code_configs_seeds_upstreams_and_GPU_exact_encoded_bytes_not_guaranteed
external_large_artifact	-	/mnt/NAS/data/hl5757/generated_artifacts/lateact/phase3/calibration/0016_c07/rl_s1.pt	339026	41f218ba95303d31a47c1e0b5072af703b8c0fb6dfe41c71595593a4c01b5b4f	generated_latent_tensor	regenerable_with_pinned_code_configs_seeds_upstreams_and_GPU_exact_encoded_bytes_not_guaranteed
external_large_artifact	-	/mnt/NAS/data/hl5757/generated_artifacts/lateact/phase3/calibration/0016_c07/rl_s2.mp4	1231329	a8b6d8d8e18b39d2271619f3571f99d2a0c9620d82340231959c09f0f3d8861a	generated_video	regenerable_with_pinned_code_configs_seeds_upstreams_and_GPU_exact_encoded_bytes_not_guaranteed
external_large_artifact	-	/mnt/NAS/data/hl5757/generated_artifacts/lateact/phase3/calibration/0016_c07/rl_s2.pt	339026	1c15a52b75d609d64a6d58ec9a8b1e91518f05d798c2a41600c288959fdf3a50	generated_latent_tensor	regenerable_with_pinned_code_configs_seeds_upstreams_and_GPU_exact_encoded_bytes_not_guaranteed
external_large_artifact	-	/mnt/NAS/data/hl5757/generated_artifacts/lateact/phase3/calibration/0016_c08/lr_s1.mp4	1256599	b39510d4affc0c85ece2f4366080846f282ad9b39f3304ac9f83353f48cda005	generated_video	regenerable_with_pinned_code_configs_seeds_upstreams_and_GPU_exact_encoded_bytes_not_guaranteed
external_large_artifact	-	/mnt/NAS/data/hl5757/generated_artifacts/lateact/phase3/calibration/0016_c08/lr_s1.pt	339026	2e6964089a8d5dadb0089ed13397368f0952d81a830f62b289cbea67d3f90c46	generated_latent_tensor	regenerable_with_pinned_code_configs_seeds_upstreams_and_GPU_exact_encoded_bytes_not_guaranteed
external_large_artifact	-	/mnt/NAS/data/hl5757/generated_artifacts/lateact/phase3/calibration/0016_c08/lr_s2.mp4	1251101	2c686d9e0c6cca10fcdcee991aef165deaaa7ba31f4156fb0ce6e3197ff92831	generated_video	regenerable_with_pinned_code_configs_seeds_upstreams_and_GPU_exact_encoded_bytes_not_guaranteed
external_large_artifact	-	/mnt/NAS/data/hl5757/generated_artifacts/lateact/phase3/calibration/0016_c08/lr_s2.pt	339026	d7ac82f5f698151243a794fed55478837acce6fabe9fd76bf1a62ad8bd8c7d53	generated_latent_tensor	regenerable_with_pinned_code_configs_seeds_upstreams_and_GPU_exact_encoded_bytes_not_guaranteed
external_large_artifact	-	/mnt/NAS/data/hl5757/generated_artifacts/lateact/phase3/calibration/0016_c08/oracle_keyboard_left.mp4	1227899	d74d6edb88616dc89aa5eefd44204b59eef4b9da182fb95f08d56a1d69ca2c8a	generated_video	regenerable_with_pinned_code_configs_seeds_upstreams_and_GPU_exact_encoded_bytes_not_guaranteed
external_large_artifact	-	/mnt/NAS/data/hl5757/generated_artifacts/lateact/phase3/calibration/0016_c08/oracle_keyboard_left.pt	339229	1a9c38633548758aff64b258663bc9d2f561de73afc6ea5cf7f3ca46665241d7	generated_latent_tensor	regenerable_with_pinned_code_configs_seeds_upstreams_and_GPU_exact_encoded_bytes_not_guaranteed
external_large_artifact	-	/mnt/NAS/data/hl5757/generated_artifacts/lateact/phase3/calibration/0016_c08/oracle_keyboard_right.mp4	1243739	ea3a1c57639754972dcd3c05859fc467dcd1eb77c6cfd6f7ff4592f579dd98ef	generated_video	regenerable_with_pinned_code_configs_seeds_upstreams_and_GPU_exact_encoded_bytes_not_guaranteed
external_large_artifact	-	/mnt/NAS/data/hl5757/generated_artifacts/lateact/phase3/calibration/0016_c08/oracle_keyboard_right.pt	339234	eacabee252134be57064b068df0fa826dae5a5537719ae19bb06226ef0d7c3ee	generated_latent_tensor	regenerable_with_pinned_code_configs_seeds_upstreams_and_GPU_exact_encoded_bytes_not_guaranteed
external_large_artifact	-	/mnt/NAS/data/hl5757/generated_artifacts/lateact/phase3/calibration/0016_c08/prefix.pt	339031	dc458651707f9079ddec8fdd2a0c28eb24c79bece94d4acefd347e9e693694ab	generated_latent_tensor	regenerable_with_pinned_code_configs_seeds_upstreams_and_GPU_exact_encoded_bytes_not_guaranteed
external_large_artifact	-	/mnt/NAS/data/hl5757/generated_artifacts/lateact/phase3/calibration/0016_c08/rl_s1.mp4	1234456	546d788ff6ba3a262c4e2301df21dea64e82e5b2b036f928f95945b48bba10b1	generated_video	regenerable_with_pinned_code_configs_seeds_upstreams_and_GPU_exact_encoded_bytes_not_guaranteed
external_large_artifact	-	/mnt/NAS/data/hl5757/generated_artifacts/lateact/phase3/calibration/0016_c08/rl_s1.pt	339026	1543483467dbcf4f0153aa51db0fe20c525d05259c1e8c7a64dceac0e700b220	generated_latent_tensor	regenerable_with_pinned_code_configs_seeds_upstreams_and_GPU_exact_encoded_bytes_not_guaranteed
external_large_artifact	-	/mnt/NAS/data/hl5757/generated_artifacts/lateact/phase3/calibration/0016_c08/rl_s2.mp4	1247912	d27fde1ecee03ee98bef3277c62f151a1a83efd99a73c400bad09dadc2e52b70	generated_video	regenerable_with_pinned_code_configs_seeds_upstreams_and_GPU_exact_encoded_bytes_not_guaranteed
external_large_artifact	-	/mnt/NAS/data/hl5757/generated_artifacts/lateact/phase3/calibration/0016_c08/rl_s2.pt	339026	281d299393e20289e53ae7bcdb4f481308922f4d6644cf3207d3b7f7efe39e8a	generated_latent_tensor	regenerable_with_pinned_code_configs_seeds_upstreams_and_GPU_exact_encoded_bytes_not_guaranteed
external_large_artifact	-	/mnt/NAS/data/hl5757/generated_artifacts/lateact/phase3/calibration/0016_c09/lr_s1.mp4	1234004	d95132a7f84d9572b757356518b885e02c0221209a09529bfb46a14b5e8dc613	generated_video	regenerable_with_pinned_code_configs_seeds_upstreams_and_GPU_exact_encoded_bytes_not_guaranteed
external_large_artifact	-	/mnt/NAS/data/hl5757/generated_artifacts/lateact/phase3/calibration/0016_c09/lr_s1.pt	339026	3bdd8af8bddb6907bab53905de63be91660e648cce3095d7a9b7f952d0eeafcb	generated_latent_tensor	regenerable_with_pinned_code_configs_seeds_upstreams_and_GPU_exact_encoded_bytes_not_guaranteed
external_large_artifact	-	/mnt/NAS/data/hl5757/generated_artifacts/lateact/phase3/calibration/0016_c09/lr_s2.mp4	1207730	1e67794075e81627c4f2ee4670be2603432b4edde8e88d81494749af5004feb0	generated_video	regenerable_with_pinned_code_configs_seeds_upstreams_and_GPU_exact_encoded_bytes_not_guaranteed
external_large_artifact	-	/mnt/NAS/data/hl5757/generated_artifacts/lateact/phase3/calibration/0016_c09/lr_s2.pt	339026	7458f175a763d6c0850c8ab8df80d6a75409e8459986857b7031afbf90abc8fc	generated_latent_tensor	regenerable_with_pinned_code_configs_seeds_upstreams_and_GPU_exact_encoded_bytes_not_guaranteed
external_large_artifact	-	/mnt/NAS/data/hl5757/generated_artifacts/lateact/phase3/calibration/0016_c09/oracle_keyboard_left.mp4	1207930	2f5abdff7fc08d4aa10bda7f8cf7f269b711ae0763e5839285d7455995cc753d	generated_video	regenerable_with_pinned_code_configs_seeds_upstreams_and_GPU_exact_encoded_bytes_not_guaranteed
external_large_artifact	-	/mnt/NAS/data/hl5757/generated_artifacts/lateact/phase3/calibration/0016_c09/oracle_keyboard_left.pt	339229	936d93054db4d41dbd0bd9f7eeb2ed7d0ca1c5e7a2983ae0fae128466a5b6bc2	generated_latent_tensor	regenerable_with_pinned_code_configs_seeds_upstreams_and_GPU_exact_encoded_bytes_not_guaranteed
external_large_artifact	-	/mnt/NAS/data/hl5757/generated_artifacts/lateact/phase3/calibration/0016_c09/oracle_keyboard_right.mp4	1227096	dd72c77170bd3fda21d7b8cc7c2148049307e96f0d307c4a6cdf53d181106c3d	generated_video	regenerable_with_pinned_code_configs_seeds_upstreams_and_GPU_exact_encoded_bytes_not_guaranteed
external_large_artifact	-	/mnt/NAS/data/hl5757/generated_artifacts/lateact/phase3/calibration/0016_c09/oracle_keyboard_right.pt	339234	6e1f1006bcf515b8fd5c67a925b32fd5ff47b8cbced795d57d0e6d3e87972900	generated_latent_tensor	regenerable_with_pinned_code_configs_seeds_upstreams_and_GPU_exact_encoded_bytes_not_guaranteed
external_large_artifact	-	/mnt/NAS/data/hl5757/generated_artifacts/lateact/phase3/calibration/0016_c09/prefix.pt	339031	2e2d0b7a54ceab16be8d42e394ce20e9cb4770c6413392aae47c6b7ba68769b3	generated_latent_tensor	regenerable_with_pinned_code_configs_seeds_upstreams_and_GPU_exact_encoded_bytes_not_guaranteed
external_large_artifact	-	/mnt/NAS/data/hl5757/generated_artifacts/lateact/phase3/calibration/0016_c09/rl_s1.mp4	1216536	3e72628eb183c553b330591b7bf9d0cd124ca82298f3dd696a8cc8a9039ecbfb	generated_video	regenerable_with_pinned_code_configs_seeds_upstreams_and_GPU_exact_encoded_bytes_not_guaranteed
external_large_artifact	-	/mnt/NAS/data/hl5757/generated_artifacts/lateact/phase3/calibration/0016_c09/rl_s1.pt	339026	e82f36a20192c4c0a547a71b5661a82b6ac797c8f17831efff0bc6c1019759d0	generated_latent_tensor	regenerable_with_pinned_code_configs_seeds_upstreams_and_GPU_exact_encoded_bytes_not_guaranteed
external_large_artifact	-	/mnt/NAS/data/hl5757/generated_artifacts/lateact/phase3/calibration/0016_c09/rl_s2.mp4	1210839	d0c9f6ef2b3e6fb08339bf43e22d93274d3978d584334b83380c22e8174f30ac	generated_video	regenerable_with_pinned_code_configs_seeds_upstreams_and_GPU_exact_encoded_bytes_not_guaranteed
external_large_artifact	-	/mnt/NAS/data/hl5757/generated_artifacts/lateact/phase3/calibration/0016_c09/rl_s2.pt	339026	e66897b39ec0f5d70f3d159dbc12dce0776d26aa6174c230b1c8fad0a27c0a49	generated_latent_tensor	regenerable_with_pinned_code_configs_seeds_upstreams_and_GPU_exact_encoded_bytes_not_guaranteed
stored_in_git	results/frozen/phase3/calibration/phase3a_keyboard_curve_montage.png	/mnt/NAS/data/hl5757/generated_artifacts/lateact/phase3/calibration/phase3a_keyboard_curve_montage.png	365138	372170efa80f78d10f9309bb72d375c7868d4a4d8246bcda02a26be2a252e9ec	qualitative_scientific_montage	authoritative_archived_copy
stored_in_git	results/frozen/phase3/calibration/phase3a_shard_0.json	/mnt/NAS/data/hl5757/generated_artifacts/lateact/phase3/calibration/phase3a_shard_0.json	245862	a91f18a657bfe4618cad77fe6574f654652518a7aba691fcf6d0d652f2c9e2e2	frozen_numerical_or_provenance_record	authoritative_archived_copy
stored_in_git	results/frozen/phase3/calibration/phase3a_shard_1.json	/mnt/NAS/data/hl5757/generated_artifacts/lateact/phase3/calibration/phase3a_shard_1.json	245880	497d80b1eef428dc9fde99f25a2321821020a6b2ab64996f9e5201d9b5ffb2e1	frozen_numerical_or_provenance_record	authoritative_archived_copy
stored_in_git	results/frozen/phase3/calibration/phase3a_summary.json	/mnt/NAS/data/hl5757/generated_artifacts/lateact/phase3/calibration/phase3a_summary.json	25629	774d8c6c1c2da349a7c60f909f172ca8bf9792522bd157edd35bff51b8d7777e	frozen_numerical_or_provenance_record	authoritative_archived_copy
external_large_artifact	-	/mnt/NAS/data/hl5757/generated_artifacts/lateact/phase3/confirmation/0016_h10/left_to_right_direct_late.mp4	1225197	b396d98abd2fbcc27220dce75cc943f995f378eba50a433c5f0638475461b5de	generated_video	regenerable_with_pinned_code_configs_seeds_upstreams_and_GPU_exact_encoded_bytes_not_guaranteed
external_large_artifact	-	/mnt/NAS/data/hl5757/generated_artifacts/lateact/phase3/confirmation/0016_h10/left_to_right_direct_late.pt	339318	41bb732179316bcc29df040d837c5f24ddb1c89fe883b0cb1da38a3b51fe0d31	generated_latent_tensor	regenerable_with_pinned_code_configs_seeds_upstreams_and_GPU_exact_encoded_bytes_not_guaranteed
external_large_artifact	-	/mnt/NAS/data/hl5757/generated_artifacts/lateact/phase3/confirmation/0016_h10/left_to_right_lateact.mp4	1250583	7d043cf96877a70fa7a1d9b286c6b3516c8346ba38733693db08000a4c863f65	generated_video	regenerable_with_pinned_code_configs_seeds_upstreams_and_GPU_exact_encoded_bytes_not_guaranteed
external_large_artifact	-	/mnt/NAS/data/hl5757/generated_artifacts/lateact/phase3/confirmation/0016_h10/left_to_right_lateact.pt	339234	5783ffe315d9b23ca999592f49424e54f8dde47ccf4ba4eeb03b52b50cb3df15	generated_latent_tensor	regenerable_with_pinned_code_configs_seeds_upstreams_and_GPU_exact_encoded_bytes_not_guaranteed
external_large_artifact	-	/mnt/NAS/data/hl5757/generated_artifacts/lateact/phase3/confirmation/0016_h10/left_to_right_new_oracle.mp4	1245654	c02263267016bcfe2d066a23a274f54348e1713a3164e23c91349ad4bd826690	generated_video	regenerable_with_pinned_code_configs_seeds_upstreams_and_GPU_exact_encoded_bytes_not_guaranteed
external_large_artifact	-	/mnt/NAS/data/hl5757/generated_artifacts/lateact/phase3/confirmation/0016_h10/left_to_right_new_oracle.pt	339313	49016dbb55adeb51f4cd9f8ce028fbb27b733408ab06cd04e097d29bcbd2a9f7	generated_latent_tensor	regenerable_with_pinned_code_configs_seeds_upstreams_and_GPU_exact_encoded_bytes_not_guaranteed
external_large_artifact	-	/mnt/NAS/data/hl5757/generated_artifacts/lateact/phase3/confirmation/0016_h10/left_to_right_next_new.mp4	2064761	e1fc9801d05466eddf89230094dcd78df529a83e91b600cd4d41a1ead3cb4765	generated_video	regenerable_with_pinned_code_configs_seeds_upstreams_and_GPU_exact_encoded_bytes_not_guaranteed
external_large_artifact	-	/mnt/NAS/data/hl5757/generated_artifacts/lateact/phase3/confirmation/0016_h10/left_to_right_next_new.pt	339303	9f320f92ab6f44f2097f58ee93eae40cac2e35188720fce2fa486b4fbe3ac330	generated_latent_tensor	regenerable_with_pinned_code_configs_seeds_upstreams_and_GPU_exact_encoded_bytes_not_guaranteed
external_large_artifact	-	/mnt/NAS/data/hl5757/generated_artifacts/lateact/phase3/confirmation/0016_h10/left_to_right_next_old.mp4	2087431	327e6c8e9c9887aaec67dce5d97646de9c632970eee832f964ae18456895c5e4	generated_video	regenerable_with_pinned_code_configs_seeds_upstreams_and_GPU_exact_encoded_bytes_not_guaranteed
external_large_artifact	-	/mnt/NAS/data/hl5757/generated_artifacts/lateact/phase3/confirmation/0016_h10/left_to_right_next_old.pt	339303	aecd44eccd055fccd75501be7132b71298b2c13295bfacfb3dea79daeb848b09	generated_latent_tensor	regenerable_with_pinned_code_configs_seeds_upstreams_and_GPU_exact_encoded_bytes_not_guaranteed
external_large_artifact	-	/mnt/NAS/data/hl5757/generated_artifacts/lateact/phase3/confirmation/0016_h10/left_to_right_old.mp4	1220984	5674836eb631eca55c7843e208f846a0426dfa7a813ed77d77eb8fcfdaf88aef	generated_video	regenerable_with_pinned_code_configs_seeds_upstreams_and_GPU_exact_encoded_bytes_not_guaranteed
external_large_artifact	-	/mnt/NAS/data/hl5757/generated_artifacts/lateact/phase3/confirmation/0016_h10/left_to_right_old.pt	339150	d4880758cf35e32858e45fe1166cd0b0b3ed47a8b6470375afc8edcf48605bc6	generated_latent_tensor	regenerable_with_pinned_code_configs_seeds_upstreams_and_GPU_exact_encoded_bytes_not_guaranteed
external_large_artifact	-	/mnt/NAS/data/hl5757/generated_artifacts/lateact/phase3/confirmation/0016_h10/right_to_left_direct_late.mp4	1227649	27c21f01bc0fe93cca86d9592616f2f64e895f647d8a100c5115147fda249353	generated_video	regenerable_with_pinned_code_configs_seeds_upstreams_and_GPU_exact_encoded_bytes_not_guaranteed
external_large_artifact	-	/mnt/NAS/data/hl5757/generated_artifacts/lateact/phase3/confirmation/0016_h10/right_to_left_direct_late.pt	339318	3a0c77f81ff5f1329c8f2fcf7875ffc65b556d2477447f557a56df6a0c296130	generated_latent_tensor	regenerable_with_pinned_code_configs_seeds_upstreams_and_GPU_exact_encoded_bytes_not_guaranteed
external_large_artifact	-	/mnt/NAS/data/hl5757/generated_artifacts/lateact/phase3/confirmation/0016_h10/right_to_left_lateact.mp4	1228182	78d8b329de86dd8aaa7e1b3a8d511401ca63f93857fc9a08c4c318fcc40cf7fa	generated_video	regenerable_with_pinned_code_configs_seeds_upstreams_and_GPU_exact_encoded_bytes_not_guaranteed
external_large_artifact	-	/mnt/NAS/data/hl5757/generated_artifacts/lateact/phase3/confirmation/0016_h10/right_to_left_lateact.pt	339234	7a6497320a58a51f00eddb3f7f89407611cbba4773583ea1c6cc58fb2019fb61	generated_latent_tensor	regenerable_with_pinned_code_configs_seeds_upstreams_and_GPU_exact_encoded_bytes_not_guaranteed
external_large_artifact	-	/mnt/NAS/data/hl5757/generated_artifacts/lateact/phase3/confirmation/0016_h10/right_to_left_new_oracle.mp4	1220984	5674836eb631eca55c7843e208f846a0426dfa7a813ed77d77eb8fcfdaf88aef	generated_video	regenerable_with_pinned_code_configs_seeds_upstreams_and_GPU_exact_encoded_bytes_not_guaranteed
external_large_artifact	-	/mnt/NAS/data/hl5757/generated_artifacts/lateact/phase3/confirmation/0016_h10/right_to_left_new_oracle.pt	339313	7f40031e0c7705319580dc900dc43c0d6d4d57edad8e44f00c5cd1cde6295b39	generated_latent_tensor	regenerable_with_pinned_code_configs_seeds_upstreams_and_GPU_exact_encoded_bytes_not_guaranteed
external_large_artifact	-	/mnt/NAS/data/hl5757/generated_artifacts/lateact/phase3/confirmation/0016_h10/right_to_left_next_new.mp4	2085193	b4bde1aef55639f5a9ae141971e75403441e2df28f033b39844269067f5dee5c	generated_video	regenerable_with_pinned_code_configs_seeds_upstreams_and_GPU_exact_encoded_bytes_not_guaranteed
external_large_artifact	-	/mnt/NAS/data/hl5757/generated_artifacts/lateact/phase3/confirmation/0016_h10/right_to_left_next_new.pt	339303	5728a89cc95569d5172a685352df8747584aeecad66cc2328b3b52d32dffe9f5	generated_latent_tensor	regenerable_with_pinned_code_configs_seeds_upstreams_and_GPU_exact_encoded_bytes_not_guaranteed
external_large_artifact	-	/mnt/NAS/data/hl5757/generated_artifacts/lateact/phase3/confirmation/0016_h10/right_to_left_next_old.mp4	2157207	2baddb7d83c54738c06c364e9ac76ab5133e0b9a1214b583f7cab030ec806e3a	generated_video	regenerable_with_pinned_code_configs_seeds_upstreams_and_GPU_exact_encoded_bytes_not_guaranteed
external_large_artifact	-	/mnt/NAS/data/hl5757/generated_artifacts/lateact/phase3/confirmation/0016_h10/right_to_left_next_old.pt	339303	16dcd13c0eafea90a283ca05bb3703a1efbe93862fff085b8703b932d968f4b1	generated_latent_tensor	regenerable_with_pinned_code_configs_seeds_upstreams_and_GPU_exact_encoded_bytes_not_guaranteed
external_large_artifact	-	/mnt/NAS/data/hl5757/generated_artifacts/lateact/phase3/confirmation/0016_h10/right_to_left_old.mp4	1245654	c02263267016bcfe2d066a23a274f54348e1713a3164e23c91349ad4bd826690	generated_video	regenerable_with_pinned_code_configs_seeds_upstreams_and_GPU_exact_encoded_bytes_not_guaranteed
external_large_artifact	-	/mnt/NAS/data/hl5757/generated_artifacts/lateact/phase3/confirmation/0016_h10/right_to_left_old.pt	339150	eaff2c6786e52eb16751e5cf2b42262e641fd41363935da6313b5a163b36bffc	generated_latent_tensor	regenerable_with_pinned_code_configs_seeds_upstreams_and_GPU_exact_encoded_bytes_not_guaranteed
external_large_artifact	-	/mnt/NAS/data/hl5757/generated_artifacts/lateact/phase3/confirmation/0016_h11/left_to_right_direct_late.mp4	1246659	f1484c2868d6daae25fb0b8aa9e76a8a218c7457d375e98e84465ddbd7cb376f	generated_video	regenerable_with_pinned_code_configs_seeds_upstreams_and_GPU_exact_encoded_bytes_not_guaranteed
external_large_artifact	-	/mnt/NAS/data/hl5757/generated_artifacts/lateact/phase3/confirmation/0016_h11/left_to_right_direct_late.pt	339318	2c47d9eedeff6d1cd3033005e5a79b658d6e40a4629203fd0a5ba7072358607b	generated_latent_tensor	regenerable_with_pinned_code_configs_seeds_upstreams_and_GPU_exact_encoded_bytes_not_guaranteed
external_large_artifact	-	/mnt/NAS/data/hl5757/generated_artifacts/lateact/phase3/confirmation/0016_h11/left_to_right_lateact.mp4	1241725	df82ffdd51e71f286f0c375c8b61422618a4333d867e0ad15a5f0aca61a5679c	generated_video	regenerable_with_pinned_code_configs_seeds_upstreams_and_GPU_exact_encoded_bytes_not_guaranteed
external_large_artifact	-	/mnt/NAS/data/hl5757/generated_artifacts/lateact/phase3/confirmation/0016_h11/left_to_right_lateact.pt	339234	14e1cdbd7742f8b4231a328b91097d4bdc3c63f2f14b8ea580410c5713c40750	generated_latent_tensor	regenerable_with_pinned_code_configs_seeds_upstreams_and_GPU_exact_encoded_bytes_not_guaranteed
external_large_artifact	-	/mnt/NAS/data/hl5757/generated_artifacts/lateact/phase3/confirmation/0016_h11/left_to_right_new_oracle.mp4	1237926	be6420bd2fac34fa05d46cd0dc1b45955bbcc4442ff81a02e8ee75dd8bb738e1	generated_video	regenerable_with_pinned_code_configs_seeds_upstreams_and_GPU_exact_encoded_bytes_not_guaranteed
external_large_artifact	-	/mnt/NAS/data/hl5757/generated_artifacts/lateact/phase3/confirmation/0016_h11/left_to_right_new_oracle.pt	339313	43be193d9870a51604cb6770a9d9a598095f0ca34d9b082508ff0ef639a3328d	generated_latent_tensor	regenerable_with_pinned_code_configs_seeds_upstreams_and_GPU_exact_encoded_bytes_not_guaranteed
external_large_artifact	-	/mnt/NAS/data/hl5757/generated_artifacts/lateact/phase3/confirmation/0016_h11/left_to_right_next_new.mp4	2062474	51087ed3f3dd1e987e9110649ad11e7b3e7dc2ff8ffb1fd7cd294b851f01f29b	generated_video	regenerable_with_pinned_code_configs_seeds_upstreams_and_GPU_exact_encoded_bytes_not_guaranteed
external_large_artifact	-	/mnt/NAS/data/hl5757/generated_artifacts/lateact/phase3/confirmation/0016_h11/left_to_right_next_new.pt	339303	cf62d172f53d4cc5a86122264b8ec7a6b4f228493736ee849e99be46be62c04b	generated_latent_tensor	regenerable_with_pinned_code_configs_seeds_upstreams_and_GPU_exact_encoded_bytes_not_guaranteed
external_large_artifact	-	/mnt/NAS/data/hl5757/generated_artifacts/lateact/phase3/confirmation/0016_h11/left_to_right_next_old.mp4	2086656	39a9776bf53e3040a45c56e0a0e41a18d07a4c08f6422b5c456d175aa8ea1750	generated_video	regenerable_with_pinned_code_configs_seeds_upstreams_and_GPU_exact_encoded_bytes_not_guaranteed
external_large_artifact	-	/mnt/NAS/data/hl5757/generated_artifacts/lateact/phase3/confirmation/0016_h11/left_to_right_next_old.pt	339303	ca6fb276ed4d0aaba6703b44f064d082f941dd124ea349c82ca394d3bb993b1d	generated_latent_tensor	regenerable_with_pinned_code_configs_seeds_upstreams_and_GPU_exact_encoded_bytes_not_guaranteed
external_large_artifact	-	/mnt/NAS/data/hl5757/generated_artifacts/lateact/phase3/confirmation/0016_h11/left_to_right_old.mp4	1219766	9ca31e0193d53a7c741ef77856b0e77d3d1e106a2edbbde4ffe150366faf836a	generated_video	regenerable_with_pinned_code_configs_seeds_upstreams_and_GPU_exact_encoded_bytes_not_guaranteed
external_large_artifact	-	/mnt/NAS/data/hl5757/generated_artifacts/lateact/phase3/confirmation/0016_h11/left_to_right_old.pt	339150	8e7ab1295c06250600a6d7d2f072b7272ff63c18acc2a4b7b92e9ac9f3c77b62	generated_latent_tensor	regenerable_with_pinned_code_configs_seeds_upstreams_and_GPU_exact_encoded_bytes_not_guaranteed
external_large_artifact	-	/mnt/NAS/data/hl5757/generated_artifacts/lateact/phase3/confirmation/0016_h11/right_to_left_direct_late.mp4	1232177	72863a57859386e70b767ca32fefdf45b735f85e322bc691d8eb6a5f421f55b8	generated_video	regenerable_with_pinned_code_configs_seeds_upstreams_and_GPU_exact_encoded_bytes_not_guaranteed
external_large_artifact	-	/mnt/NAS/data/hl5757/generated_artifacts/lateact/phase3/confirmation/0016_h11/right_to_left_direct_late.pt	339318	2f3f104f26c6122a56a32eda6dc44378f50496d601a0341a83df5e88414a6af6	generated_latent_tensor	regenerable_with_pinned_code_configs_seeds_upstreams_and_GPU_exact_encoded_bytes_not_guaranteed
external_large_artifact	-	/mnt/NAS/data/hl5757/generated_artifacts/lateact/phase3/confirmation/0016_h11/right_to_left_lateact.mp4	1219186	6f14c067169285aaa192f67351be709ea6995e54fa83cb2a078d0d1a21847ebd	generated_video	regenerable_with_pinned_code_configs_seeds_upstreams_and_GPU_exact_encoded_bytes_not_guaranteed
external_large_artifact	-	/mnt/NAS/data/hl5757/generated_artifacts/lateact/phase3/confirmation/0016_h11/right_to_left_lateact.pt	339234	cefb2795eb626717258334c13949998c89235ab44187a7a952a76a52c547d4f4	generated_latent_tensor	regenerable_with_pinned_code_configs_seeds_upstreams_and_GPU_exact_encoded_bytes_not_guaranteed
external_large_artifact	-	/mnt/NAS/data/hl5757/generated_artifacts/lateact/phase3/confirmation/0016_h11/right_to_left_new_oracle.mp4	1219766	9ca31e0193d53a7c741ef77856b0e77d3d1e106a2edbbde4ffe150366faf836a	generated_video	regenerable_with_pinned_code_configs_seeds_upstreams_and_GPU_exact_encoded_bytes_not_guaranteed
external_large_artifact	-	/mnt/NAS/data/hl5757/generated_artifacts/lateact/phase3/confirmation/0016_h11/right_to_left_new_oracle.pt	339313	e69b6434d584e03beb716f317a62078a95b90400d32e62d8d35134c39d59573c	generated_latent_tensor	regenerable_with_pinned_code_configs_seeds_upstreams_and_GPU_exact_encoded_bytes_not_guaranteed
external_large_artifact	-	/mnt/NAS/data/hl5757/generated_artifacts/lateact/phase3/confirmation/0016_h11/right_to_left_next_new.mp4	2084077	ae0674698e8e323ceb262a717bc149ab863fa1041ac7168791fa571e7c70a665	generated_video	regenerable_with_pinned_code_configs_seeds_upstreams_and_GPU_exact_encoded_bytes_not_guaranteed
external_large_artifact	-	/mnt/NAS/data/hl5757/generated_artifacts/lateact/phase3/confirmation/0016_h11/right_to_left_next_new.pt	339303	e918be5ef3615821a3be8ea8ba569913aba5ceefc4787705ef451fc82a9c5f91	generated_latent_tensor	regenerable_with_pinned_code_configs_seeds_upstreams_and_GPU_exact_encoded_bytes_not_guaranteed
external_large_artifact	-	/mnt/NAS/data/hl5757/generated_artifacts/lateact/phase3/confirmation/0016_h11/right_to_left_next_old.mp4	2148792	71f6442fa82ae65b39c3bb5f90fadfb9481d7d377499e5caf1c71c56dab519ca	generated_video	regenerable_with_pinned_code_configs_seeds_upstreams_and_GPU_exact_encoded_bytes_not_guaranteed
external_large_artifact	-	/mnt/NAS/data/hl5757/generated_artifacts/lateact/phase3/confirmation/0016_h11/right_to_left_next_old.pt	339303	e2bd4e0dc929a79f76fd8ffa9d3513146b42925afb8b42b57d4fc3c16fe303dd	generated_latent_tensor	regenerable_with_pinned_code_configs_seeds_upstreams_and_GPU_exact_encoded_bytes_not_guaranteed
external_large_artifact	-	/mnt/NAS/data/hl5757/generated_artifacts/lateact/phase3/confirmation/0016_h11/right_to_left_old.mp4	1237926	be6420bd2fac34fa05d46cd0dc1b45955bbcc4442ff81a02e8ee75dd8bb738e1	generated_video	regenerable_with_pinned_code_configs_seeds_upstreams_and_GPU_exact_encoded_bytes_not_guaranteed
external_large_artifact	-	/mnt/NAS/data/hl5757/generated_artifacts/lateact/phase3/confirmation/0016_h11/right_to_left_old.pt	339150	1b1e3f9c8453afbeaa0c558981790764f3e504e77f55dab3ff22a2f448c0ca68	generated_latent_tensor	regenerable_with_pinned_code_configs_seeds_upstreams_and_GPU_exact_encoded_bytes_not_guaranteed
external_large_artifact	-	/mnt/NAS/data/hl5757/generated_artifacts/lateact/phase3/confirmation/0016_h12/left_to_right_direct_late.mp4	1203487	379e415b0fa0d450431fd81b659e0d5e2c65dd11eb60fe5d00f800bd8dcc233d	generated_video	regenerable_with_pinned_code_configs_seeds_upstreams_and_GPU_exact_encoded_bytes_not_guaranteed
external_large_artifact	-	/mnt/NAS/data/hl5757/generated_artifacts/lateact/phase3/confirmation/0016_h12/left_to_right_direct_late.pt	339318	a4dea4a1cb74c9a213dedb2df25f4c2bf0c4e3c0eb48996427d3ddd6f76e11e4	generated_latent_tensor	regenerable_with_pinned_code_configs_seeds_upstreams_and_GPU_exact_encoded_bytes_not_guaranteed
external_large_artifact	-	/mnt/NAS/data/hl5757/generated_artifacts/lateact/phase3/confirmation/0016_h12/left_to_right_lateact.mp4	1248251	b1250e02d2e46fb70bc8498acbe512400e202a5ae864fac1d20af8f3a6f64b61	generated_video	regenerable_with_pinned_code_configs_seeds_upstreams_and_GPU_exact_encoded_bytes_not_guaranteed
external_large_artifact	-	/mnt/NAS/data/hl5757/generated_artifacts/lateact/phase3/confirmation/0016_h12/left_to_right_lateact.pt	339234	8e6ae019a0a43480f30862ed6432560dcb9ab288ef839a611d998f90983f9648	generated_latent_tensor	regenerable_with_pinned_code_configs_seeds_upstreams_and_GPU_exact_encoded_bytes_not_guaranteed
external_large_artifact	-	/mnt/NAS/data/hl5757/generated_artifacts/lateact/phase3/confirmation/0016_h12/left_to_right_new_oracle.mp4	1236425	5819d25443178a42e85622421f73c15e7db3148e0014e8753a7d209f6c3f4ded	generated_video	regenerable_with_pinned_code_configs_seeds_upstreams_and_GPU_exact_encoded_bytes_not_guaranteed
external_large_artifact	-	/mnt/NAS/data/hl5757/generated_artifacts/lateact/phase3/confirmation/0016_h12/left_to_right_new_oracle.pt	339313	6d90ce0bb8e78a611ea98f999ff83bc9be5b0761d7ef2c84e02a7131a4f4da23	generated_latent_tensor	regenerable_with_pinned_code_configs_seeds_upstreams_and_GPU_exact_encoded_bytes_not_guaranteed
external_large_artifact	-	/mnt/NAS/data/hl5757/generated_artifacts/lateact/phase3/confirmation/0016_h12/left_to_right_next_new.mp4	2067392	7adcc1d8a4fd19ab9fe52bd91a3587c0fc6315ed5f943131280ffae494997ac6	generated_video	regenerable_with_pinned_code_configs_seeds_upstreams_and_GPU_exact_encoded_bytes_not_guaranteed
external_large_artifact	-	/mnt/NAS/data/hl5757/generated_artifacts/lateact/phase3/confirmation/0016_h12/left_to_right_next_new.pt	339303	6bc3c3714e4bf3d23b0aa5be800f81114b003db0c5ae39d94f7fa9bac7d7e3dd	generated_latent_tensor	regenerable_with_pinned_code_configs_seeds_upstreams_and_GPU_exact_encoded_bytes_not_guaranteed
external_large_artifact	-	/mnt/NAS/data/hl5757/generated_artifacts/lateact/phase3/confirmation/0016_h12/left_to_right_next_old.mp4	2088598	7595b6f145c7aafb6d78f8c5b6c2727706ea7705cabb50185f86d8a47537127f	generated_video	regenerable_with_pinned_code_configs_seeds_upstreams_and_GPU_exact_encoded_bytes_not_guaranteed
external_large_artifact	-	/mnt/NAS/data/hl5757/generated_artifacts/lateact/phase3/confirmation/0016_h12/left_to_right_next_old.pt	339303	e439d3e47dd2da89098af6c0442f4269640dc464123b1684b5c64d86e341c53d	generated_latent_tensor	regenerable_with_pinned_code_configs_seeds_upstreams_and_GPU_exact_encoded_bytes_not_guaranteed
external_large_artifact	-	/mnt/NAS/data/hl5757/generated_artifacts/lateact/phase3/confirmation/0016_h12/left_to_right_old.mp4	1224235	68a09ec6108a32a70dbf23845081e8aa80a836ae06dd473482cc0dc5d11993ee	generated_video	regenerable_with_pinned_code_configs_seeds_upstreams_and_GPU_exact_encoded_bytes_not_guaranteed
external_large_artifact	-	/mnt/NAS/data/hl5757/generated_artifacts/lateact/phase3/confirmation/0016_h12/left_to_right_old.pt	339150	e72e8992a14cd54b051503731d77837bbb556bdd647eae22e53e2af7b6f15edb	generated_latent_tensor	regenerable_with_pinned_code_configs_seeds_upstreams_and_GPU_exact_encoded_bytes_not_guaranteed
external_large_artifact	-	/mnt/NAS/data/hl5757/generated_artifacts/lateact/phase3/confirmation/0016_h12/right_to_left_direct_late.mp4	1227766	5f087f5599f9efd2bbcae819faa005bac91fe8848afe422e5d2ad99e47a38616	generated_video	regenerable_with_pinned_code_configs_seeds_upstreams_and_GPU_exact_encoded_bytes_not_guaranteed
external_large_artifact	-	/mnt/NAS/data/hl5757/generated_artifacts/lateact/phase3/confirmation/0016_h12/right_to_left_direct_late.pt	339318	aa8c07d0f0f8ecaf41a299da1941b509c578e0c0eb8d0435e7ba6933b3f14206	generated_latent_tensor	regenerable_with_pinned_code_configs_seeds_upstreams_and_GPU_exact_encoded_bytes_not_guaranteed
external_large_artifact	-	/mnt/NAS/data/hl5757/generated_artifacts/lateact/phase3/confirmation/0016_h12/right_to_left_lateact.mp4	1227823	ba85a9e73c50938044eb07b621726dddc86bfbf27adb0dc2115189be61684548	generated_video	regenerable_with_pinned_code_configs_seeds_upstreams_and_GPU_exact_encoded_bytes_not_guaranteed
external_large_artifact	-	/mnt/NAS/data/hl5757/generated_artifacts/lateact/phase3/confirmation/0016_h12/right_to_left_lateact.pt	339234	e96bf48531a3b06a39874da2164be93c86b7525603bdbff08c0e8eb6e446efaf	generated_latent_tensor	regenerable_with_pinned_code_configs_seeds_upstreams_and_GPU_exact_encoded_bytes_not_guaranteed
external_large_artifact	-	/mnt/NAS/data/hl5757/generated_artifacts/lateact/phase3/confirmation/0016_h12/right_to_left_new_oracle.mp4	1224235	68a09ec6108a32a70dbf23845081e8aa80a836ae06dd473482cc0dc5d11993ee	generated_video	regenerable_with_pinned_code_configs_seeds_upstreams_and_GPU_exact_encoded_bytes_not_guaranteed
external_large_artifact	-	/mnt/NAS/data/hl5757/generated_artifacts/lateact/phase3/confirmation/0016_h12/right_to_left_new_oracle.pt	339313	97e32dd2cbab95b07fd9c875153a86607e11754c30fb44c8d34e5ed8474f922d	generated_latent_tensor	regenerable_with_pinned_code_configs_seeds_upstreams_and_GPU_exact_encoded_bytes_not_guaranteed
external_large_artifact	-	/mnt/NAS/data/hl5757/generated_artifacts/lateact/phase3/confirmation/0016_h12/right_to_left_next_new.mp4	2063891	79ae1ed764d0035d090cd33f504630011613c220cd39f3ea3b881f79e3d13380	generated_video	regenerable_with_pinned_code_configs_seeds_upstreams_and_GPU_exact_encoded_bytes_not_guaranteed
external_large_artifact	-	/mnt/NAS/data/hl5757/generated_artifacts/lateact/phase3/confirmation/0016_h12/right_to_left_next_new.pt	339303	e059e8ad847b57c15bf4b3b93706932a1c1a981c674ff867c4f417039bbeaf88	generated_latent_tensor	regenerable_with_pinned_code_configs_seeds_upstreams_and_GPU_exact_encoded_bytes_not_guaranteed
external_large_artifact	-	/mnt/NAS/data/hl5757/generated_artifacts/lateact/phase3/confirmation/0016_h12/right_to_left_next_old.mp4	2136895	c130027e623d90aea9298eede30f45fe0aadd649b925d2508c24c906f48bc92f	generated_video	regenerable_with_pinned_code_configs_seeds_upstreams_and_GPU_exact_encoded_bytes_not_guaranteed
external_large_artifact	-	/mnt/NAS/data/hl5757/generated_artifacts/lateact/phase3/confirmation/0016_h12/right_to_left_next_old.pt	339303	c408bd6b52c74ceadf2070a9a20e35bacfb14d40e07ba289c0c260595be63056	generated_latent_tensor	regenerable_with_pinned_code_configs_seeds_upstreams_and_GPU_exact_encoded_bytes_not_guaranteed
external_large_artifact	-	/mnt/NAS/data/hl5757/generated_artifacts/lateact/phase3/confirmation/0016_h12/right_to_left_old.mp4	1236425	5819d25443178a42e85622421f73c15e7db3148e0014e8753a7d209f6c3f4ded	generated_video	regenerable_with_pinned_code_configs_seeds_upstreams_and_GPU_exact_encoded_bytes_not_guaranteed
external_large_artifact	-	/mnt/NAS/data/hl5757/generated_artifacts/lateact/phase3/confirmation/0016_h12/right_to_left_old.pt	339150	9fca135f88f2c42bf3a8b933c6977ff1c5ccc649e857540e4c9042023a2cdcbe	generated_latent_tensor	regenerable_with_pinned_code_configs_seeds_upstreams_and_GPU_exact_encoded_bytes_not_guaranteed
external_large_artifact	-	/mnt/NAS/data/hl5757/generated_artifacts/lateact/phase3/confirmation/0016_h13/left_to_right_direct_late.mp4	1270145	5c4e239f6ce7acf369481b17b4368e53dbfbc98237c35679db75a676c15af707	generated_video	regenerable_with_pinned_code_configs_seeds_upstreams_and_GPU_exact_encoded_bytes_not_guaranteed
external_large_artifact	-	/mnt/NAS/data/hl5757/generated_artifacts/lateact/phase3/confirmation/0016_h13/left_to_right_direct_late.pt	339318	eb19c2a832617e8e8d9bde64531c31bf10f64c9b0afdab39900e8a380d2e2865	generated_latent_tensor	regenerable_with_pinned_code_configs_seeds_upstreams_and_GPU_exact_encoded_bytes_not_guaranteed
external_large_artifact	-	/mnt/NAS/data/hl5757/generated_artifacts/lateact/phase3/confirmation/0016_h13/left_to_right_lateact.mp4	1251009	f778ce3bf365388c10bccee01f2a064dd96b94a4eb1083193d20a00bb2cf214b	generated_video	regenerable_with_pinned_code_configs_seeds_upstreams_and_GPU_exact_encoded_bytes_not_guaranteed
external_large_artifact	-	/mnt/NAS/data/hl5757/generated_artifacts/lateact/phase3/confirmation/0016_h13/left_to_right_lateact.pt	339234	cff3a9f6600c162a679c676d3ce4f6729aeae16ce1d10fd8d772d4ec7f3a1686	generated_latent_tensor	regenerable_with_pinned_code_configs_seeds_upstreams_and_GPU_exact_encoded_bytes_not_guaranteed
external_large_artifact	-	/mnt/NAS/data/hl5757/generated_artifacts/lateact/phase3/confirmation/0016_h13/left_to_right_new_oracle.mp4	1243268	b3383f7bdc616208b5a90381a3f22aa893178acdb382327e3f5b63c018a12483	generated_video	regenerable_with_pinned_code_configs_seeds_upstreams_and_GPU_exact_encoded_bytes_not_guaranteed
external_large_artifact	-	/mnt/NAS/data/hl5757/generated_artifacts/lateact/phase3/confirmation/0016_h13/left_to_right_new_oracle.pt	339313	57c24381f49f8c17ccf13e72195d83f152a6fc56c458fb1ab6eb396031d1fbd3	generated_latent_tensor	regenerable_with_pinned_code_configs_seeds_upstreams_and_GPU_exact_encoded_bytes_not_guaranteed
external_large_artifact	-	/mnt/NAS/data/hl5757/generated_artifacts/lateact/phase3/confirmation/0016_h13/left_to_right_next_new.mp4	2055194	44ce5ad53753b1c5083fecd9d451738991f6eba918e890971b27f8a6dc6bb6ec	generated_video	regenerable_with_pinned_code_configs_seeds_upstreams_and_GPU_exact_encoded_bytes_not_guaranteed
external_large_artifact	-	/mnt/NAS/data/hl5757/generated_artifacts/lateact/phase3/confirmation/0016_h13/left_to_right_next_new.pt	339303	7f5f55d3ff96156e1df38e08e7177baed4d940e0fe1bfc0a7a08c786dc3ab3c3	generated_latent_tensor	regenerable_with_pinned_code_configs_seeds_upstreams_and_GPU_exact_encoded_bytes_not_guaranteed
external_large_artifact	-	/mnt/NAS/data/hl5757/generated_artifacts/lateact/phase3/confirmation/0016_h13/left_to_right_next_old.mp4	2082748	2a20089a201cbc9dda6339574c398275f14634040f22a146a23f2728a01abb36	generated_video	regenerable_with_pinned_code_configs_seeds_upstreams_and_GPU_exact_encoded_bytes_not_guaranteed
external_large_artifact	-	/mnt/NAS/data/hl5757/generated_artifacts/lateact/phase3/confirmation/0016_h13/left_to_right_next_old.pt	339303	5398a215116541974ef714d76c17f41a30f879c88ad5a031e1309bae8841cb19	generated_latent_tensor	regenerable_with_pinned_code_configs_seeds_upstreams_and_GPU_exact_encoded_bytes_not_guaranteed
external_large_artifact	-	/mnt/NAS/data/hl5757/generated_artifacts/lateact/phase3/confirmation/0016_h13/left_to_right_old.mp4	1221175	f5b7abfa3e356f4c686b3faa6ca8523a7e956d520577c4a619842ff81a935972	generated_video	regenerable_with_pinned_code_configs_seeds_upstreams_and_GPU_exact_encoded_bytes_not_guaranteed
external_large_artifact	-	/mnt/NAS/data/hl5757/generated_artifacts/lateact/phase3/confirmation/0016_h13/left_to_right_old.pt	339150	114cac4372ef9b8e6bb4dc6a86456487cce55713e03f027e11033253fc11a82e	generated_latent_tensor	regenerable_with_pinned_code_configs_seeds_upstreams_and_GPU_exact_encoded_bytes_not_guaranteed
external_large_artifact	-	/mnt/NAS/data/hl5757/generated_artifacts/lateact/phase3/confirmation/0016_h13/right_to_left_direct_late.mp4	1244983	f5f2efc6637103c6b433dc9f2575aadabe83d59576ea09a4f847f8cd3c3d7279	generated_video	regenerable_with_pinned_code_configs_seeds_upstreams_and_GPU_exact_encoded_bytes_not_guaranteed
external_large_artifact	-	/mnt/NAS/data/hl5757/generated_artifacts/lateact/phase3/confirmation/0016_h13/right_to_left_direct_late.pt	339318	a3945e6e85feec1e84bd605ce305176de5905e87d70816e0a3bcc638653905d8	generated_latent_tensor	regenerable_with_pinned_code_configs_seeds_upstreams_and_GPU_exact_encoded_bytes_not_guaranteed
external_large_artifact	-	/mnt/NAS/data/hl5757/generated_artifacts/lateact/phase3/confirmation/0016_h13/right_to_left_lateact.mp4	1227632	7bf928b41632e9585f4c3a3a364e2f30031a1c70a6465cd51f7bb4a8e485ab8b	generated_video	regenerable_with_pinned_code_configs_seeds_upstreams_and_GPU_exact_encoded_bytes_not_guaranteed
external_large_artifact	-	/mnt/NAS/data/hl5757/generated_artifacts/lateact/phase3/confirmation/0016_h13/right_to_left_lateact.pt	339234	efb941e4976d01ede24627e908c16148778f4fd29ae13b677849fe5a7399897b	generated_latent_tensor	regenerable_with_pinned_code_configs_seeds_upstreams_and_GPU_exact_encoded_bytes_not_guaranteed
external_large_artifact	-	/mnt/NAS/data/hl5757/generated_artifacts/lateact/phase3/confirmation/0016_h13/right_to_left_new_oracle.mp4	1221175	f5b7abfa3e356f4c686b3faa6ca8523a7e956d520577c4a619842ff81a935972	generated_video	regenerable_with_pinned_code_configs_seeds_upstreams_and_GPU_exact_encoded_bytes_not_guaranteed
external_large_artifact	-	/mnt/NAS/data/hl5757/generated_artifacts/lateact/phase3/confirmation/0016_h13/right_to_left_new_oracle.pt	339313	103ac95ccd36523351c7c1522a189a25457e1fc8b524b1f321cab663bf05ef6d	generated_latent_tensor	regenerable_with_pinned_code_configs_seeds_upstreams_and_GPU_exact_encoded_bytes_not_guaranteed
external_large_artifact	-	/mnt/NAS/data/hl5757/generated_artifacts/lateact/phase3/confirmation/0016_h13/right_to_left_next_new.mp4	2079357	16cebd3e7e03f96e417da5e974515180bec27552f4af3a600d6299b30e18c85f	generated_video	regenerable_with_pinned_code_configs_seeds_upstreams_and_GPU_exact_encoded_bytes_not_guaranteed
external_large_artifact	-	/mnt/NAS/data/hl5757/generated_artifacts/lateact/phase3/confirmation/0016_h13/right_to_left_next_new.pt	339303	2d716c8f37ecc39661f27047f3c1c4a429d1675e1d079b533ffc1b3fa82106c0	generated_latent_tensor	regenerable_with_pinned_code_configs_seeds_upstreams_and_GPU_exact_encoded_bytes_not_guaranteed
external_large_artifact	-	/mnt/NAS/data/hl5757/generated_artifacts/lateact/phase3/confirmation/0016_h13/right_to_left_next_old.mp4	2156078	5631e0024ea76e92851452c591b3d9d4c8fe097a4e6f19f420261d391307cfab	generated_video	regenerable_with_pinned_code_configs_seeds_upstreams_and_GPU_exact_encoded_bytes_not_guaranteed
external_large_artifact	-	/mnt/NAS/data/hl5757/generated_artifacts/lateact/phase3/confirmation/0016_h13/right_to_left_next_old.pt	339303	5c49922844afbfcb40714ad1010b230703d3e007610ac3c5418b78eb3ef858ba	generated_latent_tensor	regenerable_with_pinned_code_configs_seeds_upstreams_and_GPU_exact_encoded_bytes_not_guaranteed
external_large_artifact	-	/mnt/NAS/data/hl5757/generated_artifacts/lateact/phase3/confirmation/0016_h13/right_to_left_old.mp4	1243268	b3383f7bdc616208b5a90381a3f22aa893178acdb382327e3f5b63c018a12483	generated_video	regenerable_with_pinned_code_configs_seeds_upstreams_and_GPU_exact_encoded_bytes_not_guaranteed
external_large_artifact	-	/mnt/NAS/data/hl5757/generated_artifacts/lateact/phase3/confirmation/0016_h13/right_to_left_old.pt	339150	938575dc938a4d7b1a5e77f71449797d801286a2749c269a10c8d6d7e38efe74	generated_latent_tensor	regenerable_with_pinned_code_configs_seeds_upstreams_and_GPU_exact_encoded_bytes_not_guaranteed
external_large_artifact	-	/mnt/NAS/data/hl5757/generated_artifacts/lateact/phase3/confirmation/0016_h14/left_to_right_direct_late.mp4	1263430	4e6239cd0a86d81d99113838c7ad4091d11d92704946d24b97f6aa49a762c82c	generated_video	regenerable_with_pinned_code_configs_seeds_upstreams_and_GPU_exact_encoded_bytes_not_guaranteed
external_large_artifact	-	/mnt/NAS/data/hl5757/generated_artifacts/lateact/phase3/confirmation/0016_h14/left_to_right_direct_late.pt	339318	de53efc4e4495c983618a801c44ce7dde2ce0a8614f49d837d9966704687972f	generated_latent_tensor	regenerable_with_pinned_code_configs_seeds_upstreams_and_GPU_exact_encoded_bytes_not_guaranteed
external_large_artifact	-	/mnt/NAS/data/hl5757/generated_artifacts/lateact/phase3/confirmation/0016_h14/left_to_right_lateact.mp4	1248654	d78c3267324051c3b2f77fbd55c537079179e62b3b961b1583de18ada16f314e	generated_video	regenerable_with_pinned_code_configs_seeds_upstreams_and_GPU_exact_encoded_bytes_not_guaranteed
external_large_artifact	-	/mnt/NAS/data/hl5757/generated_artifacts/lateact/phase3/confirmation/0016_h14/left_to_right_lateact.pt	339234	b8ea00a610adcc4c8cd7fead25af43693e02222733ce33ca244fbe3cdfb33243	generated_latent_tensor	regenerable_with_pinned_code_configs_seeds_upstreams_and_GPU_exact_encoded_bytes_not_guaranteed
external_large_artifact	-	/mnt/NAS/data/hl5757/generated_artifacts/lateact/phase3/confirmation/0016_h14/left_to_right_new_oracle.mp4	1250223	95db95320662a3893b8ddc91d70124d0b23d8d54df8257ad01c3c6fc83f7c82f	generated_video	regenerable_with_pinned_code_configs_seeds_upstreams_and_GPU_exact_encoded_bytes_not_guaranteed
external_large_artifact	-	/mnt/NAS/data/hl5757/generated_artifacts/lateact/phase3/confirmation/0016_h14/left_to_right_new_oracle.pt	339313	7fc7a2b892dddcedc7c9f9f86a4f8e91616f54ee16ba7b86f5da51593b99aad2	generated_latent_tensor	regenerable_with_pinned_code_configs_seeds_upstreams_and_GPU_exact_encoded_bytes_not_guaranteed
external_large_artifact	-	/mnt/NAS/data/hl5757/generated_artifacts/lateact/phase3/confirmation/0016_h14/left_to_right_next_new.mp4	2055297	6d716d26d2917a80616a6e8b44968fa3fe1ad64ae1c0e695d047e26e2a24f29b	generated_video	regenerable_with_pinned_code_configs_seeds_upstreams_and_GPU_exact_encoded_bytes_not_guaranteed
external_large_artifact	-	/mnt/NAS/data/hl5757/generated_artifacts/lateact/phase3/confirmation/0016_h14/left_to_right_next_new.pt	339303	cc360ff7002d18e6f8b55bbb5256b5cf4c3b2e93be145c777e889523d8fe2ca7	generated_latent_tensor	regenerable_with_pinned_code_configs_seeds_upstreams_and_GPU_exact_encoded_bytes_not_guaranteed
external_large_artifact	-	/mnt/NAS/data/hl5757/generated_artifacts/lateact/phase3/confirmation/0016_h14/left_to_right_next_old.mp4	2086075	2bd27a82f0bb89cd8c9185ddb5e08c9e2427210304b0238f338268a753cb45b2	generated_video	regenerable_with_pinned_code_configs_seeds_upstreams_and_GPU_exact_encoded_bytes_not_guaranteed
external_large_artifact	-	/mnt/NAS/data/hl5757/generated_artifacts/lateact/phase3/confirmation/0016_h14/left_to_right_next_old.pt	339303	51d10168078baa6ba961c52cffaebdbd0a57a9d2113d8cc1df26e5b85729f2b0	generated_latent_tensor	regenerable_with_pinned_code_configs_seeds_upstreams_and_GPU_exact_encoded_bytes_not_guaranteed
external_large_artifact	-	/mnt/NAS/data/hl5757/generated_artifacts/lateact/phase3/confirmation/0016_h14/left_to_right_old.mp4	1221044	63da242cc141daba5b0e85b3f590df5d41aacd293698a394f2106f975a3f755d	generated_video	regenerable_with_pinned_code_configs_seeds_upstreams_and_GPU_exact_encoded_bytes_not_guaranteed
external_large_artifact	-	/mnt/NAS/data/hl5757/generated_artifacts/lateact/phase3/confirmation/0016_h14/left_to_right_old.pt	339150	420d495f3fb7894b257389c36cd77c1ee3d5d1b30c95c7b33d06aeaa375827d0	generated_latent_tensor	regenerable_with_pinned_code_configs_seeds_upstreams_and_GPU_exact_encoded_bytes_not_guaranteed
external_large_artifact	-	/mnt/NAS/data/hl5757/generated_artifacts/lateact/phase3/confirmation/0016_h14/right_to_left_direct_late.mp4	1238108	89191f8f405e0c8a36846fb14b035027a8c575201915a2e2851608c3e1f55f5c	generated_video	regenerable_with_pinned_code_configs_seeds_upstreams_and_GPU_exact_encoded_bytes_not_guaranteed
external_large_artifact	-	/mnt/NAS/data/hl5757/generated_artifacts/lateact/phase3/confirmation/0016_h14/right_to_left_direct_late.pt	339318	1ee7815192c3c1565e62f0006bbfe7b131f450ce2f26a3e9c8576449a630b647	generated_latent_tensor	regenerable_with_pinned_code_configs_seeds_upstreams_and_GPU_exact_encoded_bytes_not_guaranteed
external_large_artifact	-	/mnt/NAS/data/hl5757/generated_artifacts/lateact/phase3/confirmation/0016_h14/right_to_left_lateact.mp4	1230001	331ec9ed0b6120b64344cae9e88e34761f1d38b92501753d3240e2a1afbdf184	generated_video	regenerable_with_pinned_code_configs_seeds_upstreams_and_GPU_exact_encoded_bytes_not_guaranteed
external_large_artifact	-	/mnt/NAS/data/hl5757/generated_artifacts/lateact/phase3/confirmation/0016_h14/right_to_left_lateact.pt	339234	db77420e215181432db1504c627468fae94770b4b003f5b6062264621164e506	generated_latent_tensor	regenerable_with_pinned_code_configs_seeds_upstreams_and_GPU_exact_encoded_bytes_not_guaranteed
external_large_artifact	-	/mnt/NAS/data/hl5757/generated_artifacts/lateact/phase3/confirmation/0016_h14/right_to_left_new_oracle.mp4	1221044	63da242cc141daba5b0e85b3f590df5d41aacd293698a394f2106f975a3f755d	generated_video	regenerable_with_pinned_code_configs_seeds_upstreams_and_GPU_exact_encoded_bytes_not_guaranteed
external_large_artifact	-	/mnt/NAS/data/hl5757/generated_artifacts/lateact/phase3/confirmation/0016_h14/right_to_left_new_oracle.pt	339313	7219fa61d4c49c168934c6196de2fe5995e935f2caa9dd335611ce302bdd3a4d	generated_latent_tensor	regenerable_with_pinned_code_configs_seeds_upstreams_and_GPU_exact_encoded_bytes_not_guaranteed
external_large_artifact	-	/mnt/NAS/data/hl5757/generated_artifacts/lateact/phase3/confirmation/0016_h14/right_to_left_next_new.mp4	2094578	07ed310cc16a24b964a682e49b70ebeb555ac4f4a2426f926ae671119513feb2	generated_video	regenerable_with_pinned_code_configs_seeds_upstreams_and_GPU_exact_encoded_bytes_not_guaranteed
external_large_artifact	-	/mnt/NAS/data/hl5757/generated_artifacts/lateact/phase3/confirmation/0016_h14/right_to_left_next_new.pt	339303	d293a46025cadce2ce95fe944a0dd74a9621cc8a112b3a1381d05f774d551f18	generated_latent_tensor	regenerable_with_pinned_code_configs_seeds_upstreams_and_GPU_exact_encoded_bytes_not_guaranteed
external_large_artifact	-	/mnt/NAS/data/hl5757/generated_artifacts/lateact/phase3/confirmation/0016_h14/right_to_left_next_old.mp4	2152806	ae912691223ff05d9d7f1ace2bde49811bb4eb478c57de03615abfc3f5a4a2a4	generated_video	regenerable_with_pinned_code_configs_seeds_upstreams_and_GPU_exact_encoded_bytes_not_guaranteed
external_large_artifact	-	/mnt/NAS/data/hl5757/generated_artifacts/lateact/phase3/confirmation/0016_h14/right_to_left_next_old.pt	339303	4396a92c1f6aa16deae999b98cfc47cbb3942203a4922fa44302e42a9b52bed6	generated_latent_tensor	regenerable_with_pinned_code_configs_seeds_upstreams_and_GPU_exact_encoded_bytes_not_guaranteed
external_large_artifact	-	/mnt/NAS/data/hl5757/generated_artifacts/lateact/phase3/confirmation/0016_h14/right_to_left_old.mp4	1250223	95db95320662a3893b8ddc91d70124d0b23d8d54df8257ad01c3c6fc83f7c82f	generated_video	regenerable_with_pinned_code_configs_seeds_upstreams_and_GPU_exact_encoded_bytes_not_guaranteed
external_large_artifact	-	/mnt/NAS/data/hl5757/generated_artifacts/lateact/phase3/confirmation/0016_h14/right_to_left_old.pt	339150	970140d70f369c15f869912d496ac3ee4bf170d09dbe0039150a9617e4fbe489	generated_latent_tensor	regenerable_with_pinned_code_configs_seeds_upstreams_and_GPU_exact_encoded_bytes_not_guaranteed
external_large_artifact	-	/mnt/NAS/data/hl5757/generated_artifacts/lateact/phase3/confirmation/0016_h15/left_to_right_direct_late.mp4	1237096	9f1e929044390b83f31fbf6d2e4878f6aeb7c6b6708d65008aa154e699490c6c	generated_video	regenerable_with_pinned_code_configs_seeds_upstreams_and_GPU_exact_encoded_bytes_not_guaranteed
external_large_artifact	-	/mnt/NAS/data/hl5757/generated_artifacts/lateact/phase3/confirmation/0016_h15/left_to_right_direct_late.pt	339318	6939d0eb8a8c65cb5e8a7e4fca687fd46c5f30d43e6e2682325442ea048bf7d3	generated_latent_tensor	regenerable_with_pinned_code_configs_seeds_upstreams_and_GPU_exact_encoded_bytes_not_guaranteed
external_large_artifact	-	/mnt/NAS/data/hl5757/generated_artifacts/lateact/phase3/confirmation/0016_h15/left_to_right_lateact.mp4	1245942	56a9b4648d1265853cd5a2aa22ef08e3516ade0991e919c2965d1452e22c8954	generated_video	regenerable_with_pinned_code_configs_seeds_upstreams_and_GPU_exact_encoded_bytes_not_guaranteed
external_large_artifact	-	/mnt/NAS/data/hl5757/generated_artifacts/lateact/phase3/confirmation/0016_h15/left_to_right_lateact.pt	339234	e165d7b7e8a769bd2009985a034cad275d285a27d49e88307da81d4f9159c0fd	generated_latent_tensor	regenerable_with_pinned_code_configs_seeds_upstreams_and_GPU_exact_encoded_bytes_not_guaranteed
external_large_artifact	-	/mnt/NAS/data/hl5757/generated_artifacts/lateact/phase3/confirmation/0016_h15/left_to_right_new_oracle.mp4	1243975	91d3f99d00dedfd78a7a7ef2b5dddec77ed82e032f5e76de32155098fd1bdb16	generated_video	regenerable_with_pinned_code_configs_seeds_upstreams_and_GPU_exact_encoded_bytes_not_guaranteed
external_large_artifact	-	/mnt/NAS/data/hl5757/generated_artifacts/lateact/phase3/confirmation/0016_h15/left_to_right_new_oracle.pt	339313	08931c4da7cc2825afd81cbdff86972ea5b13b02d409944421b4ebdefc827418	generated_latent_tensor	regenerable_with_pinned_code_configs_seeds_upstreams_and_GPU_exact_encoded_bytes_not_guaranteed
external_large_artifact	-	/mnt/NAS/data/hl5757/generated_artifacts/lateact/phase3/confirmation/0016_h15/left_to_right_next_new.mp4	2064086	ec5431d9bf27195a5828397dc83739f6a2fb50706cf22c054d2319a15ecc5170	generated_video	regenerable_with_pinned_code_configs_seeds_upstreams_and_GPU_exact_encoded_bytes_not_guaranteed
external_large_artifact	-	/mnt/NAS/data/hl5757/generated_artifacts/lateact/phase3/confirmation/0016_h15/left_to_right_next_new.pt	339303	7fcfad8ada5b737da9200fb0e4dfee3c73209e7811e996c9e5d5e434d6e73474	generated_latent_tensor	regenerable_with_pinned_code_configs_seeds_upstreams_and_GPU_exact_encoded_bytes_not_guaranteed
external_large_artifact	-	/mnt/NAS/data/hl5757/generated_artifacts/lateact/phase3/confirmation/0016_h15/left_to_right_next_old.mp4	2097502	65236d343543c45cbb3acbe4a3dfee7f3f9ed92d5f92e6a139731419499fc5cb	generated_video	regenerable_with_pinned_code_configs_seeds_upstreams_and_GPU_exact_encoded_bytes_not_guaranteed
external_large_artifact	-	/mnt/NAS/data/hl5757/generated_artifacts/lateact/phase3/confirmation/0016_h15/left_to_right_next_old.pt	339303	f6db831f3d0d770e952c664db1ffc804546ab67c68ba628e5213dac996b0f697	generated_latent_tensor	regenerable_with_pinned_code_configs_seeds_upstreams_and_GPU_exact_encoded_bytes_not_guaranteed
external_large_artifact	-	/mnt/NAS/data/hl5757/generated_artifacts/lateact/phase3/confirmation/0016_h15/left_to_right_old.mp4	1225681	0a6adb0af3fa0e9cdf04dc580628de25ad5366019a4947aea10ea3c53d7d2f54	generated_video	regenerable_with_pinned_code_configs_seeds_upstreams_and_GPU_exact_encoded_bytes_not_guaranteed
external_large_artifact	-	/mnt/NAS/data/hl5757/generated_artifacts/lateact/phase3/confirmation/0016_h15/left_to_right_old.pt	339150	7ffab6d29692d15c87f785775b5185ccdafedbe43c08a45cf8c177cae27fe0fc	generated_latent_tensor	regenerable_with_pinned_code_configs_seeds_upstreams_and_GPU_exact_encoded_bytes_not_guaranteed
external_large_artifact	-	/mnt/NAS/data/hl5757/generated_artifacts/lateact/phase3/confirmation/0016_h15/right_to_left_direct_late.mp4	1240190	d20851ea30d6cde34f39e2969e16cc79de9107b0390a282119dde3115a5f4faf	generated_video	regenerable_with_pinned_code_configs_seeds_upstreams_and_GPU_exact_encoded_bytes_not_guaranteed
external_large_artifact	-	/mnt/NAS/data/hl5757/generated_artifacts/lateact/phase3/confirmation/0016_h15/right_to_left_direct_late.pt	339318	2778b1880bae6fca8f5c2d210b34bc8c30547f951aa9c399bb9ee14341a257b3	generated_latent_tensor	regenerable_with_pinned_code_configs_seeds_upstreams_and_GPU_exact_encoded_bytes_not_guaranteed
external_large_artifact	-	/mnt/NAS/data/hl5757/generated_artifacts/lateact/phase3/confirmation/0016_h15/right_to_left_lateact.mp4	1232543	88c8069fc243f30ff8af6f75c3318c86f4be68e4d12e8451c37f461ac6e45547	generated_video	regenerable_with_pinned_code_configs_seeds_upstreams_and_GPU_exact_encoded_bytes_not_guaranteed
external_large_artifact	-	/mnt/NAS/data/hl5757/generated_artifacts/lateact/phase3/confirmation/0016_h15/right_to_left_lateact.pt	339234	a29c2ee6f430470b52b41eabc09c6b661ceff59269de61b3bc29e33d2298678a	generated_latent_tensor	regenerable_with_pinned_code_configs_seeds_upstreams_and_GPU_exact_encoded_bytes_not_guaranteed
external_large_artifact	-	/mnt/NAS/data/hl5757/generated_artifacts/lateact/phase3/confirmation/0016_h15/right_to_left_new_oracle.mp4	1225681	0a6adb0af3fa0e9cdf04dc580628de25ad5366019a4947aea10ea3c53d7d2f54	generated_video	regenerable_with_pinned_code_configs_seeds_upstreams_and_GPU_exact_encoded_bytes_not_guaranteed
external_large_artifact	-	/mnt/NAS/data/hl5757/generated_artifacts/lateact/phase3/confirmation/0016_h15/right_to_left_new_oracle.pt	339313	0ea06dd6e94bf3643a064a8fe37eadc31a6ff5173bea130ddfc9963eed2e5e6b	generated_latent_tensor	regenerable_with_pinned_code_configs_seeds_upstreams_and_GPU_exact_encoded_bytes_not_guaranteed
external_large_artifact	-	/mnt/NAS/data/hl5757/generated_artifacts/lateact/phase3/confirmation/0016_h15/right_to_left_next_new.mp4	2081835	5f536b05a1329d3b7f144d2ac475917237e616f699cc4e322734e4a49f026f8c	generated_video	regenerable_with_pinned_code_configs_seeds_upstreams_and_GPU_exact_encoded_bytes_not_guaranteed
external_large_artifact	-	/mnt/NAS/data/hl5757/generated_artifacts/lateact/phase3/confirmation/0016_h15/right_to_left_next_new.pt	339303	71e6c4bb70c94831e3f7eda306d8e4182c8b433094f8d9f6e805bc262a7937eb	generated_latent_tensor	regenerable_with_pinned_code_configs_seeds_upstreams_and_GPU_exact_encoded_bytes_not_guaranteed
external_large_artifact	-	/mnt/NAS/data/hl5757/generated_artifacts/lateact/phase3/confirmation/0016_h15/right_to_left_next_old.mp4	2148030	da942ffbafea6f2d215df4bcba6eb7e6250c7e84c4715642c7db7d4a399ba7c9	generated_video	regenerable_with_pinned_code_configs_seeds_upstreams_and_GPU_exact_encoded_bytes_not_guaranteed
external_large_artifact	-	/mnt/NAS/data/hl5757/generated_artifacts/lateact/phase3/confirmation/0016_h15/right_to_left_next_old.pt	339303	c4a96473fe992e313501a1e1c17d8cede3b6f68335a00f792298fa9824101758	generated_latent_tensor	regenerable_with_pinned_code_configs_seeds_upstreams_and_GPU_exact_encoded_bytes_not_guaranteed
external_large_artifact	-	/mnt/NAS/data/hl5757/generated_artifacts/lateact/phase3/confirmation/0016_h15/right_to_left_old.mp4	1243975	91d3f99d00dedfd78a7a7ef2b5dddec77ed82e032f5e76de32155098fd1bdb16	generated_video	regenerable_with_pinned_code_configs_seeds_upstreams_and_GPU_exact_encoded_bytes_not_guaranteed
external_large_artifact	-	/mnt/NAS/data/hl5757/generated_artifacts/lateact/phase3/confirmation/0016_h15/right_to_left_old.pt	339150	6ffe50ca8edd1c2f8da2ab0a21786d6f77475079a17325a8ee7828e29a1a4b82	generated_latent_tensor	regenerable_with_pinned_code_configs_seeds_upstreams_and_GPU_exact_encoded_bytes_not_guaranteed
external_large_artifact	-	/mnt/NAS/data/hl5757/generated_artifacts/lateact/phase3/confirmation/0016_h16/left_to_right_direct_late.mp4	1219114	79175ab6cc24f282874f01ba489eeb9a34edd126d873ffe81dd5037e3581d034	generated_video	regenerable_with_pinned_code_configs_seeds_upstreams_and_GPU_exact_encoded_bytes_not_guaranteed
external_large_artifact	-	/mnt/NAS/data/hl5757/generated_artifacts/lateact/phase3/confirmation/0016_h16/left_to_right_direct_late.pt	339318	8ce242eeca689d60f2043c842b942d60248b61f9c1e504d849b45f3110a24955	generated_latent_tensor	regenerable_with_pinned_code_configs_seeds_upstreams_and_GPU_exact_encoded_bytes_not_guaranteed
external_large_artifact	-	/mnt/NAS/data/hl5757/generated_artifacts/lateact/phase3/confirmation/0016_h16/left_to_right_lateact.mp4	1236806	2d7a0efcb530e060186f29d0c80ee8c49343fe1151fe7376ce5bd3f7c924292e	generated_video	regenerable_with_pinned_code_configs_seeds_upstreams_and_GPU_exact_encoded_bytes_not_guaranteed
external_large_artifact	-	/mnt/NAS/data/hl5757/generated_artifacts/lateact/phase3/confirmation/0016_h16/left_to_right_lateact.pt	339234	786760e5e77bf2c6c87cdcce3f963f310208634b4ba1cd42f40a275593b62d74	generated_latent_tensor	regenerable_with_pinned_code_configs_seeds_upstreams_and_GPU_exact_encoded_bytes_not_guaranteed
external_large_artifact	-	/mnt/NAS/data/hl5757/generated_artifacts/lateact/phase3/confirmation/0016_h16/left_to_right_new_oracle.mp4	1234263	f4f442c90f73ec19a758bb40df58cd05f5a58954224b7439865572fdc508eb85	generated_video	regenerable_with_pinned_code_configs_seeds_upstreams_and_GPU_exact_encoded_bytes_not_guaranteed
external_large_artifact	-	/mnt/NAS/data/hl5757/generated_artifacts/lateact/phase3/confirmation/0016_h16/left_to_right_new_oracle.pt	339313	41ecd2719b91edb6383461aa86af994e7157822af4d67073bc6841dacdfe68c8	generated_latent_tensor	regenerable_with_pinned_code_configs_seeds_upstreams_and_GPU_exact_encoded_bytes_not_guaranteed
external_large_artifact	-	/mnt/NAS/data/hl5757/generated_artifacts/lateact/phase3/confirmation/0016_h16/left_to_right_next_new.mp4	2061005	1bbf1e9cb6eeae5d3cdfac052fd24fe0e05359f741b67948082b3b4ac0f904ae	generated_video	regenerable_with_pinned_code_configs_seeds_upstreams_and_GPU_exact_encoded_bytes_not_guaranteed
external_large_artifact	-	/mnt/NAS/data/hl5757/generated_artifacts/lateact/phase3/confirmation/0016_h16/left_to_right_next_new.pt	339303	a4a6bea2aea08d28003808908d40490847710362c62fb4c6d8b6f1cbd947ccde	generated_latent_tensor	regenerable_with_pinned_code_configs_seeds_upstreams_and_GPU_exact_encoded_bytes_not_guaranteed
external_large_artifact	-	/mnt/NAS/data/hl5757/generated_artifacts/lateact/phase3/confirmation/0016_h16/left_to_right_next_old.mp4	2077932	3bae90df0909b763cd9eae8f19406eb5882873d57d83988b233f9e92e92f788a	generated_video	regenerable_with_pinned_code_configs_seeds_upstreams_and_GPU_exact_encoded_bytes_not_guaranteed
external_large_artifact	-	/mnt/NAS/data/hl5757/generated_artifacts/lateact/phase3/confirmation/0016_h16/left_to_right_next_old.pt	339303	0b0ce3b72851c3dc5dd9ba4d3f3b3ca8a80c50b923f62e246bfa997ba63001ae	generated_latent_tensor	regenerable_with_pinned_code_configs_seeds_upstreams_and_GPU_exact_encoded_bytes_not_guaranteed
external_large_artifact	-	/mnt/NAS/data/hl5757/generated_artifacts/lateact/phase3/confirmation/0016_h16/left_to_right_old.mp4	1220212	406462695a0f11ecb6f5908d22829c48401cc6e71a113b0cacd94a14982766b2	generated_video	regenerable_with_pinned_code_configs_seeds_upstreams_and_GPU_exact_encoded_bytes_not_guaranteed
external_large_artifact	-	/mnt/NAS/data/hl5757/generated_artifacts/lateact/phase3/confirmation/0016_h16/left_to_right_old.pt	339150	337d9330a84b95ad4517dd7bc599442225322c44822792a413d002885976fa4c	generated_latent_tensor	regenerable_with_pinned_code_configs_seeds_upstreams_and_GPU_exact_encoded_bytes_not_guaranteed
external_large_artifact	-	/mnt/NAS/data/hl5757/generated_artifacts/lateact/phase3/confirmation/0016_h16/right_to_left_direct_late.mp4	1237445	b0dd69ab8ec9661f5003f2a3d03c350b83df3829b3f4a779f81664d8a5e670b7	generated_video	regenerable_with_pinned_code_configs_seeds_upstreams_and_GPU_exact_encoded_bytes_not_guaranteed
external_large_artifact	-	/mnt/NAS/data/hl5757/generated_artifacts/lateact/phase3/confirmation/0016_h16/right_to_left_direct_late.pt	339318	a2ad76a46adffc80239528d6f5cf8c0c095d2f6f67bb4fe752ba23bfecd127ce	generated_latent_tensor	regenerable_with_pinned_code_configs_seeds_upstreams_and_GPU_exact_encoded_bytes_not_guaranteed
external_large_artifact	-	/mnt/NAS/data/hl5757/generated_artifacts/lateact/phase3/confirmation/0016_h16/right_to_left_lateact.mp4	1223374	ca303e1bae730abaca861b66fbabb9e4d2aa2afa8dd227faebc0f012b238ae69	generated_video	regenerable_with_pinned_code_configs_seeds_upstreams_and_GPU_exact_encoded_bytes_not_guaranteed
external_large_artifact	-	/mnt/NAS/data/hl5757/generated_artifacts/lateact/phase3/confirmation/0016_h16/right_to_left_lateact.pt	339234	024aaa4981b6b0878cc661c089867fa92f7c6ebd149e7c5e5bb0699ef7757e85	generated_latent_tensor	regenerable_with_pinned_code_configs_seeds_upstreams_and_GPU_exact_encoded_bytes_not_guaranteed
external_large_artifact	-	/mnt/NAS/data/hl5757/generated_artifacts/lateact/phase3/confirmation/0016_h16/right_to_left_new_oracle.mp4	1220212	406462695a0f11ecb6f5908d22829c48401cc6e71a113b0cacd94a14982766b2	generated_video	regenerable_with_pinned_code_configs_seeds_upstreams_and_GPU_exact_encoded_bytes_not_guaranteed
external_large_artifact	-	/mnt/NAS/data/hl5757/generated_artifacts/lateact/phase3/confirmation/0016_h16/right_to_left_new_oracle.pt	339313	d3c51699fbd923378a6b0806dc376f54b31dff2fe6fab2797dc52a681093f6de	generated_latent_tensor	regenerable_with_pinned_code_configs_seeds_upstreams_and_GPU_exact_encoded_bytes_not_guaranteed
external_large_artifact	-	/mnt/NAS/data/hl5757/generated_artifacts/lateact/phase3/confirmation/0016_h16/right_to_left_next_new.mp4	2063692	5157bac90a51622b6859557231ec2e6bb8e2d2b9042a0129de415f5689c0a300	generated_video	regenerable_with_pinned_code_configs_seeds_upstreams_and_GPU_exact_encoded_bytes_not_guaranteed
external_large_artifact	-	/mnt/NAS/data/hl5757/generated_artifacts/lateact/phase3/confirmation/0016_h16/right_to_left_next_new.pt	339303	e7ab7e4c24976717a972be02e1ec4efe4472dbe6806150894d5fd7b05b092d35	generated_latent_tensor	regenerable_with_pinned_code_configs_seeds_upstreams_and_GPU_exact_encoded_bytes_not_guaranteed
external_large_artifact	-	/mnt/NAS/data/hl5757/generated_artifacts/lateact/phase3/confirmation/0016_h16/right_to_left_next_old.mp4	2138505	c64c678779553d075867386887b5a2a39abcf6aab2ba101e59c1dc41002c999f	generated_video	regenerable_with_pinned_code_configs_seeds_upstreams_and_GPU_exact_encoded_bytes_not_guaranteed
external_large_artifact	-	/mnt/NAS/data/hl5757/generated_artifacts/lateact/phase3/confirmation/0016_h16/right_to_left_next_old.pt	339303	8b11d06854522528ca17f65219b73ed9b34d02d1aad43d3d49ceda99b9aea073	generated_latent_tensor	regenerable_with_pinned_code_configs_seeds_upstreams_and_GPU_exact_encoded_bytes_not_guaranteed
external_large_artifact	-	/mnt/NAS/data/hl5757/generated_artifacts/lateact/phase3/confirmation/0016_h16/right_to_left_old.mp4	1234263	f4f442c90f73ec19a758bb40df58cd05f5a58954224b7439865572fdc508eb85	generated_video	regenerable_with_pinned_code_configs_seeds_upstreams_and_GPU_exact_encoded_bytes_not_guaranteed
external_large_artifact	-	/mnt/NAS/data/hl5757/generated_artifacts/lateact/phase3/confirmation/0016_h16/right_to_left_old.pt	339150	9bdad0d660321d00cd92b46516e876c9f74497f5f85e17ef06cf0cf488b247fa	generated_latent_tensor	regenerable_with_pinned_code_configs_seeds_upstreams_and_GPU_exact_encoded_bytes_not_guaranteed
external_large_artifact	-	/mnt/NAS/data/hl5757/generated_artifacts/lateact/phase3/confirmation/0016_h17/left_to_right_direct_late.mp4	1219134	6d46ad9097e7999fc607c513fb34572696d59c214613c4070e35433d3bc7e7ee	generated_video	regenerable_with_pinned_code_configs_seeds_upstreams_and_GPU_exact_encoded_bytes_not_guaranteed
external_large_artifact	-	/mnt/NAS/data/hl5757/generated_artifacts/lateact/phase3/confirmation/0016_h17/left_to_right_direct_late.pt	339318	747eb90b50563b6f15dcf79c837d0808ad8fe135eb29e18691c6c8da5730f6ad	generated_latent_tensor	regenerable_with_pinned_code_configs_seeds_upstreams_and_GPU_exact_encoded_bytes_not_guaranteed
external_large_artifact	-	/mnt/NAS/data/hl5757/generated_artifacts/lateact/phase3/confirmation/0016_h17/left_to_right_lateact.mp4	1228136	002714bfd6c9b533cf4844284c8178f1af77fdfc2337708d5179b5dd9397e678	generated_video	regenerable_with_pinned_code_configs_seeds_upstreams_and_GPU_exact_encoded_bytes_not_guaranteed
external_large_artifact	-	/mnt/NAS/data/hl5757/generated_artifacts/lateact/phase3/confirmation/0016_h17/left_to_right_lateact.pt	339234	c9f837e7253f635cd9636acc356e290ad7e7640c2ad1a498fd808f7e108b11ae	generated_latent_tensor	regenerable_with_pinned_code_configs_seeds_upstreams_and_GPU_exact_encoded_bytes_not_guaranteed
external_large_artifact	-	/mnt/NAS/data/hl5757/generated_artifacts/lateact/phase3/confirmation/0016_h17/left_to_right_new_oracle.mp4	1227132	c0ee96ce589e14a50036618a7af7fdf16d7e29364e17ffc6450c93c08fd47a11	generated_video	regenerable_with_pinned_code_configs_seeds_upstreams_and_GPU_exact_encoded_bytes_not_guaranteed
external_large_artifact	-	/mnt/NAS/data/hl5757/generated_artifacts/lateact/phase3/confirmation/0016_h17/left_to_right_new_oracle.pt	339313	4a3ef84ca6134db47478ab782c5cd0ccffd1aaae8dfa2ad3e07791c15558076e	generated_latent_tensor	regenerable_with_pinned_code_configs_seeds_upstreams_and_GPU_exact_encoded_bytes_not_guaranteed
external_large_artifact	-	/mnt/NAS/data/hl5757/generated_artifacts/lateact/phase3/confirmation/0016_h17/left_to_right_next_new.mp4	2056248	600d10da22f13ad7a12c0aa49afec4813ff3af55687d6bbb89102ba72ccadd8d	generated_video	regenerable_with_pinned_code_configs_seeds_upstreams_and_GPU_exact_encoded_bytes_not_guaranteed
external_large_artifact	-	/mnt/NAS/data/hl5757/generated_artifacts/lateact/phase3/confirmation/0016_h17/left_to_right_next_new.pt	339303	f3820700e9b6da9c00e84653c5ff8b021ce3e767df8acb2f658117dbf2c3dda7	generated_latent_tensor	regenerable_with_pinned_code_configs_seeds_upstreams_and_GPU_exact_encoded_bytes_not_guaranteed
external_large_artifact	-	/mnt/NAS/data/hl5757/generated_artifacts/lateact/phase3/confirmation/0016_h17/left_to_right_next_old.mp4	2079482	09f0ec0d1a4c78cce94b186aca77a148a610bd90c2da5a03e862e6b897bd3e7b	generated_video	regenerable_with_pinned_code_configs_seeds_upstreams_and_GPU_exact_encoded_bytes_not_guaranteed
external_large_artifact	-	/mnt/NAS/data/hl5757/generated_artifacts/lateact/phase3/confirmation/0016_h17/left_to_right_next_old.pt	339303	072f2209bd2dcb0746b22dd88cc75455b1df567e3577702fa805125cd965d689	generated_latent_tensor	regenerable_with_pinned_code_configs_seeds_upstreams_and_GPU_exact_encoded_bytes_not_guaranteed
external_large_artifact	-	/mnt/NAS/data/hl5757/generated_artifacts/lateact/phase3/confirmation/0016_h17/left_to_right_old.mp4	1212903	fd9e7b62a7048417985879f937b55c72265fd86b53f97dedb0fb184d48fa1b1e	generated_video	regenerable_with_pinned_code_configs_seeds_upstreams_and_GPU_exact_encoded_bytes_not_guaranteed
external_large_artifact	-	/mnt/NAS/data/hl5757/generated_artifacts/lateact/phase3/confirmation/0016_h17/left_to_right_old.pt	339150	c9bc27dc8380ecbbeeefdfbe7eeba9eb7f818c7be76e4d578f424cf134f7f924	generated_latent_tensor	regenerable_with_pinned_code_configs_seeds_upstreams_and_GPU_exact_encoded_bytes_not_guaranteed
external_large_artifact	-	/mnt/NAS/data/hl5757/generated_artifacts/lateact/phase3/confirmation/0016_h17/right_to_left_direct_late.mp4	1224187	0fc4e34ecbb942086121f21a8abbebc011e28f30c93f7533d7ee74924560d5fe	generated_video	regenerable_with_pinned_code_configs_seeds_upstreams_and_GPU_exact_encoded_bytes_not_guaranteed
external_large_artifact	-	/mnt/NAS/data/hl5757/generated_artifacts/lateact/phase3/confirmation/0016_h17/right_to_left_direct_late.pt	339318	69f6fe2cdb9a7208d03a51ba3b7d906ca6db3c6d46b869ca698d74e70344744a	generated_latent_tensor	regenerable_with_pinned_code_configs_seeds_upstreams_and_GPU_exact_encoded_bytes_not_guaranteed
external_large_artifact	-	/mnt/NAS/data/hl5757/generated_artifacts/lateact/phase3/confirmation/0016_h17/right_to_left_lateact.mp4	1217837	2c6c6abb70886e7372116f9483ba6297a57d4008946a6d49eebb4b58ca9db7ca	generated_video	regenerable_with_pinned_code_configs_seeds_upstreams_and_GPU_exact_encoded_bytes_not_guaranteed
external_large_artifact	-	/mnt/NAS/data/hl5757/generated_artifacts/lateact/phase3/confirmation/0016_h17/right_to_left_lateact.pt	339234	5d5d8a4c513f0cc4e712a085211c292da786bf85c4f10bcbb79098b8f565e04a	generated_latent_tensor	regenerable_with_pinned_code_configs_seeds_upstreams_and_GPU_exact_encoded_bytes_not_guaranteed
external_large_artifact	-	/mnt/NAS/data/hl5757/generated_artifacts/lateact/phase3/confirmation/0016_h17/right_to_left_new_oracle.mp4	1212903	fd9e7b62a7048417985879f937b55c72265fd86b53f97dedb0fb184d48fa1b1e	generated_video	regenerable_with_pinned_code_configs_seeds_upstreams_and_GPU_exact_encoded_bytes_not_guaranteed
external_large_artifact	-	/mnt/NAS/data/hl5757/generated_artifacts/lateact/phase3/confirmation/0016_h17/right_to_left_new_oracle.pt	339313	92aca67d6381d242295a486ae65afa2737e6c4275dda1e24bd837962858585f0	generated_latent_tensor	regenerable_with_pinned_code_configs_seeds_upstreams_and_GPU_exact_encoded_bytes_not_guaranteed
external_large_artifact	-	/mnt/NAS/data/hl5757/generated_artifacts/lateact/phase3/confirmation/0016_h17/right_to_left_next_new.mp4	2061805	59649e8daf74f62d9b2a813b3de9daced922a8b27262a846663ee5f3a121388e	generated_video	regenerable_with_pinned_code_configs_seeds_upstreams_and_GPU_exact_encoded_bytes_not_guaranteed
external_large_artifact	-	/mnt/NAS/data/hl5757/generated_artifacts/lateact/phase3/confirmation/0016_h17/right_to_left_next_new.pt	339303	329555702dc242c562723bd7c17c896b87cdcfc66d324a5e6b1e4c5b614cf601	generated_latent_tensor	regenerable_with_pinned_code_configs_seeds_upstreams_and_GPU_exact_encoded_bytes_not_guaranteed
external_large_artifact	-	/mnt/NAS/data/hl5757/generated_artifacts/lateact/phase3/confirmation/0016_h17/right_to_left_next_old.mp4	2131926	8debad3694a118fec56b242924035e761d38d8e087173fd04c20950eff2cab13	generated_video	regenerable_with_pinned_code_configs_seeds_upstreams_and_GPU_exact_encoded_bytes_not_guaranteed
external_large_artifact	-	/mnt/NAS/data/hl5757/generated_artifacts/lateact/phase3/confirmation/0016_h17/right_to_left_next_old.pt	339303	6c5e97b96adbd5140423e0aaf4d257ddbf1e21e8b5854d34d270c5e360fd2b9b	generated_latent_tensor	regenerable_with_pinned_code_configs_seeds_upstreams_and_GPU_exact_encoded_bytes_not_guaranteed
external_large_artifact	-	/mnt/NAS/data/hl5757/generated_artifacts/lateact/phase3/confirmation/0016_h17/right_to_left_old.mp4	1227132	c0ee96ce589e14a50036618a7af7fdf16d7e29364e17ffc6450c93c08fd47a11	generated_video	regenerable_with_pinned_code_configs_seeds_upstreams_and_GPU_exact_encoded_bytes_not_guaranteed
external_large_artifact	-	/mnt/NAS/data/hl5757/generated_artifacts/lateact/phase3/confirmation/0016_h17/right_to_left_old.pt	339150	2a83ffd90c145d6cd3107854bb3b0902f4d6d4129f6ab12867f669dec516959f	generated_latent_tensor	regenerable_with_pinned_code_configs_seeds_upstreams_and_GPU_exact_encoded_bytes_not_guaranteed
external_large_artifact	-	/mnt/NAS/data/hl5757/generated_artifacts/lateact/phase3/confirmation/0016_h18/left_to_right_direct_late.mp4	1261218	f35557cc5d6bd55724819dfae5fdda219288fba79044a6d56af0b9a6112ecfec	generated_video	regenerable_with_pinned_code_configs_seeds_upstreams_and_GPU_exact_encoded_bytes_not_guaranteed
external_large_artifact	-	/mnt/NAS/data/hl5757/generated_artifacts/lateact/phase3/confirmation/0016_h18/left_to_right_direct_late.pt	339318	36473481da2ba165793446e7bf94fb6594b1f9eef1fd6f70e6774d8cd15d5e72	generated_latent_tensor	regenerable_with_pinned_code_configs_seeds_upstreams_and_GPU_exact_encoded_bytes_not_guaranteed
external_large_artifact	-	/mnt/NAS/data/hl5757/generated_artifacts/lateact/phase3/confirmation/0016_h18/left_to_right_lateact.mp4	1263247	5c8cfaf56128a0c2cae12a818177435d93a2f174c03b20207b9701e819db7acf	generated_video	regenerable_with_pinned_code_configs_seeds_upstreams_and_GPU_exact_encoded_bytes_not_guaranteed
external_large_artifact	-	/mnt/NAS/data/hl5757/generated_artifacts/lateact/phase3/confirmation/0016_h18/left_to_right_lateact.pt	339234	47b5f05656d200c7fe0db9272fbb5d1c080bc79e2343b2a182221c14ea181980	generated_latent_tensor	regenerable_with_pinned_code_configs_seeds_upstreams_and_GPU_exact_encoded_bytes_not_guaranteed
external_large_artifact	-	/mnt/NAS/data/hl5757/generated_artifacts/lateact/phase3/confirmation/0016_h18/left_to_right_new_oracle.mp4	1259917	c19cd57e24e00a606caf39e491c82f4e6fd60d1d110d8729d4b91d2dad9e2928	generated_video	regenerable_with_pinned_code_configs_seeds_upstreams_and_GPU_exact_encoded_bytes_not_guaranteed
external_large_artifact	-	/mnt/NAS/data/hl5757/generated_artifacts/lateact/phase3/confirmation/0016_h18/left_to_right_new_oracle.pt	339313	dc8a83f18c76455764b654e0f960d9aebbb0167f5bf4b53d9d77d9df94f8fa76	generated_latent_tensor	regenerable_with_pinned_code_configs_seeds_upstreams_and_GPU_exact_encoded_bytes_not_guaranteed
external_large_artifact	-	/mnt/NAS/data/hl5757/generated_artifacts/lateact/phase3/confirmation/0016_h18/left_to_right_next_new.mp4	2085398	2860d2aebba2a12cad98159a2c7316aa95d715a4c8c1a7f7833b9dfcce57f160	generated_video	regenerable_with_pinned_code_configs_seeds_upstreams_and_GPU_exact_encoded_bytes_not_guaranteed
external_large_artifact	-	/mnt/NAS/data/hl5757/generated_artifacts/lateact/phase3/confirmation/0016_h18/left_to_right_next_new.pt	339303	41f383d4f0dfca993181a097e01b75cdcf04b7b7d867ca46cbc05d0debfc9b0f	generated_latent_tensor	regenerable_with_pinned_code_configs_seeds_upstreams_and_GPU_exact_encoded_bytes_not_guaranteed
external_large_artifact	-	/mnt/NAS/data/hl5757/generated_artifacts/lateact/phase3/confirmation/0016_h18/left_to_right_next_old.mp4	2106877	acd5b4611ad6c7eae58974bec757d84e3ef363acea694492e8c4fcf3658611e6	generated_video	regenerable_with_pinned_code_configs_seeds_upstreams_and_GPU_exact_encoded_bytes_not_guaranteed
external_large_artifact	-	/mnt/NAS/data/hl5757/generated_artifacts/lateact/phase3/confirmation/0016_h18/left_to_right_next_old.pt	339303	e5f91a0b6ac1a8ae653786d3583e3027bc3fc4b8d2f34d859f23fb58373aaebf	generated_latent_tensor	regenerable_with_pinned_code_configs_seeds_upstreams_and_GPU_exact_encoded_bytes_not_guaranteed
external_large_artifact	-	/mnt/NAS/data/hl5757/generated_artifacts/lateact/phase3/confirmation/0016_h18/left_to_right_old.mp4	1251017	81f5b53fa1d07b4e41fdd38556d591613c687bf4b96d1f801042b2835e354f7b	generated_video	regenerable_with_pinned_code_configs_seeds_upstreams_and_GPU_exact_encoded_bytes_not_guaranteed
external_large_artifact	-	/mnt/NAS/data/hl5757/generated_artifacts/lateact/phase3/confirmation/0016_h18/left_to_right_old.pt	339150	95af61f0360ec41381da37845a4eca3c633dd039ec58f553865a40fc85448cff	generated_latent_tensor	regenerable_with_pinned_code_configs_seeds_upstreams_and_GPU_exact_encoded_bytes_not_guaranteed
external_large_artifact	-	/mnt/NAS/data/hl5757/generated_artifacts/lateact/phase3/confirmation/0016_h18/right_to_left_direct_late.mp4	1267134	06dc7f60ca482bcd13461347c12983b30c4c17e206e6c156f8299c13fd2fc30a	generated_video	regenerable_with_pinned_code_configs_seeds_upstreams_and_GPU_exact_encoded_bytes_not_guaranteed
external_large_artifact	-	/mnt/NAS/data/hl5757/generated_artifacts/lateact/phase3/confirmation/0016_h18/right_to_left_direct_late.pt	339318	f5a6ddd1b48bd487df0d9b5faa02816f162fc7374cf7016b4a994b3eb01bbbc6	generated_latent_tensor	regenerable_with_pinned_code_configs_seeds_upstreams_and_GPU_exact_encoded_bytes_not_guaranteed
external_large_artifact	-	/mnt/NAS/data/hl5757/generated_artifacts/lateact/phase3/confirmation/0016_h18/right_to_left_lateact.mp4	1254323	3d4cfa4c7d715e06dd115ab0ee852cd2dd44aa4faadc680547f5010d3e7d2214	generated_video	regenerable_with_pinned_code_configs_seeds_upstreams_and_GPU_exact_encoded_bytes_not_guaranteed
external_large_artifact	-	/mnt/NAS/data/hl5757/generated_artifacts/lateact/phase3/confirmation/0016_h18/right_to_left_lateact.pt	339234	189f3ca86c0f4f34c7c557030e57086f8fde8d623402167d82b81f1411cda81c	generated_latent_tensor	regenerable_with_pinned_code_configs_seeds_upstreams_and_GPU_exact_encoded_bytes_not_guaranteed
external_large_artifact	-	/mnt/NAS/data/hl5757/generated_artifacts/lateact/phase3/confirmation/0016_h18/right_to_left_new_oracle.mp4	1251017	81f5b53fa1d07b4e41fdd38556d591613c687bf4b96d1f801042b2835e354f7b	generated_video	regenerable_with_pinned_code_configs_seeds_upstreams_and_GPU_exact_encoded_bytes_not_guaranteed
external_large_artifact	-	/mnt/NAS/data/hl5757/generated_artifacts/lateact/phase3/confirmation/0016_h18/right_to_left_new_oracle.pt	339313	aabfc3f5c4fe878e537e377c41f4b2eedd325009ba75a3e8648c522acb2e669d	generated_latent_tensor	regenerable_with_pinned_code_configs_seeds_upstreams_and_GPU_exact_encoded_bytes_not_guaranteed
external_large_artifact	-	/mnt/NAS/data/hl5757/generated_artifacts/lateact/phase3/confirmation/0016_h18/right_to_left_next_new.mp4	2091410	043e1b5054e45763b0207beda765a6037a24ea4b6f2df346de7160f41bc34b37	generated_video	regenerable_with_pinned_code_configs_seeds_upstreams_and_GPU_exact_encoded_bytes_not_guaranteed
external_large_artifact	-	/mnt/NAS/data/hl5757/generated_artifacts/lateact/phase3/confirmation/0016_h18/right_to_left_next_new.pt	339303	12fb74b28061ed89b7579e9e2dd0cc51f63a5aaf059f875a9ec3bf9e546ad8b5	generated_latent_tensor	regenerable_with_pinned_code_configs_seeds_upstreams_and_GPU_exact_encoded_bytes_not_guaranteed
external_large_artifact	-	/mnt/NAS/data/hl5757/generated_artifacts/lateact/phase3/confirmation/0016_h18/right_to_left_next_old.mp4	2163910	3c204382624980f560531c1a2b31d1b5701c783d93788a2d4e5198e49cb740d5	generated_video	regenerable_with_pinned_code_configs_seeds_upstreams_and_GPU_exact_encoded_bytes_not_guaranteed
external_large_artifact	-	/mnt/NAS/data/hl5757/generated_artifacts/lateact/phase3/confirmation/0016_h18/right_to_left_next_old.pt	339303	52023261d0ce57a6e90c2d583cdcadafef34fd145af11b9d1e50a8ad05f56960	generated_latent_tensor	regenerable_with_pinned_code_configs_seeds_upstreams_and_GPU_exact_encoded_bytes_not_guaranteed
external_large_artifact	-	/mnt/NAS/data/hl5757/generated_artifacts/lateact/phase3/confirmation/0016_h18/right_to_left_old.mp4	1259917	c19cd57e24e00a606caf39e491c82f4e6fd60d1d110d8729d4b91d2dad9e2928	generated_video	regenerable_with_pinned_code_configs_seeds_upstreams_and_GPU_exact_encoded_bytes_not_guaranteed
external_large_artifact	-	/mnt/NAS/data/hl5757/generated_artifacts/lateact/phase3/confirmation/0016_h18/right_to_left_old.pt	339150	e9e7c1249c4a7241fc7534c145ec629bac80fdb0d4f61cbbcafd52fcd52c050f	generated_latent_tensor	regenerable_with_pinned_code_configs_seeds_upstreams_and_GPU_exact_encoded_bytes_not_guaranteed
external_large_artifact	-	/mnt/NAS/data/hl5757/generated_artifacts/lateact/phase3/confirmation/0016_h19/left_to_right_direct_late.mp4	1233409	d367a472975a6728d7c6df4ec1e1488f75a45263f6b9fb26a71cc7c7a5d87676	generated_video	regenerable_with_pinned_code_configs_seeds_upstreams_and_GPU_exact_encoded_bytes_not_guaranteed
external_large_artifact	-	/mnt/NAS/data/hl5757/generated_artifacts/lateact/phase3/confirmation/0016_h19/left_to_right_direct_late.pt	339318	9acfc757e6d0f5b977ba26255be85d92037a91125eb9d78529532e287354f322	generated_latent_tensor	regenerable_with_pinned_code_configs_seeds_upstreams_and_GPU_exact_encoded_bytes_not_guaranteed
external_large_artifact	-	/mnt/NAS/data/hl5757/generated_artifacts/lateact/phase3/confirmation/0016_h19/left_to_right_lateact.mp4	1249864	13c05d0d86d0715a1e6536b50349f5d84f18837a6054d3f0543ff1d8510e08c1	generated_video	regenerable_with_pinned_code_configs_seeds_upstreams_and_GPU_exact_encoded_bytes_not_guaranteed
external_large_artifact	-	/mnt/NAS/data/hl5757/generated_artifacts/lateact/phase3/confirmation/0016_h19/left_to_right_lateact.pt	339234	2df7b1755a175d5b6d34a75f545f778a4feee89d9430675c921368d61bf18512	generated_latent_tensor	regenerable_with_pinned_code_configs_seeds_upstreams_and_GPU_exact_encoded_bytes_not_guaranteed
external_large_artifact	-	/mnt/NAS/data/hl5757/generated_artifacts/lateact/phase3/confirmation/0016_h19/left_to_right_new_oracle.mp4	1238674	6ab417a55cf44c0f3c36a7ef6042a6552dbab8dfc266524ef00a38118d3cd35d	generated_video	regenerable_with_pinned_code_configs_seeds_upstreams_and_GPU_exact_encoded_bytes_not_guaranteed
external_large_artifact	-	/mnt/NAS/data/hl5757/generated_artifacts/lateact/phase3/confirmation/0016_h19/left_to_right_new_oracle.pt	339313	4040b69fc4fee5753912d6f2e0e799338a5fe39c95d2a1866118de1efbfaccdf	generated_latent_tensor	regenerable_with_pinned_code_configs_seeds_upstreams_and_GPU_exact_encoded_bytes_not_guaranteed
external_large_artifact	-	/mnt/NAS/data/hl5757/generated_artifacts/lateact/phase3/confirmation/0016_h19/left_to_right_next_new.mp4	2061849	dbe82eab7522c717f2c8f6c4bbe33c47f14b1aad32f25e54779416877ba20efe	generated_video	regenerable_with_pinned_code_configs_seeds_upstreams_and_GPU_exact_encoded_bytes_not_guaranteed
external_large_artifact	-	/mnt/NAS/data/hl5757/generated_artifacts/lateact/phase3/confirmation/0016_h19/left_to_right_next_new.pt	339303	45bc404c5d8a27e746be7620bb667e4d25082d6e1d993f57a6048d78e742c3b4	generated_latent_tensor	regenerable_with_pinned_code_configs_seeds_upstreams_and_GPU_exact_encoded_bytes_not_guaranteed
external_large_artifact	-	/mnt/NAS/data/hl5757/generated_artifacts/lateact/phase3/confirmation/0016_h19/left_to_right_next_old.mp4	2087064	4aff074ecdfb8f9843048d6b37d4f0fb19f31e463c191afd311bf29d1dc1a0c9	generated_video	regenerable_with_pinned_code_configs_seeds_upstreams_and_GPU_exact_encoded_bytes_not_guaranteed
external_large_artifact	-	/mnt/NAS/data/hl5757/generated_artifacts/lateact/phase3/confirmation/0016_h19/left_to_right_next_old.pt	339303	813f04d4097e807af7d0443728d7c3c04853197c1c5716a31a55ce6ca26cb169	generated_latent_tensor	regenerable_with_pinned_code_configs_seeds_upstreams_and_GPU_exact_encoded_bytes_not_guaranteed
external_large_artifact	-	/mnt/NAS/data/hl5757/generated_artifacts/lateact/phase3/confirmation/0016_h19/left_to_right_old.mp4	1219604	04a5c4e2971149b054975849561cba5f5be338107663707a0a88d9ce31ed5d5b	generated_video	regenerable_with_pinned_code_configs_seeds_upstreams_and_GPU_exact_encoded_bytes_not_guaranteed
external_large_artifact	-	/mnt/NAS/data/hl5757/generated_artifacts/lateact/phase3/confirmation/0016_h19/left_to_right_old.pt	339150	5ad0103cc3076538df2368ee99297966528bd6db6ed333307b348cc8ef74378e	generated_latent_tensor	regenerable_with_pinned_code_configs_seeds_upstreams_and_GPU_exact_encoded_bytes_not_guaranteed
external_large_artifact	-	/mnt/NAS/data/hl5757/generated_artifacts/lateact/phase3/confirmation/0016_h19/right_to_left_direct_late.mp4	1236176	75145eafdf1bea60abc220328592bb59f188987dd5582e1795ef60bacc2dba24	generated_video	regenerable_with_pinned_code_configs_seeds_upstreams_and_GPU_exact_encoded_bytes_not_guaranteed
external_large_artifact	-	/mnt/NAS/data/hl5757/generated_artifacts/lateact/phase3/confirmation/0016_h19/right_to_left_direct_late.pt	339318	d83c7ce68c8bd38ef9fd083b658126a9b18e2e9223f7fd697144da4a52ca71fb	generated_latent_tensor	regenerable_with_pinned_code_configs_seeds_upstreams_and_GPU_exact_encoded_bytes_not_guaranteed
external_large_artifact	-	/mnt/NAS/data/hl5757/generated_artifacts/lateact/phase3/confirmation/0016_h19/right_to_left_lateact.mp4	1227546	231088b5107e7e779318ba9a17df769ce5dca3af6b23e032ffb0067fdfd1f3f1	generated_video	regenerable_with_pinned_code_configs_seeds_upstreams_and_GPU_exact_encoded_bytes_not_guaranteed
external_large_artifact	-	/mnt/NAS/data/hl5757/generated_artifacts/lateact/phase3/confirmation/0016_h19/right_to_left_lateact.pt	339234	154f42dacb38c1250ffe4c9846fe4e3ff9691aaa3764168c14ce50f72f4a373a	generated_latent_tensor	regenerable_with_pinned_code_configs_seeds_upstreams_and_GPU_exact_encoded_bytes_not_guaranteed
external_large_artifact	-	/mnt/NAS/data/hl5757/generated_artifacts/lateact/phase3/confirmation/0016_h19/right_to_left_new_oracle.mp4	1219604	04a5c4e2971149b054975849561cba5f5be338107663707a0a88d9ce31ed5d5b	generated_video	regenerable_with_pinned_code_configs_seeds_upstreams_and_GPU_exact_encoded_bytes_not_guaranteed
external_large_artifact	-	/mnt/NAS/data/hl5757/generated_artifacts/lateact/phase3/confirmation/0016_h19/right_to_left_new_oracle.pt	339313	c310308c85cc9b9be6e5df8e7afaeb7f47aeae9369beed8bac0335ce29bc6563	generated_latent_tensor	regenerable_with_pinned_code_configs_seeds_upstreams_and_GPU_exact_encoded_bytes_not_guaranteed
external_large_artifact	-	/mnt/NAS/data/hl5757/generated_artifacts/lateact/phase3/confirmation/0016_h19/right_to_left_next_new.mp4	2081527	f86328296caf531eb6bfcb2bd9d5e779cccec8a6e442bd77a7abc3102b8098ec	generated_video	regenerable_with_pinned_code_configs_seeds_upstreams_and_GPU_exact_encoded_bytes_not_guaranteed
external_large_artifact	-	/mnt/NAS/data/hl5757/generated_artifacts/lateact/phase3/confirmation/0016_h19/right_to_left_next_new.pt	339303	a17df44a55d402db783bfc7de20a99fbd2441173dd0105aef0055ddcfc1d9df7	generated_latent_tensor	regenerable_with_pinned_code_configs_seeds_upstreams_and_GPU_exact_encoded_bytes_not_guaranteed
external_large_artifact	-	/mnt/NAS/data/hl5757/generated_artifacts/lateact/phase3/confirmation/0016_h19/right_to_left_next_old.mp4	2154627	0fbc5916b2c527ba756077d6846eaacaac4747a1262f67c91b2da7ad88d162da	generated_video	regenerable_with_pinned_code_configs_seeds_upstreams_and_GPU_exact_encoded_bytes_not_guaranteed
external_large_artifact	-	/mnt/NAS/data/hl5757/generated_artifacts/lateact/phase3/confirmation/0016_h19/right_to_left_next_old.pt	339303	d7031ff67e46064fe9d1e26e926d3b10a79ddc634d81bc6dce749bdd633e7705	generated_latent_tensor	regenerable_with_pinned_code_configs_seeds_upstreams_and_GPU_exact_encoded_bytes_not_guaranteed
external_large_artifact	-	/mnt/NAS/data/hl5757/generated_artifacts/lateact/phase3/confirmation/0016_h19/right_to_left_old.mp4	1238674	6ab417a55cf44c0f3c36a7ef6042a6552dbab8dfc266524ef00a38118d3cd35d	generated_video	regenerable_with_pinned_code_configs_seeds_upstreams_and_GPU_exact_encoded_bytes_not_guaranteed
external_large_artifact	-	/mnt/NAS/data/hl5757/generated_artifacts/lateact/phase3/confirmation/0016_h19/right_to_left_old.pt	339150	9b85c050518ea2f4ce5a5adc2451b5638f8e2ffffb12e4b80ba1660edd3f1695	generated_latent_tensor	regenerable_with_pinned_code_configs_seeds_upstreams_and_GPU_exact_encoded_bytes_not_guaranteed
external_large_artifact	-	/mnt/NAS/data/hl5757/generated_artifacts/lateact/phase3/confirmation/0016_h20/left_to_right_direct_late.mp4	1216140	f55ca60ef835958cc50f87e8b3d0ce25dc115641f85f71e68d79b2e86c60bfa7	generated_video	regenerable_with_pinned_code_configs_seeds_upstreams_and_GPU_exact_encoded_bytes_not_guaranteed
external_large_artifact	-	/mnt/NAS/data/hl5757/generated_artifacts/lateact/phase3/confirmation/0016_h20/left_to_right_direct_late.pt	339318	454c23d3d576dd62f63f986b96681c53fe9daed710d986843bf5d89efb3e8f9a	generated_latent_tensor	regenerable_with_pinned_code_configs_seeds_upstreams_and_GPU_exact_encoded_bytes_not_guaranteed
external_large_artifact	-	/mnt/NAS/data/hl5757/generated_artifacts/lateact/phase3/confirmation/0016_h20/left_to_right_lateact.mp4	1243029	f0f0539d5bc700cbc8af2357f579b95f888313bc23a9fab6479c47d686ae120e	generated_video	regenerable_with_pinned_code_configs_seeds_upstreams_and_GPU_exact_encoded_bytes_not_guaranteed
external_large_artifact	-	/mnt/NAS/data/hl5757/generated_artifacts/lateact/phase3/confirmation/0016_h20/left_to_right_lateact.pt	339234	09804c7c222aee6928506dbf25174765075b269a122bc28952ab49aac6e1934c	generated_latent_tensor	regenerable_with_pinned_code_configs_seeds_upstreams_and_GPU_exact_encoded_bytes_not_guaranteed
external_large_artifact	-	/mnt/NAS/data/hl5757/generated_artifacts/lateact/phase3/confirmation/0016_h20/left_to_right_new_oracle.mp4	1240969	6d63a3233dbc5c8088ba19578ab41751dbc8d1ec5beb5c72927899fff928714f	generated_video	regenerable_with_pinned_code_configs_seeds_upstreams_and_GPU_exact_encoded_bytes_not_guaranteed
external_large_artifact	-	/mnt/NAS/data/hl5757/generated_artifacts/lateact/phase3/confirmation/0016_h20/left_to_right_new_oracle.pt	339313	3ee0f77494a8f0b5b534928c4b091727d0513dd2d7f9adbd647262c9463355fc	generated_latent_tensor	regenerable_with_pinned_code_configs_seeds_upstreams_and_GPU_exact_encoded_bytes_not_guaranteed
external_large_artifact	-	/mnt/NAS/data/hl5757/generated_artifacts/lateact/phase3/confirmation/0016_h20/left_to_right_next_new.mp4	2077595	1ca3306a3727ef7b3f69fbe67f59dd4710986be780e55e09cb20998fa1bf9324	generated_video	regenerable_with_pinned_code_configs_seeds_upstreams_and_GPU_exact_encoded_bytes_not_guaranteed
external_large_artifact	-	/mnt/NAS/data/hl5757/generated_artifacts/lateact/phase3/confirmation/0016_h20/left_to_right_next_new.pt	339303	6b9c149d5e492e958de068c6dd8f1de0974a791984d55d7043517ec3b5bb5cb8	generated_latent_tensor	regenerable_with_pinned_code_configs_seeds_upstreams_and_GPU_exact_encoded_bytes_not_guaranteed
external_large_artifact	-	/mnt/NAS/data/hl5757/generated_artifacts/lateact/phase3/confirmation/0016_h20/left_to_right_next_old.mp4	2096558	dfdaeeacb8545f005cb11138ede47227a2a440b092a7c4972c31c98d12edfec4	generated_video	regenerable_with_pinned_code_configs_seeds_upstreams_and_GPU_exact_encoded_bytes_not_guaranteed
external_large_artifact	-	/mnt/NAS/data/hl5757/generated_artifacts/lateact/phase3/confirmation/0016_h20/left_to_right_next_old.pt	339303	f569b0fc87cdd1aa3caf73a28892a006571792261f7130676c974808cca2de8e	generated_latent_tensor	regenerable_with_pinned_code_configs_seeds_upstreams_and_GPU_exact_encoded_bytes_not_guaranteed
external_large_artifact	-	/mnt/NAS/data/hl5757/generated_artifacts/lateact/phase3/confirmation/0016_h20/left_to_right_old.mp4	1225587	07b9ffa79938ee02cead9fb1b6ff9c63113b396fb20b5781af9278af50869f72	generated_video	regenerable_with_pinned_code_configs_seeds_upstreams_and_GPU_exact_encoded_bytes_not_guaranteed
external_large_artifact	-	/mnt/NAS/data/hl5757/generated_artifacts/lateact/phase3/confirmation/0016_h20/left_to_right_old.pt	339150	58f97a9a1d1ecfc05224eeebfb59e59beda4a2cfd8ab0ace3f64679b2c27dab5	generated_latent_tensor	regenerable_with_pinned_code_configs_seeds_upstreams_and_GPU_exact_encoded_bytes_not_guaranteed
external_large_artifact	-	/mnt/NAS/data/hl5757/generated_artifacts/lateact/phase3/confirmation/0016_h20/right_to_left_direct_late.mp4	1235435	ff62376c09c42fef37d05a197454d388d20bbcfaa010e00e1fbc98ebc2d8f713	generated_video	regenerable_with_pinned_code_configs_seeds_upstreams_and_GPU_exact_encoded_bytes_not_guaranteed
external_large_artifact	-	/mnt/NAS/data/hl5757/generated_artifacts/lateact/phase3/confirmation/0016_h20/right_to_left_direct_late.pt	339318	f0a8966d3c842b9edc1479407748ff8f0d5106251ceac5440f7ba3de15757825	generated_latent_tensor	regenerable_with_pinned_code_configs_seeds_upstreams_and_GPU_exact_encoded_bytes_not_guaranteed
external_large_artifact	-	/mnt/NAS/data/hl5757/generated_artifacts/lateact/phase3/confirmation/0016_h20/right_to_left_lateact.mp4	1227158	5608f06e6e2b053b77380cc4edbc26de8aa369b8c274265aded19b407516a117	generated_video	regenerable_with_pinned_code_configs_seeds_upstreams_and_GPU_exact_encoded_bytes_not_guaranteed
external_large_artifact	-	/mnt/NAS/data/hl5757/generated_artifacts/lateact/phase3/confirmation/0016_h20/right_to_left_lateact.pt	339234	04d76bf269131e5d2e230098f4a2683f36334223e998c2763d8290fac6f5f813	generated_latent_tensor	regenerable_with_pinned_code_configs_seeds_upstreams_and_GPU_exact_encoded_bytes_not_guaranteed
external_large_artifact	-	/mnt/NAS/data/hl5757/generated_artifacts/lateact/phase3/confirmation/0016_h20/right_to_left_new_oracle.mp4	1225587	07b9ffa79938ee02cead9fb1b6ff9c63113b396fb20b5781af9278af50869f72	generated_video	regenerable_with_pinned_code_configs_seeds_upstreams_and_GPU_exact_encoded_bytes_not_guaranteed
external_large_artifact	-	/mnt/NAS/data/hl5757/generated_artifacts/lateact/phase3/confirmation/0016_h20/right_to_left_new_oracle.pt	339313	97cf6624d5ac5e48a2e16432d9266bec9285074ab5be2c90bc7407ecd98e7178	generated_latent_tensor	regenerable_with_pinned_code_configs_seeds_upstreams_and_GPU_exact_encoded_bytes_not_guaranteed
external_large_artifact	-	/mnt/NAS/data/hl5757/generated_artifacts/lateact/phase3/confirmation/0016_h20/right_to_left_next_new.mp4	2076117	ba9bad0b591be44f32335bd73a96cfb631b8e531db303091b6a8df85898b1bf3	generated_video	regenerable_with_pinned_code_configs_seeds_upstreams_and_GPU_exact_encoded_bytes_not_guaranteed
external_large_artifact	-	/mnt/NAS/data/hl5757/generated_artifacts/lateact/phase3/confirmation/0016_h20/right_to_left_next_new.pt	339303	c0d44e633bf9a6e2b5eba7fa34084a2ac99e7fc36709c31e9bf825f347478909	generated_latent_tensor	regenerable_with_pinned_code_configs_seeds_upstreams_and_GPU_exact_encoded_bytes_not_guaranteed
external_large_artifact	-	/mnt/NAS/data/hl5757/generated_artifacts/lateact/phase3/confirmation/0016_h20/right_to_left_next_old.mp4	2148346	97164fab248cf602c5a5527c1194c56791f746891ecedf99e47661e1e86ed385	generated_video	regenerable_with_pinned_code_configs_seeds_upstreams_and_GPU_exact_encoded_bytes_not_guaranteed
external_large_artifact	-	/mnt/NAS/data/hl5757/generated_artifacts/lateact/phase3/confirmation/0016_h20/right_to_left_next_old.pt	339303	c3363fa716628d949548ffe3dd24a6f88a96ea90a5e7797039ab5f0b869186c4	generated_latent_tensor	regenerable_with_pinned_code_configs_seeds_upstreams_and_GPU_exact_encoded_bytes_not_guaranteed
external_large_artifact	-	/mnt/NAS/data/hl5757/generated_artifacts/lateact/phase3/confirmation/0016_h20/right_to_left_old.mp4	1240969	6d63a3233dbc5c8088ba19578ab41751dbc8d1ec5beb5c72927899fff928714f	generated_video	regenerable_with_pinned_code_configs_seeds_upstreams_and_GPU_exact_encoded_bytes_not_guaranteed
external_large_artifact	-	/mnt/NAS/data/hl5757/generated_artifacts/lateact/phase3/confirmation/0016_h20/right_to_left_old.pt	339150	fd2c9bee3e416392547440c6883e7fa3cff840df9be69dd6a70076c62d13779e	generated_latent_tensor	regenerable_with_pinned_code_configs_seeds_upstreams_and_GPU_exact_encoded_bytes_not_guaranteed
external_large_artifact	-	/mnt/NAS/data/hl5757/generated_artifacts/lateact/phase3/confirmation/0016_h21/left_to_right_direct_late.mp4	1255312	3ec969aeebda677d9bace9d29d22bb7faff7965798d515f32303ae8c082e7636	generated_video	regenerable_with_pinned_code_configs_seeds_upstreams_and_GPU_exact_encoded_bytes_not_guaranteed
external_large_artifact	-	/mnt/NAS/data/hl5757/generated_artifacts/lateact/phase3/confirmation/0016_h21/left_to_right_direct_late.pt	339318	6b128d8c3801f9943e071e26e373fae722debdba7d0258fcb89e7ddd4f60e640	generated_latent_tensor	regenerable_with_pinned_code_configs_seeds_upstreams_and_GPU_exact_encoded_bytes_not_guaranteed
external_large_artifact	-	/mnt/NAS/data/hl5757/generated_artifacts/lateact/phase3/confirmation/0016_h21/left_to_right_lateact.mp4	1283210	4f8c844e72ef07550d89c09a4c398d99d6271350670a161541392ecf030a6708	generated_video	regenerable_with_pinned_code_configs_seeds_upstreams_and_GPU_exact_encoded_bytes_not_guaranteed
external_large_artifact	-	/mnt/NAS/data/hl5757/generated_artifacts/lateact/phase3/confirmation/0016_h21/left_to_right_lateact.pt	339234	46a573ff79bd5e1fe2b8f8b49b833422eb2708d367bb80617d6bb766d6bd1254	generated_latent_tensor	regenerable_with_pinned_code_configs_seeds_upstreams_and_GPU_exact_encoded_bytes_not_guaranteed
external_large_artifact	-	/mnt/NAS/data/hl5757/generated_artifacts/lateact/phase3/confirmation/0016_h21/left_to_right_new_oracle.mp4	1274175	2cd1407bf6b5bbbace86aaafa0dcc39e63c51be487edeffaea39e0ed86e29073	generated_video	regenerable_with_pinned_code_configs_seeds_upstreams_and_GPU_exact_encoded_bytes_not_guaranteed
external_large_artifact	-	/mnt/NAS/data/hl5757/generated_artifacts/lateact/phase3/confirmation/0016_h21/left_to_right_new_oracle.pt	339313	554c9b590e2927add0f4de7d8e02b19950fcf3ef571cd6c7d6bfd225a6be897f	generated_latent_tensor	regenerable_with_pinned_code_configs_seeds_upstreams_and_GPU_exact_encoded_bytes_not_guaranteed
external_large_artifact	-	/mnt/NAS/data/hl5757/generated_artifacts/lateact/phase3/confirmation/0016_h21/left_to_right_next_new.mp4	2100253	b5ef277dda702bd0b6b07ed994c5f0f942187d74d9e4fe6382689314902ba8ba	generated_video	regenerable_with_pinned_code_configs_seeds_upstreams_and_GPU_exact_encoded_bytes_not_guaranteed
external_large_artifact	-	/mnt/NAS/data/hl5757/generated_artifacts/lateact/phase3/confirmation/0016_h21/left_to_right_next_new.pt	339303	727c188b8f5d0a2bc8d4553fb3ce4cba59f43af8150fcdd28e45fd1e52352077	generated_latent_tensor	regenerable_with_pinned_code_configs_seeds_upstreams_and_GPU_exact_encoded_bytes_not_guaranteed
external_large_artifact	-	/mnt/NAS/data/hl5757/generated_artifacts/lateact/phase3/confirmation/0016_h21/left_to_right_next_old.mp4	2119043	5da769f26c19d9a82378b6b77a0cd82dacb918239d0d97c7f749e52639b66ecd	generated_video	regenerable_with_pinned_code_configs_seeds_upstreams_and_GPU_exact_encoded_bytes_not_guaranteed
external_large_artifact	-	/mnt/NAS/data/hl5757/generated_artifacts/lateact/phase3/confirmation/0016_h21/left_to_right_next_old.pt	339303	f27891d72208770d1929e11b320f43b77ddcb4ded2fe3f50757ecf2b79e3d3df	generated_latent_tensor	regenerable_with_pinned_code_configs_seeds_upstreams_and_GPU_exact_encoded_bytes_not_guaranteed
external_large_artifact	-	/mnt/NAS/data/hl5757/generated_artifacts/lateact/phase3/confirmation/0016_h21/left_to_right_old.mp4	1251841	8654096010632600ed873233af3ecac46486b8f03cd9febd5768538b1c9adf38	generated_video	regenerable_with_pinned_code_configs_seeds_upstreams_and_GPU_exact_encoded_bytes_not_guaranteed
external_large_artifact	-	/mnt/NAS/data/hl5757/generated_artifacts/lateact/phase3/confirmation/0016_h21/left_to_right_old.pt	339150	08ea1318d3b761ec496ac603399fb343168a1fecc6a972ad88f2c0cb3bee3cea	generated_latent_tensor	regenerable_with_pinned_code_configs_seeds_upstreams_and_GPU_exact_encoded_bytes_not_guaranteed
external_large_artifact	-	/mnt/NAS/data/hl5757/generated_artifacts/lateact/phase3/confirmation/0016_h21/right_to_left_direct_late.mp4	1264494	8a3c08197fab5db071dc24fec8ee2381813df8cb9e756d985e82b53e7e664da4	generated_video	regenerable_with_pinned_code_configs_seeds_upstreams_and_GPU_exact_encoded_bytes_not_guaranteed
external_large_artifact	-	/mnt/NAS/data/hl5757/generated_artifacts/lateact/phase3/confirmation/0016_h21/right_to_left_direct_late.pt	339318	94857d5b3e8420af796018c7c72cf7e4bd95755acb0fbfddf68a63b259e03113	generated_latent_tensor	regenerable_with_pinned_code_configs_seeds_upstreams_and_GPU_exact_encoded_bytes_not_guaranteed
external_large_artifact	-	/mnt/NAS/data/hl5757/generated_artifacts/lateact/phase3/confirmation/0016_h21/right_to_left_lateact.mp4	1261683	a8f40b3fc1f16628f0042bfc60b2cff8f6951ca1ab4b19d79877a1adfd89699b	generated_video	regenerable_with_pinned_code_configs_seeds_upstreams_and_GPU_exact_encoded_bytes_not_guaranteed
external_large_artifact	-	/mnt/NAS/data/hl5757/generated_artifacts/lateact/phase3/confirmation/0016_h21/right_to_left_lateact.pt	339234	636671186881c14057d25cfe44b36f4f940c88f7e6476a23cf3aeb4d9b580aa0	generated_latent_tensor	regenerable_with_pinned_code_configs_seeds_upstreams_and_GPU_exact_encoded_bytes_not_guaranteed
external_large_artifact	-	/mnt/NAS/data/hl5757/generated_artifacts/lateact/phase3/confirmation/0016_h21/right_to_left_new_oracle.mp4	1251841	8654096010632600ed873233af3ecac46486b8f03cd9febd5768538b1c9adf38	generated_video	regenerable_with_pinned_code_configs_seeds_upstreams_and_GPU_exact_encoded_bytes_not_guaranteed
external_large_artifact	-	/mnt/NAS/data/hl5757/generated_artifacts/lateact/phase3/confirmation/0016_h21/right_to_left_new_oracle.pt	339313	8fba2d6dd3e738f9505e275fb6d4764eb24a56897beeb81bc0a136abaa8cad87	generated_latent_tensor	regenerable_with_pinned_code_configs_seeds_upstreams_and_GPU_exact_encoded_bytes_not_guaranteed
external_large_artifact	-	/mnt/NAS/data/hl5757/generated_artifacts/lateact/phase3/confirmation/0016_h21/right_to_left_next_new.mp4	2115362	3da7b7b69ab9cbd89ba03c6b13df3023de9e726ab73f601956fe6c0be8488016	generated_video	regenerable_with_pinned_code_configs_seeds_upstreams_and_GPU_exact_encoded_bytes_not_guaranteed
external_large_artifact	-	/mnt/NAS/data/hl5757/generated_artifacts/lateact/phase3/confirmation/0016_h21/right_to_left_next_new.pt	339303	56351adba0e792d09699fc8eb0d1faff9e05bc214e025fe81f1361cc2b5f1370	generated_latent_tensor	regenerable_with_pinned_code_configs_seeds_upstreams_and_GPU_exact_encoded_bytes_not_guaranteed
external_large_artifact	-	/mnt/NAS/data/hl5757/generated_artifacts/lateact/phase3/confirmation/0016_h21/right_to_left_next_old.mp4	2190923	c825c95e2aa7d2ea821374459b90dcb3de4aef79a21a6467cea23220bda0f1e3	generated_video	regenerable_with_pinned_code_configs_seeds_upstreams_and_GPU_exact_encoded_bytes_not_guaranteed
external_large_artifact	-	/mnt/NAS/data/hl5757/generated_artifacts/lateact/phase3/confirmation/0016_h21/right_to_left_next_old.pt	339303	e0c1927f3ec3417df96145d6d80aef40e315663207785efefdc31998a3c28f50	generated_latent_tensor	regenerable_with_pinned_code_configs_seeds_upstreams_and_GPU_exact_encoded_bytes_not_guaranteed
external_large_artifact	-	/mnt/NAS/data/hl5757/generated_artifacts/lateact/phase3/confirmation/0016_h21/right_to_left_old.mp4	1274175	2cd1407bf6b5bbbace86aaafa0dcc39e63c51be487edeffaea39e0ed86e29073	generated_video	regenerable_with_pinned_code_configs_seeds_upstreams_and_GPU_exact_encoded_bytes_not_guaranteed
external_large_artifact	-	/mnt/NAS/data/hl5757/generated_artifacts/lateact/phase3/confirmation/0016_h21/right_to_left_old.pt	339150	0269b0d1307013ea6041355985deae3aedaffc920b55581e560ad95c0694c0c4	generated_latent_tensor	regenerable_with_pinned_code_configs_seeds_upstreams_and_GPU_exact_encoded_bytes_not_guaranteed
external_large_artifact	-	/mnt/NAS/data/hl5757/generated_artifacts/lateact/phase3/confirmation/0016_h22/left_to_right_direct_late.mp4	1242024	90128940ca2674e285d668d2f3708591f56649b9b0aa4c87544ef4b1787b5362	generated_video	regenerable_with_pinned_code_configs_seeds_upstreams_and_GPU_exact_encoded_bytes_not_guaranteed
external_large_artifact	-	/mnt/NAS/data/hl5757/generated_artifacts/lateact/phase3/confirmation/0016_h22/left_to_right_direct_late.pt	339318	47747d38dd4d4ab3da57faac912f700971481830de27f7bbd7c6ce23ce5fffba	generated_latent_tensor	regenerable_with_pinned_code_configs_seeds_upstreams_and_GPU_exact_encoded_bytes_not_guaranteed
external_large_artifact	-	/mnt/NAS/data/hl5757/generated_artifacts/lateact/phase3/confirmation/0016_h22/left_to_right_lateact.mp4	1244318	4715e1cd3ee0a2f4ceecc1b9e27d1eccf23fcc6a0fd83e372cf281acc378bbd6	generated_video	regenerable_with_pinned_code_configs_seeds_upstreams_and_GPU_exact_encoded_bytes_not_guaranteed
external_large_artifact	-	/mnt/NAS/data/hl5757/generated_artifacts/lateact/phase3/confirmation/0016_h22/left_to_right_lateact.pt	339234	a48af8f5b53817f64494634f2a23f5a942e441128d332749a805cb6166b4485b	generated_latent_tensor	regenerable_with_pinned_code_configs_seeds_upstreams_and_GPU_exact_encoded_bytes_not_guaranteed
external_large_artifact	-	/mnt/NAS/data/hl5757/generated_artifacts/lateact/phase3/confirmation/0016_h22/left_to_right_new_oracle.mp4	1244721	da551294c2241f761b5c9796fa19203d293ff0a813a6c384b3ece471f3ffe8f2	generated_video	regenerable_with_pinned_code_configs_seeds_upstreams_and_GPU_exact_encoded_bytes_not_guaranteed
external_large_artifact	-	/mnt/NAS/data/hl5757/generated_artifacts/lateact/phase3/confirmation/0016_h22/left_to_right_new_oracle.pt	339313	da3d8400398948eea537ca74f8956814cf1d2ebf408fcb6906c4226d9a3177df	generated_latent_tensor	regenerable_with_pinned_code_configs_seeds_upstreams_and_GPU_exact_encoded_bytes_not_guaranteed
external_large_artifact	-	/mnt/NAS/data/hl5757/generated_artifacts/lateact/phase3/confirmation/0016_h22/left_to_right_next_new.mp4	2071567	2c3610e5f6419a156a51327cafe51667b78636656dceb377821f383015d18918	generated_video	regenerable_with_pinned_code_configs_seeds_upstreams_and_GPU_exact_encoded_bytes_not_guaranteed
external_large_artifact	-	/mnt/NAS/data/hl5757/generated_artifacts/lateact/phase3/confirmation/0016_h22/left_to_right_next_new.pt	339303	0445d8b310d9afd5de79bec9397599d316993d6ca734cfc8fbf1923adc07b53e	generated_latent_tensor	regenerable_with_pinned_code_configs_seeds_upstreams_and_GPU_exact_encoded_bytes_not_guaranteed
external_large_artifact	-	/mnt/NAS/data/hl5757/generated_artifacts/lateact/phase3/confirmation/0016_h22/left_to_right_next_old.mp4	2088306	22184ad6f8a99e707f9a8e25858c631b979968dfc1af395afd4f173422f67839	generated_video	regenerable_with_pinned_code_configs_seeds_upstreams_and_GPU_exact_encoded_bytes_not_guaranteed
external_large_artifact	-	/mnt/NAS/data/hl5757/generated_artifacts/lateact/phase3/confirmation/0016_h22/left_to_right_next_old.pt	339303	990d71c05d6d073fe13b8aa25af20356126129261a0ade04883f446fe422c55a	generated_latent_tensor	regenerable_with_pinned_code_configs_seeds_upstreams_and_GPU_exact_encoded_bytes_not_guaranteed
external_large_artifact	-	/mnt/NAS/data/hl5757/generated_artifacts/lateact/phase3/confirmation/0016_h22/left_to_right_old.mp4	1222936	b97dcd82e72271d524c0313f940f54e8bbd34c754bd475afb076b7bd65652fe0	generated_video	regenerable_with_pinned_code_configs_seeds_upstreams_and_GPU_exact_encoded_bytes_not_guaranteed
external_large_artifact	-	/mnt/NAS/data/hl5757/generated_artifacts/lateact/phase3/confirmation/0016_h22/left_to_right_old.pt	339150	52b877c4677eb12cbab0964fd5a87d1697d0855c8e7e473d0a88ba07b83d5075	generated_latent_tensor	regenerable_with_pinned_code_configs_seeds_upstreams_and_GPU_exact_encoded_bytes_not_guaranteed
external_large_artifact	-	/mnt/NAS/data/hl5757/generated_artifacts/lateact/phase3/confirmation/0016_h22/right_to_left_direct_late.mp4	1233956	e5aa353585c9c2cf7038698037a5e42d0cbe3f37da8e760907781c461c0bd1b3	generated_video	regenerable_with_pinned_code_configs_seeds_upstreams_and_GPU_exact_encoded_bytes_not_guaranteed
external_large_artifact	-	/mnt/NAS/data/hl5757/generated_artifacts/lateact/phase3/confirmation/0016_h22/right_to_left_direct_late.pt	339318	56ab7c9db339473bdb20b869a86d6ec501a535e6329a1569a680a16331d8af04	generated_latent_tensor	regenerable_with_pinned_code_configs_seeds_upstreams_and_GPU_exact_encoded_bytes_not_guaranteed
external_large_artifact	-	/mnt/NAS/data/hl5757/generated_artifacts/lateact/phase3/confirmation/0016_h22/right_to_left_lateact.mp4	1223507	244bbda1331fcf4579ab1fbed1740c858a75056a4206142ad443140a55285be5	generated_video	regenerable_with_pinned_code_configs_seeds_upstreams_and_GPU_exact_encoded_bytes_not_guaranteed
external_large_artifact	-	/mnt/NAS/data/hl5757/generated_artifacts/lateact/phase3/confirmation/0016_h22/right_to_left_lateact.pt	339234	f7985dfd25ea59d00af865ced6365cc2c3815b917fd0c2906de13457a176b41b	generated_latent_tensor	regenerable_with_pinned_code_configs_seeds_upstreams_and_GPU_exact_encoded_bytes_not_guaranteed
external_large_artifact	-	/mnt/NAS/data/hl5757/generated_artifacts/lateact/phase3/confirmation/0016_h22/right_to_left_new_oracle.mp4	1222936	b97dcd82e72271d524c0313f940f54e8bbd34c754bd475afb076b7bd65652fe0	generated_video	regenerable_with_pinned_code_configs_seeds_upstreams_and_GPU_exact_encoded_bytes_not_guaranteed
external_large_artifact	-	/mnt/NAS/data/hl5757/generated_artifacts/lateact/phase3/confirmation/0016_h22/right_to_left_new_oracle.pt	339313	7544f6eec3dcae03b9b1489979dc2393c2e5c027d26f8b6f9a77872a22d644d8	generated_latent_tensor	regenerable_with_pinned_code_configs_seeds_upstreams_and_GPU_exact_encoded_bytes_not_guaranteed
external_large_artifact	-	/mnt/NAS/data/hl5757/generated_artifacts/lateact/phase3/confirmation/0016_h22/right_to_left_next_new.mp4	2082865	c4fb6abd7aba7b99cecea2f14dfde1101ee099f4df2b756b5bd661be634dcc36	generated_video	regenerable_with_pinned_code_configs_seeds_upstreams_and_GPU_exact_encoded_bytes_not_guaranteed
external_large_artifact	-	/mnt/NAS/data/hl5757/generated_artifacts/lateact/phase3/confirmation/0016_h22/right_to_left_next_new.pt	339303	2f68ee2471a27f09f38afb827c8a832f4f2aaf1cfce3ef5b27bb8d931a52a813	generated_latent_tensor	regenerable_with_pinned_code_configs_seeds_upstreams_and_GPU_exact_encoded_bytes_not_guaranteed
external_large_artifact	-	/mnt/NAS/data/hl5757/generated_artifacts/lateact/phase3/confirmation/0016_h22/right_to_left_next_old.mp4	2159077	01cabc29eabc8793a6b74911b427b9094208504a8ec0291ac785bdf04ed9ef5a	generated_video	regenerable_with_pinned_code_configs_seeds_upstreams_and_GPU_exact_encoded_bytes_not_guaranteed
external_large_artifact	-	/mnt/NAS/data/hl5757/generated_artifacts/lateact/phase3/confirmation/0016_h22/right_to_left_next_old.pt	339303	3c4dd9ee7026bdc720840cb8b305c4403ba3aed4ecbfec88eec0600f2cd335fa	generated_latent_tensor	regenerable_with_pinned_code_configs_seeds_upstreams_and_GPU_exact_encoded_bytes_not_guaranteed
external_large_artifact	-	/mnt/NAS/data/hl5757/generated_artifacts/lateact/phase3/confirmation/0016_h22/right_to_left_old.mp4	1244721	da551294c2241f761b5c9796fa19203d293ff0a813a6c384b3ece471f3ffe8f2	generated_video	regenerable_with_pinned_code_configs_seeds_upstreams_and_GPU_exact_encoded_bytes_not_guaranteed
external_large_artifact	-	/mnt/NAS/data/hl5757/generated_artifacts/lateact/phase3/confirmation/0016_h22/right_to_left_old.pt	339150	bf77aa0bb8859faf7ea83f3daeea817eaf33036788e8b9641ceabae6686b49a9	generated_latent_tensor	regenerable_with_pinned_code_configs_seeds_upstreams_and_GPU_exact_encoded_bytes_not_guaranteed
external_large_artifact	-	/mnt/NAS/data/hl5757/generated_artifacts/lateact/phase3/confirmation/0016_h23/left_to_right_direct_late.mp4	1218528	beb3c0e592ba890815da0725fa4fd6d5bf4d24df27de891b4e9d1bbebc37bff5	generated_video	regenerable_with_pinned_code_configs_seeds_upstreams_and_GPU_exact_encoded_bytes_not_guaranteed
external_large_artifact	-	/mnt/NAS/data/hl5757/generated_artifacts/lateact/phase3/confirmation/0016_h23/left_to_right_direct_late.pt	339318	2e162f204c3dec3c9b663a104233fa9e5ebb3f2bd69113722e2e37effd25d1e7	generated_latent_tensor	regenerable_with_pinned_code_configs_seeds_upstreams_and_GPU_exact_encoded_bytes_not_guaranteed
external_large_artifact	-	/mnt/NAS/data/hl5757/generated_artifacts/lateact/phase3/confirmation/0016_h23/left_to_right_lateact.mp4	1248575	e0a586cc2bcf4adef3b4e406a622096f1091df614002c0c30420b029b34d93c5	generated_video	regenerable_with_pinned_code_configs_seeds_upstreams_and_GPU_exact_encoded_bytes_not_guaranteed
external_large_artifact	-	/mnt/NAS/data/hl5757/generated_artifacts/lateact/phase3/confirmation/0016_h23/left_to_right_lateact.pt	339234	6188ede604cdb1010c848bba2c725af99703f0cd660c1d688615e379b2f161eb	generated_latent_tensor	regenerable_with_pinned_code_configs_seeds_upstreams_and_GPU_exact_encoded_bytes_not_guaranteed
external_large_artifact	-	/mnt/NAS/data/hl5757/generated_artifacts/lateact/phase3/confirmation/0016_h23/left_to_right_new_oracle.mp4	1244203	6e5e5b98ff1dfa9fae1eaf9ba2b9f12b018b72e84c113c9c4d10d831e311095b	generated_video	regenerable_with_pinned_code_configs_seeds_upstreams_and_GPU_exact_encoded_bytes_not_guaranteed
external_large_artifact	-	/mnt/NAS/data/hl5757/generated_artifacts/lateact/phase3/confirmation/0016_h23/left_to_right_new_oracle.pt	339313	9af8103c0bd66f719a3ff2f8f47d3dec112bdee1c22a010acfdbed8cb4949f31	generated_latent_tensor	regenerable_with_pinned_code_configs_seeds_upstreams_and_GPU_exact_encoded_bytes_not_guaranteed
external_large_artifact	-	/mnt/NAS/data/hl5757/generated_artifacts/lateact/phase3/confirmation/0016_h23/left_to_right_next_new.mp4	2072897	5028277950d2b666209f1c5e7fff468ff33898781f45a4b103d803bace96a56c	generated_video	regenerable_with_pinned_code_configs_seeds_upstreams_and_GPU_exact_encoded_bytes_not_guaranteed
external_large_artifact	-	/mnt/NAS/data/hl5757/generated_artifacts/lateact/phase3/confirmation/0016_h23/left_to_right_next_new.pt	339303	6f72b55502cdcc71b7d1d0e0d08520e048541a6b69e90e5f1f444718d0fb5c97	generated_latent_tensor	regenerable_with_pinned_code_configs_seeds_upstreams_and_GPU_exact_encoded_bytes_not_guaranteed
external_large_artifact	-	/mnt/NAS/data/hl5757/generated_artifacts/lateact/phase3/confirmation/0016_h23/left_to_right_next_old.mp4	2098381	7e6c397b35844d5cbbfb66547f33f122141614405e595d466f89a7f57168bd2a	generated_video	regenerable_with_pinned_code_configs_seeds_upstreams_and_GPU_exact_encoded_bytes_not_guaranteed
external_large_artifact	-	/mnt/NAS/data/hl5757/generated_artifacts/lateact/phase3/confirmation/0016_h23/left_to_right_next_old.pt	339303	e03eccc1c190fbf8cb2b2513bbf79059ebd9444fcf709dfe3b70e24c4518bfc0	generated_latent_tensor	regenerable_with_pinned_code_configs_seeds_upstreams_and_GPU_exact_encoded_bytes_not_guaranteed
external_large_artifact	-	/mnt/NAS/data/hl5757/generated_artifacts/lateact/phase3/confirmation/0016_h23/left_to_right_old.mp4	1225795	7c8ed71fc742e9ec054f9ba4efc723aed89d58b7ad9bfdf0dd7e0d6f5d786e20	generated_video	regenerable_with_pinned_code_configs_seeds_upstreams_and_GPU_exact_encoded_bytes_not_guaranteed
external_large_artifact	-	/mnt/NAS/data/hl5757/generated_artifacts/lateact/phase3/confirmation/0016_h23/left_to_right_old.pt	339150	0b1834ae2314e80cd2a94439d5f6754d209f12289793a0b88162c7f0ea41c034	generated_latent_tensor	regenerable_with_pinned_code_configs_seeds_upstreams_and_GPU_exact_encoded_bytes_not_guaranteed
external_large_artifact	-	/mnt/NAS/data/hl5757/generated_artifacts/lateact/phase3/confirmation/0016_h23/right_to_left_direct_late.mp4	1240537	6ad13faf5cbc382034ea7c11f8a61045086a9cbf6ac42756ebe2f8b91c032277	generated_video	regenerable_with_pinned_code_configs_seeds_upstreams_and_GPU_exact_encoded_bytes_not_guaranteed
external_large_artifact	-	/mnt/NAS/data/hl5757/generated_artifacts/lateact/phase3/confirmation/0016_h23/right_to_left_direct_late.pt	339318	b4aba6703152f64dc62975a7b02f8b026068701cdfd2980e8e512d02a5191131	generated_latent_tensor	regenerable_with_pinned_code_configs_seeds_upstreams_and_GPU_exact_encoded_bytes_not_guaranteed
external_large_artifact	-	/mnt/NAS/data/hl5757/generated_artifacts/lateact/phase3/confirmation/0016_h23/right_to_left_lateact.mp4	1234376	6500b393ea090f602837976e9ab1e09d482694f04f1220c97d12e5b18af07137	generated_video	regenerable_with_pinned_code_configs_seeds_upstreams_and_GPU_exact_encoded_bytes_not_guaranteed
external_large_artifact	-	/mnt/NAS/data/hl5757/generated_artifacts/lateact/phase3/confirmation/0016_h23/right_to_left_lateact.pt	339234	9719458a8892991cdb9b193963e45b9d33980b696a9b736e73ef47f3984ed3a4	generated_latent_tensor	regenerable_with_pinned_code_configs_seeds_upstreams_and_GPU_exact_encoded_bytes_not_guaranteed
external_large_artifact	-	/mnt/NAS/data/hl5757/generated_artifacts/lateact/phase3/confirmation/0016_h23/right_to_left_new_oracle.mp4	1225795	7c8ed71fc742e9ec054f9ba4efc723aed89d58b7ad9bfdf0dd7e0d6f5d786e20	generated_video	regenerable_with_pinned_code_configs_seeds_upstreams_and_GPU_exact_encoded_bytes_not_guaranteed
external_large_artifact	-	/mnt/NAS/data/hl5757/generated_artifacts/lateact/phase3/confirmation/0016_h23/right_to_left_new_oracle.pt	339313	c16f21407db18e9426a693c250c36120d2632de50955636d1c32a99de02e4944	generated_latent_tensor	regenerable_with_pinned_code_configs_seeds_upstreams_and_GPU_exact_encoded_bytes_not_guaranteed
external_large_artifact	-	/mnt/NAS/data/hl5757/generated_artifacts/lateact/phase3/confirmation/0016_h23/right_to_left_next_new.mp4	2083691	1279af2656fb401b54ab97c3543e7c90bad4885d89d9a90f4fcae0aaf05f7454	generated_video	regenerable_with_pinned_code_configs_seeds_upstreams_and_GPU_exact_encoded_bytes_not_guaranteed
external_large_artifact	-	/mnt/NAS/data/hl5757/generated_artifacts/lateact/phase3/confirmation/0016_h23/right_to_left_next_new.pt	339303	6266eba9f15eee0ff0590f4c7e1bd0a9308e877c9412472ac3c2719ecf0f3303	generated_latent_tensor	regenerable_with_pinned_code_configs_seeds_upstreams_and_GPU_exact_encoded_bytes_not_guaranteed
external_large_artifact	-	/mnt/NAS/data/hl5757/generated_artifacts/lateact/phase3/confirmation/0016_h23/right_to_left_next_old.mp4	2161175	0f888a0a57c849d9306b0e84d0bf5163b2d70aa6c093c599b04d5d3079efc79f	generated_video	regenerable_with_pinned_code_configs_seeds_upstreams_and_GPU_exact_encoded_bytes_not_guaranteed
external_large_artifact	-	/mnt/NAS/data/hl5757/generated_artifacts/lateact/phase3/confirmation/0016_h23/right_to_left_next_old.pt	339303	846eff21833e8f0eb3765b88426c2b2abd45db6affffc50c5bc93176b3c7a587	generated_latent_tensor	regenerable_with_pinned_code_configs_seeds_upstreams_and_GPU_exact_encoded_bytes_not_guaranteed
external_large_artifact	-	/mnt/NAS/data/hl5757/generated_artifacts/lateact/phase3/confirmation/0016_h23/right_to_left_old.mp4	1244203	6e5e5b98ff1dfa9fae1eaf9ba2b9f12b018b72e84c113c9c4d10d831e311095b	generated_video	regenerable_with_pinned_code_configs_seeds_upstreams_and_GPU_exact_encoded_bytes_not_guaranteed
external_large_artifact	-	/mnt/NAS/data/hl5757/generated_artifacts/lateact/phase3/confirmation/0016_h23/right_to_left_old.pt	339150	985a53b2339d2de76b0b1df3b8028c861c0df929384375af916dbe53ab5bfd03	generated_latent_tensor	regenerable_with_pinned_code_configs_seeds_upstreams_and_GPU_exact_encoded_bytes_not_guaranteed
external_large_artifact	-	/mnt/NAS/data/hl5757/generated_artifacts/lateact/phase3/confirmation/0016_h24/left_to_right_direct_late.mp4	1271082	dd364dde2d5d84b024c60e4d7a3c75de5400267d55e265ef86c9be073c638f73	generated_video	regenerable_with_pinned_code_configs_seeds_upstreams_and_GPU_exact_encoded_bytes_not_guaranteed
external_large_artifact	-	/mnt/NAS/data/hl5757/generated_artifacts/lateact/phase3/confirmation/0016_h24/left_to_right_direct_late.pt	339318	c9fd02ccc4d06bf35c91b8373012f5c94476916c327c5d31179068837585e5e7	generated_latent_tensor	regenerable_with_pinned_code_configs_seeds_upstreams_and_GPU_exact_encoded_bytes_not_guaranteed
external_large_artifact	-	/mnt/NAS/data/hl5757/generated_artifacts/lateact/phase3/confirmation/0016_h24/left_to_right_lateact.mp4	1273397	7399fbc94d9441ebf720029231a9890a54679fefd9481b7221cc122c134f31a0	generated_video	regenerable_with_pinned_code_configs_seeds_upstreams_and_GPU_exact_encoded_bytes_not_guaranteed
external_large_artifact	-	/mnt/NAS/data/hl5757/generated_artifacts/lateact/phase3/confirmation/0016_h24/left_to_right_lateact.pt	339234	c4179591e4a31131018fdf6c847914796b31d26cb05e322bfdef21312a2aef01	generated_latent_tensor	regenerable_with_pinned_code_configs_seeds_upstreams_and_GPU_exact_encoded_bytes_not_guaranteed
external_large_artifact	-	/mnt/NAS/data/hl5757/generated_artifacts/lateact/phase3/confirmation/0016_h24/left_to_right_new_oracle.mp4	1268995	71040a5e99eb313ba2358bdb62923e427aca2005d08a74d4acbf52a08acdd867	generated_video	regenerable_with_pinned_code_configs_seeds_upstreams_and_GPU_exact_encoded_bytes_not_guaranteed
external_large_artifact	-	/mnt/NAS/data/hl5757/generated_artifacts/lateact/phase3/confirmation/0016_h24/left_to_right_new_oracle.pt	339313	11a943938b48b87a75b1b714d7a491be1b54d7e2a9bc19fb9f701acfaac99b30	generated_latent_tensor	regenerable_with_pinned_code_configs_seeds_upstreams_and_GPU_exact_encoded_bytes_not_guaranteed
external_large_artifact	-	/mnt/NAS/data/hl5757/generated_artifacts/lateact/phase3/confirmation/0016_h24/left_to_right_next_new.mp4	2098591	cf62c9b3dd377f198b07db77f8873c32132beb1a021bd13400a65f27395ee614	generated_video	regenerable_with_pinned_code_configs_seeds_upstreams_and_GPU_exact_encoded_bytes_not_guaranteed
external_large_artifact	-	/mnt/NAS/data/hl5757/generated_artifacts/lateact/phase3/confirmation/0016_h24/left_to_right_next_new.pt	339303	7c1f42de58587bb56d11e724cd6d42f049cc2e8f68a3d5daa07e0347c6ee224b	generated_latent_tensor	regenerable_with_pinned_code_configs_seeds_upstreams_and_GPU_exact_encoded_bytes_not_guaranteed
external_large_artifact	-	/mnt/NAS/data/hl5757/generated_artifacts/lateact/phase3/confirmation/0016_h24/left_to_right_next_old.mp4	2110399	a624b4e4a3c756a1728621dfe09236656f268ddb4b0a99698c3c80054289bc7e	generated_video	regenerable_with_pinned_code_configs_seeds_upstreams_and_GPU_exact_encoded_bytes_not_guaranteed
external_large_artifact	-	/mnt/NAS/data/hl5757/generated_artifacts/lateact/phase3/confirmation/0016_h24/left_to_right_next_old.pt	339303	24a61f8b1d1e526677671ab22fd89787a7e285937ec9405dccc58e8e5c8bf398	generated_latent_tensor	regenerable_with_pinned_code_configs_seeds_upstreams_and_GPU_exact_encoded_bytes_not_guaranteed
external_large_artifact	-	/mnt/NAS/data/hl5757/generated_artifacts/lateact/phase3/confirmation/0016_h24/left_to_right_old.mp4	1249761	bb07934748905df3c29f8d09c619e8fe09cdf167ffbac49d550e4598539cb320	generated_video	regenerable_with_pinned_code_configs_seeds_upstreams_and_GPU_exact_encoded_bytes_not_guaranteed
external_large_artifact	-	/mnt/NAS/data/hl5757/generated_artifacts/lateact/phase3/confirmation/0016_h24/left_to_right_old.pt	339150	eda35a439f49a3f5f545be2ce1663d98139623a950720577e343297683271c08	generated_latent_tensor	regenerable_with_pinned_code_configs_seeds_upstreams_and_GPU_exact_encoded_bytes_not_guaranteed
external_large_artifact	-	/mnt/NAS/data/hl5757/generated_artifacts/lateact/phase3/confirmation/0016_h24/right_to_left_direct_late.mp4	1266974	bd9dbf56a1b4b83905df612a0fc69d4a2066df7007e91c915f2dede839e2d2de	generated_video	regenerable_with_pinned_code_configs_seeds_upstreams_and_GPU_exact_encoded_bytes_not_guaranteed
external_large_artifact	-	/mnt/NAS/data/hl5757/generated_artifacts/lateact/phase3/confirmation/0016_h24/right_to_left_direct_late.pt	339318	345ff0d70ccf46c52df20819c4146779704e9455dc702345dfc4871c0caa08c4	generated_latent_tensor	regenerable_with_pinned_code_configs_seeds_upstreams_and_GPU_exact_encoded_bytes_not_guaranteed
external_large_artifact	-	/mnt/NAS/data/hl5757/generated_artifacts/lateact/phase3/confirmation/0016_h24/right_to_left_lateact.mp4	1260544	b415df11e4eac87e058b2a6db07ac2471ffdb8b46769f12bf99993418a8e4f17	generated_video	regenerable_with_pinned_code_configs_seeds_upstreams_and_GPU_exact_encoded_bytes_not_guaranteed
external_large_artifact	-	/mnt/NAS/data/hl5757/generated_artifacts/lateact/phase3/confirmation/0016_h24/right_to_left_lateact.pt	339234	c1fa45b6f9b770e4955ca87acd2f7a5b7db125e15da6440b8c44bd19f7e8df67	generated_latent_tensor	regenerable_with_pinned_code_configs_seeds_upstreams_and_GPU_exact_encoded_bytes_not_guaranteed
external_large_artifact	-	/mnt/NAS/data/hl5757/generated_artifacts/lateact/phase3/confirmation/0016_h24/right_to_left_new_oracle.mp4	1249761	bb07934748905df3c29f8d09c619e8fe09cdf167ffbac49d550e4598539cb320	generated_video	regenerable_with_pinned_code_configs_seeds_upstreams_and_GPU_exact_encoded_bytes_not_guaranteed
external_large_artifact	-	/mnt/NAS/data/hl5757/generated_artifacts/lateact/phase3/confirmation/0016_h24/right_to_left_new_oracle.pt	339313	3bd6dd7228e47814f958291f9cd5f8b07fc00d25e70fbb546be0a2686f5f068d	generated_latent_tensor	regenerable_with_pinned_code_configs_seeds_upstreams_and_GPU_exact_encoded_bytes_not_guaranteed
external_large_artifact	-	/mnt/NAS/data/hl5757/generated_artifacts/lateact/phase3/confirmation/0016_h24/right_to_left_next_new.mp4	2109651	3104b73d3271702b8cd76caf7b24d20a16c600146e30f1a4676746714ed00c4d	generated_video	regenerable_with_pinned_code_configs_seeds_upstreams_and_GPU_exact_encoded_bytes_not_guaranteed
external_large_artifact	-	/mnt/NAS/data/hl5757/generated_artifacts/lateact/phase3/confirmation/0016_h24/right_to_left_next_new.pt	339303	a438f5e442283b9ce870a47690c8ff73b21bcf567e8ed635d321d457e24ccdf2	generated_latent_tensor	regenerable_with_pinned_code_configs_seeds_upstreams_and_GPU_exact_encoded_bytes_not_guaranteed
external_large_artifact	-	/mnt/NAS/data/hl5757/generated_artifacts/lateact/phase3/confirmation/0016_h24/right_to_left_next_old.mp4	2187395	ae419c5ba9e041c0514920901fcb1391e502cbeb416a4b1c5f3a09a2941fd9a3	generated_video	regenerable_with_pinned_code_configs_seeds_upstreams_and_GPU_exact_encoded_bytes_not_guaranteed
external_large_artifact	-	/mnt/NAS/data/hl5757/generated_artifacts/lateact/phase3/confirmation/0016_h24/right_to_left_next_old.pt	339303	236870ab9115f7aa225764291030e6d163a43a78944bdcd1edc14567ab1a1db0	generated_latent_tensor	regenerable_with_pinned_code_configs_seeds_upstreams_and_GPU_exact_encoded_bytes_not_guaranteed
external_large_artifact	-	/mnt/NAS/data/hl5757/generated_artifacts/lateact/phase3/confirmation/0016_h24/right_to_left_old.mp4	1268995	71040a5e99eb313ba2358bdb62923e427aca2005d08a74d4acbf52a08acdd867	generated_video	regenerable_with_pinned_code_configs_seeds_upstreams_and_GPU_exact_encoded_bytes_not_guaranteed
external_large_artifact	-	/mnt/NAS/data/hl5757/generated_artifacts/lateact/phase3/confirmation/0016_h24/right_to_left_old.pt	339150	e4ed2ab4ce4d85c96e304913779f58c099fb694733ddd85a45694c857af1dc72	generated_latent_tensor	regenerable_with_pinned_code_configs_seeds_upstreams_and_GPU_exact_encoded_bytes_not_guaranteed
external_large_artifact	-	/mnt/NAS/data/hl5757/generated_artifacts/lateact/phase3/confirmation/0016_h25/left_to_right_direct_late.mp4	1223679	8aa85883b666cd115e73e8cd2070508c0437d54e4276eacbe04d5e3a0423ee84	generated_video	regenerable_with_pinned_code_configs_seeds_upstreams_and_GPU_exact_encoded_bytes_not_guaranteed
external_large_artifact	-	/mnt/NAS/data/hl5757/generated_artifacts/lateact/phase3/confirmation/0016_h25/left_to_right_direct_late.pt	339318	38bfbe108458da36f9978c37df7c0eca84d6b3881e87da1d08ba3293fd611bb3	generated_latent_tensor	regenerable_with_pinned_code_configs_seeds_upstreams_and_GPU_exact_encoded_bytes_not_guaranteed
external_large_artifact	-	/mnt/NAS/data/hl5757/generated_artifacts/lateact/phase3/confirmation/0016_h25/left_to_right_lateact.mp4	1244757	1f2044f155c607a8a8fc601228621b74174c7484e0292a6376f3b7e067bc819f	generated_video	regenerable_with_pinned_code_configs_seeds_upstreams_and_GPU_exact_encoded_bytes_not_guaranteed
external_large_artifact	-	/mnt/NAS/data/hl5757/generated_artifacts/lateact/phase3/confirmation/0016_h25/left_to_right_lateact.pt	339234	1f6357726698de454e8f130bcf3de2a87e1d2ed911cb5372c6757e385e43a5f3	generated_latent_tensor	regenerable_with_pinned_code_configs_seeds_upstreams_and_GPU_exact_encoded_bytes_not_guaranteed
external_large_artifact	-	/mnt/NAS/data/hl5757/generated_artifacts/lateact/phase3/confirmation/0016_h25/left_to_right_new_oracle.mp4	1239368	b592aec41f91d4e8ceafed1780ada4d57a4f174300c099b468449eb979c65081	generated_video	regenerable_with_pinned_code_configs_seeds_upstreams_and_GPU_exact_encoded_bytes_not_guaranteed
external_large_artifact	-	/mnt/NAS/data/hl5757/generated_artifacts/lateact/phase3/confirmation/0016_h25/left_to_right_new_oracle.pt	339313	372e761bf8722484b05b859106f00227f5a7dad0a5c952ac31d8c11f79bd90bd	generated_latent_tensor	regenerable_with_pinned_code_configs_seeds_upstreams_and_GPU_exact_encoded_bytes_not_guaranteed
external_large_artifact	-	/mnt/NAS/data/hl5757/generated_artifacts/lateact/phase3/confirmation/0016_h25/left_to_right_next_new.mp4	2062055	782291de2d5d192098aeacfee123d08dab2e06783d816d97711fbe013f7aaade	generated_video	regenerable_with_pinned_code_configs_seeds_upstreams_and_GPU_exact_encoded_bytes_not_guaranteed
external_large_artifact	-	/mnt/NAS/data/hl5757/generated_artifacts/lateact/phase3/confirmation/0016_h25/left_to_right_next_new.pt	339303	0612000f88ef41724216f8d2b33c6712c988d24262089dfa1aa0aa1eca6d9337	generated_latent_tensor	regenerable_with_pinned_code_configs_seeds_upstreams_and_GPU_exact_encoded_bytes_not_guaranteed
external_large_artifact	-	/mnt/NAS/data/hl5757/generated_artifacts/lateact/phase3/confirmation/0016_h25/left_to_right_next_old.mp4	2088058	3a197054db2724acbf090c77e6e996f83e6ae6adc619b470c4197e2be533f21d	generated_video	regenerable_with_pinned_code_configs_seeds_upstreams_and_GPU_exact_encoded_bytes_not_guaranteed
external_large_artifact	-	/mnt/NAS/data/hl5757/generated_artifacts/lateact/phase3/confirmation/0016_h25/left_to_right_next_old.pt	339303	bbff4c527b4a3615d0a1806846367ba28cf3992469472e6cf31707976ae6ad59	generated_latent_tensor	regenerable_with_pinned_code_configs_seeds_upstreams_and_GPU_exact_encoded_bytes_not_guaranteed
external_large_artifact	-	/mnt/NAS/data/hl5757/generated_artifacts/lateact/phase3/confirmation/0016_h25/left_to_right_old.mp4	1221538	869373c65d7c6b5f83f523d977788c58f6e6749f06caa32620c76506d7728e11	generated_video	regenerable_with_pinned_code_configs_seeds_upstreams_and_GPU_exact_encoded_bytes_not_guaranteed
external_large_artifact	-	/mnt/NAS/data/hl5757/generated_artifacts/lateact/phase3/confirmation/0016_h25/left_to_right_old.pt	339150	010998fb814aa423fa4a8fc84e4501f0b7b4b27b4fa8f9ac7c1fa9f07604b86a	generated_latent_tensor	regenerable_with_pinned_code_configs_seeds_upstreams_and_GPU_exact_encoded_bytes_not_guaranteed
external_large_artifact	-	/mnt/NAS/data/hl5757/generated_artifacts/lateact/phase3/confirmation/0016_h25/right_to_left_direct_late.mp4	1236732	960a0cb2424b846f2e3af732ba2691d328356e573679b257b9380a70d3df3804	generated_video	regenerable_with_pinned_code_configs_seeds_upstreams_and_GPU_exact_encoded_bytes_not_guaranteed
external_large_artifact	-	/mnt/NAS/data/hl5757/generated_artifacts/lateact/phase3/confirmation/0016_h25/right_to_left_direct_late.pt	339318	4085faf6e46e5eaccdc8ac5c8cdfccc2298274dbcd84f40d85f524e8d53d6153	generated_latent_tensor	regenerable_with_pinned_code_configs_seeds_upstreams_and_GPU_exact_encoded_bytes_not_guaranteed
external_large_artifact	-	/mnt/NAS/data/hl5757/generated_artifacts/lateact/phase3/confirmation/0016_h25/right_to_left_lateact.mp4	1226415	5f892fa0e1acc0615e48cc756eb3743188abfb839b253b4e5016ac2e2bae3dbc	generated_video	regenerable_with_pinned_code_configs_seeds_upstreams_and_GPU_exact_encoded_bytes_not_guaranteed
external_large_artifact	-	/mnt/NAS/data/hl5757/generated_artifacts/lateact/phase3/confirmation/0016_h25/right_to_left_lateact.pt	339234	72c9804cd15e331b4e41a4a96a427c52869fe25cd79022c9c7f1fc4cec48af56	generated_latent_tensor	regenerable_with_pinned_code_configs_seeds_upstreams_and_GPU_exact_encoded_bytes_not_guaranteed
external_large_artifact	-	/mnt/NAS/data/hl5757/generated_artifacts/lateact/phase3/confirmation/0016_h25/right_to_left_new_oracle.mp4	1221538	869373c65d7c6b5f83f523d977788c58f6e6749f06caa32620c76506d7728e11	generated_video	regenerable_with_pinned_code_configs_seeds_upstreams_and_GPU_exact_encoded_bytes_not_guaranteed
external_large_artifact	-	/mnt/NAS/data/hl5757/generated_artifacts/lateact/phase3/confirmation/0016_h25/right_to_left_new_oracle.pt	339313	615901d54d71074b77bdf19a0c5d3db5997c2bb7f4246e224da79ae8f0fb1963	generated_latent_tensor	regenerable_with_pinned_code_configs_seeds_upstreams_and_GPU_exact_encoded_bytes_not_guaranteed
external_large_artifact	-	/mnt/NAS/data/hl5757/generated_artifacts/lateact/phase3/confirmation/0016_h25/right_to_left_next_new.mp4	2070316	8808deafbf767bc748f0442fd8dce49de2bf7233004abc8b5fc038dae624bedf	generated_video	regenerable_with_pinned_code_configs_seeds_upstreams_and_GPU_exact_encoded_bytes_not_guaranteed
external_large_artifact	-	/mnt/NAS/data/hl5757/generated_artifacts/lateact/phase3/confirmation/0016_h25/right_to_left_next_new.pt	339303	8930ecaaae42d7d78c50de0a154857b816ed5c9b99bec92062aa053eecf2606c	generated_latent_tensor	regenerable_with_pinned_code_configs_seeds_upstreams_and_GPU_exact_encoded_bytes_not_guaranteed
external_large_artifact	-	/mnt/NAS/data/hl5757/generated_artifacts/lateact/phase3/confirmation/0016_h25/right_to_left_next_old.mp4	2150454	7247456194f94532a361a7883c2b1f080e08d296cbd7ccc8008ba06ce5a9bfeb	generated_video	regenerable_with_pinned_code_configs_seeds_upstreams_and_GPU_exact_encoded_bytes_not_guaranteed
external_large_artifact	-	/mnt/NAS/data/hl5757/generated_artifacts/lateact/phase3/confirmation/0016_h25/right_to_left_next_old.pt	339303	b43e08120842ae50d0ad06fe250b78fa25d73ea3ab84edca18860999bbb7ce9c	generated_latent_tensor	regenerable_with_pinned_code_configs_seeds_upstreams_and_GPU_exact_encoded_bytes_not_guaranteed
external_large_artifact	-	/mnt/NAS/data/hl5757/generated_artifacts/lateact/phase3/confirmation/0016_h25/right_to_left_old.mp4	1239368	b592aec41f91d4e8ceafed1780ada4d57a4f174300c099b468449eb979c65081	generated_video	regenerable_with_pinned_code_configs_seeds_upstreams_and_GPU_exact_encoded_bytes_not_guaranteed
external_large_artifact	-	/mnt/NAS/data/hl5757/generated_artifacts/lateact/phase3/confirmation/0016_h25/right_to_left_old.pt	339150	f7ec2aaa67419db97a5dd7916dde29dc59e63de5a408b4f22f54df68ebcb3866	generated_latent_tensor	regenerable_with_pinned_code_configs_seeds_upstreams_and_GPU_exact_encoded_bytes_not_guaranteed
external_large_artifact	-	/mnt/NAS/data/hl5757/generated_artifacts/lateact/phase3/confirmation/0016_h26/left_to_right_direct_late.mp4	1197192	274262508d5a53a05cb1af5e8d8ccb8cdcc073ffbc3a979e46ca65b016adac82	generated_video	regenerable_with_pinned_code_configs_seeds_upstreams_and_GPU_exact_encoded_bytes_not_guaranteed
external_large_artifact	-	/mnt/NAS/data/hl5757/generated_artifacts/lateact/phase3/confirmation/0016_h26/left_to_right_direct_late.pt	339318	bc399e2cc7b95d00343ce8e4265320e70e6c6349df9befd4fbf30aee85d3d609	generated_latent_tensor	regenerable_with_pinned_code_configs_seeds_upstreams_and_GPU_exact_encoded_bytes_not_guaranteed
external_large_artifact	-	/mnt/NAS/data/hl5757/generated_artifacts/lateact/phase3/confirmation/0016_h26/left_to_right_lateact.mp4	1234118	c81588f7921b52add11fc42e509cc88742063a7d753cea335555a2c2201bc86a	generated_video	regenerable_with_pinned_code_configs_seeds_upstreams_and_GPU_exact_encoded_bytes_not_guaranteed
external_large_artifact	-	/mnt/NAS/data/hl5757/generated_artifacts/lateact/phase3/confirmation/0016_h26/left_to_right_lateact.pt	339234	897b260ec583ca246fb27b78fb401a4ca2568c57b1c02fe0821eb730596e8f77	generated_latent_tensor	regenerable_with_pinned_code_configs_seeds_upstreams_and_GPU_exact_encoded_bytes_not_guaranteed
external_large_artifact	-	/mnt/NAS/data/hl5757/generated_artifacts/lateact/phase3/confirmation/0016_h26/left_to_right_new_oracle.mp4	1225739	4565365befd5ea040cb89294159a1b1ade2205aa411c90408c375bd27ea909de	generated_video	regenerable_with_pinned_code_configs_seeds_upstreams_and_GPU_exact_encoded_bytes_not_guaranteed
external_large_artifact	-	/mnt/NAS/data/hl5757/generated_artifacts/lateact/phase3/confirmation/0016_h26/left_to_right_new_oracle.pt	339313	04643c34e7443325d3065e2d6d6ccdee626459c37a46dcde3154fe4367433795	generated_latent_tensor	regenerable_with_pinned_code_configs_seeds_upstreams_and_GPU_exact_encoded_bytes_not_guaranteed
external_large_artifact	-	/mnt/NAS/data/hl5757/generated_artifacts/lateact/phase3/confirmation/0016_h26/left_to_right_next_new.mp4	2052183	3c7c003de0a1cfd1cfdc8c69554c27f703f3b41be3b88df822a24d69fd22f579	generated_video	regenerable_with_pinned_code_configs_seeds_upstreams_and_GPU_exact_encoded_bytes_not_guaranteed
external_large_artifact	-	/mnt/NAS/data/hl5757/generated_artifacts/lateact/phase3/confirmation/0016_h26/left_to_right_next_new.pt	339303	8060a0bbf835087d592ba05af7a00fb1f7337ce159b2c08fd6f1c55c15eebe60	generated_latent_tensor	regenerable_with_pinned_code_configs_seeds_upstreams_and_GPU_exact_encoded_bytes_not_guaranteed
external_large_artifact	-	/mnt/NAS/data/hl5757/generated_artifacts/lateact/phase3/confirmation/0016_h26/left_to_right_next_old.mp4	2072475	b3b7fbb29d8cb906b2af64d8824977e872dc055b9bbea16b468d9be9c5af2755	generated_video	regenerable_with_pinned_code_configs_seeds_upstreams_and_GPU_exact_encoded_bytes_not_guaranteed
external_large_artifact	-	/mnt/NAS/data/hl5757/generated_artifacts/lateact/phase3/confirmation/0016_h26/left_to_right_next_old.pt	339303	fb57c4f1998ec9704ae95cfa93b73b21932d6b1cfcaea80a534aea5c1d38abef	generated_latent_tensor	regenerable_with_pinned_code_configs_seeds_upstreams_and_GPU_exact_encoded_bytes_not_guaranteed
external_large_artifact	-	/mnt/NAS/data/hl5757/generated_artifacts/lateact/phase3/confirmation/0016_h26/left_to_right_old.mp4	1212824	d9a7d8275045827c976d5cbf357ac03229c477ab4ada3fd6bfaf20bac82a8960	generated_video	regenerable_with_pinned_code_configs_seeds_upstreams_and_GPU_exact_encoded_bytes_not_guaranteed
external_large_artifact	-	/mnt/NAS/data/hl5757/generated_artifacts/lateact/phase3/confirmation/0016_h26/left_to_right_old.pt	339150	5d1a4558cad750b4b7f061307ec2172f3b7669fa485bb794d0cf278e82b6f93d	generated_latent_tensor	regenerable_with_pinned_code_configs_seeds_upstreams_and_GPU_exact_encoded_bytes_not_guaranteed
external_large_artifact	-	/mnt/NAS/data/hl5757/generated_artifacts/lateact/phase3/confirmation/0016_h26/right_to_left_direct_late.mp4	1234199	b43ad9a7d12b34121f709d3c2a7c327e5d56600174601081939bba4a7e184309	generated_video	regenerable_with_pinned_code_configs_seeds_upstreams_and_GPU_exact_encoded_bytes_not_guaranteed
external_large_artifact	-	/mnt/NAS/data/hl5757/generated_artifacts/lateact/phase3/confirmation/0016_h26/right_to_left_direct_late.pt	339318	cc07d2b6fa28f0e7f2a233cf57cc3b8ab37d0ab67a136f65d324301d73cc6add	generated_latent_tensor	regenerable_with_pinned_code_configs_seeds_upstreams_and_GPU_exact_encoded_bytes_not_guaranteed
external_large_artifact	-	/mnt/NAS/data/hl5757/generated_artifacts/lateact/phase3/confirmation/0016_h26/right_to_left_lateact.mp4	1218459	0be24439ddac35d87a0833d0eb5ce93df9e6b1e0adb9184886992916021c37d9	generated_video	regenerable_with_pinned_code_configs_seeds_upstreams_and_GPU_exact_encoded_bytes_not_guaranteed
external_large_artifact	-	/mnt/NAS/data/hl5757/generated_artifacts/lateact/phase3/confirmation/0016_h26/right_to_left_lateact.pt	339234	02acec9ca653931f10e492471d46bb7c55fa03ab9c2cf0460f0a05cb50102abb	generated_latent_tensor	regenerable_with_pinned_code_configs_seeds_upstreams_and_GPU_exact_encoded_bytes_not_guaranteed
external_large_artifact	-	/mnt/NAS/data/hl5757/generated_artifacts/lateact/phase3/confirmation/0016_h26/right_to_left_new_oracle.mp4	1212824	d9a7d8275045827c976d5cbf357ac03229c477ab4ada3fd6bfaf20bac82a8960	generated_video	regenerable_with_pinned_code_configs_seeds_upstreams_and_GPU_exact_encoded_bytes_not_guaranteed
external_large_artifact	-	/mnt/NAS/data/hl5757/generated_artifacts/lateact/phase3/confirmation/0016_h26/right_to_left_new_oracle.pt	339313	0bc5c8b644e676f1ce309fad71b82bb2a802b96e484bcdf6b439238cb277cebf	generated_latent_tensor	regenerable_with_pinned_code_configs_seeds_upstreams_and_GPU_exact_encoded_bytes_not_guaranteed
external_large_artifact	-	/mnt/NAS/data/hl5757/generated_artifacts/lateact/phase3/confirmation/0016_h26/right_to_left_next_new.mp4	2056720	49a7cb7347b8be1ced48f9afa1e9710d30de17f6021ce0a0f6fe971db7707fe0	generated_video	regenerable_with_pinned_code_configs_seeds_upstreams_and_GPU_exact_encoded_bytes_not_guaranteed
external_large_artifact	-	/mnt/NAS/data/hl5757/generated_artifacts/lateact/phase3/confirmation/0016_h26/right_to_left_next_new.pt	339303	12e14b550fa0e5d9d2e36cedf6c1c0606af5108200f93231e23eda823fd562ac	generated_latent_tensor	regenerable_with_pinned_code_configs_seeds_upstreams_and_GPU_exact_encoded_bytes_not_guaranteed
external_large_artifact	-	/mnt/NAS/data/hl5757/generated_artifacts/lateact/phase3/confirmation/0016_h26/right_to_left_next_old.mp4	2133300	1b37da530c93bebefd1d90d317029c0451541d0c7c483c9063037f0df9cbe030	generated_video	regenerable_with_pinned_code_configs_seeds_upstreams_and_GPU_exact_encoded_bytes_not_guaranteed
external_large_artifact	-	/mnt/NAS/data/hl5757/generated_artifacts/lateact/phase3/confirmation/0016_h26/right_to_left_next_old.pt	339303	c653df649c1f8ed9790a9af8c29b55666d33b7b267988458d65a6df4c564a016	generated_latent_tensor	regenerable_with_pinned_code_configs_seeds_upstreams_and_GPU_exact_encoded_bytes_not_guaranteed
external_large_artifact	-	/mnt/NAS/data/hl5757/generated_artifacts/lateact/phase3/confirmation/0016_h26/right_to_left_old.mp4	1225739	4565365befd5ea040cb89294159a1b1ade2205aa411c90408c375bd27ea909de	generated_video	regenerable_with_pinned_code_configs_seeds_upstreams_and_GPU_exact_encoded_bytes_not_guaranteed
external_large_artifact	-	/mnt/NAS/data/hl5757/generated_artifacts/lateact/phase3/confirmation/0016_h26/right_to_left_old.pt	339150	15664d9d81717c657835829fdf80dcdc09886799f8c2ee7f8c2f2c3f225d82dc	generated_latent_tensor	regenerable_with_pinned_code_configs_seeds_upstreams_and_GPU_exact_encoded_bytes_not_guaranteed
external_large_artifact	-	/mnt/NAS/data/hl5757/generated_artifacts/lateact/phase3/confirmation/0016_h27/left_to_right_direct_late.mp4	1257015	e3f6c6f14a49c75c1b5124ed20a87eea18ebf195bb0de195cff9455308f5c33d	generated_video	regenerable_with_pinned_code_configs_seeds_upstreams_and_GPU_exact_encoded_bytes_not_guaranteed
external_large_artifact	-	/mnt/NAS/data/hl5757/generated_artifacts/lateact/phase3/confirmation/0016_h27/left_to_right_direct_late.pt	339318	8a97ee23f36752835a1b1439388e0e76a8cedd1ba4a40a88e6fddaaf40a41f73	generated_latent_tensor	regenerable_with_pinned_code_configs_seeds_upstreams_and_GPU_exact_encoded_bytes_not_guaranteed
external_large_artifact	-	/mnt/NAS/data/hl5757/generated_artifacts/lateact/phase3/confirmation/0016_h27/left_to_right_lateact.mp4	1271763	a52792349542dda9de089dc57f0d5029dbdb303db964dae4455a0f2cfae76101	generated_video	regenerable_with_pinned_code_configs_seeds_upstreams_and_GPU_exact_encoded_bytes_not_guaranteed
external_large_artifact	-	/mnt/NAS/data/hl5757/generated_artifacts/lateact/phase3/confirmation/0016_h27/left_to_right_lateact.pt	339234	b7a5e8f0b5cb6d14f9a2b375e165ea66b9523bf8e95eeee0e3e13393665e1f28	generated_latent_tensor	regenerable_with_pinned_code_configs_seeds_upstreams_and_GPU_exact_encoded_bytes_not_guaranteed
external_large_artifact	-	/mnt/NAS/data/hl5757/generated_artifacts/lateact/phase3/confirmation/0016_h27/left_to_right_new_oracle.mp4	1263591	44891a9cb38e2dd5a57736d0302f7deb83745258de8c30c7ceececd5b5db6012	generated_video	regenerable_with_pinned_code_configs_seeds_upstreams_and_GPU_exact_encoded_bytes_not_guaranteed
external_large_artifact	-	/mnt/NAS/data/hl5757/generated_artifacts/lateact/phase3/confirmation/0016_h27/left_to_right_new_oracle.pt	339313	ab3c4dafdd03d31db1da40214116029cd5a4b42f1aeafeaa7c7438cb25fe29a3	generated_latent_tensor	regenerable_with_pinned_code_configs_seeds_upstreams_and_GPU_exact_encoded_bytes_not_guaranteed
external_large_artifact	-	/mnt/NAS/data/hl5757/generated_artifacts/lateact/phase3/confirmation/0016_h27/left_to_right_next_new.mp4	2090452	c4d57d6dabc8d18cfdf7559541134b00f01ce467c0380a32a2f125860403bb2f	generated_video	regenerable_with_pinned_code_configs_seeds_upstreams_and_GPU_exact_encoded_bytes_not_guaranteed
external_large_artifact	-	/mnt/NAS/data/hl5757/generated_artifacts/lateact/phase3/confirmation/0016_h27/left_to_right_next_new.pt	339303	a95c548e4510369563ff00764810d7a379cb7e00098a22aad431660615857bbb	generated_latent_tensor	regenerable_with_pinned_code_configs_seeds_upstreams_and_GPU_exact_encoded_bytes_not_guaranteed
external_large_artifact	-	/mnt/NAS/data/hl5757/generated_artifacts/lateact/phase3/confirmation/0016_h27/left_to_right_next_old.mp4	2118022	20e33dd8532e361cfd62c4b1a8420fe23f2a7dcbd888f3fba223f1907a57d78f	generated_video	regenerable_with_pinned_code_configs_seeds_upstreams_and_GPU_exact_encoded_bytes_not_guaranteed
external_large_artifact	-	/mnt/NAS/data/hl5757/generated_artifacts/lateact/phase3/confirmation/0016_h27/left_to_right_next_old.pt	339303	bede4631f8b25caa7cc4e71484cc56863531a618b3f411b7073b3021a0544dcd	generated_latent_tensor	regenerable_with_pinned_code_configs_seeds_upstreams_and_GPU_exact_encoded_bytes_not_guaranteed
external_large_artifact	-	/mnt/NAS/data/hl5757/generated_artifacts/lateact/phase3/confirmation/0016_h27/left_to_right_old.mp4	1247794	0ea67d69d7d02c4676d777b16399f2a84b2e490a5b0c06f374a92cf97fc82eca	generated_video	regenerable_with_pinned_code_configs_seeds_upstreams_and_GPU_exact_encoded_bytes_not_guaranteed
external_large_artifact	-	/mnt/NAS/data/hl5757/generated_artifacts/lateact/phase3/confirmation/0016_h27/left_to_right_old.pt	339150	59f7ac61af4486539480fa3a4e45621d69a79023491434bdda14d7f24d899a2d	generated_latent_tensor	regenerable_with_pinned_code_configs_seeds_upstreams_and_GPU_exact_encoded_bytes_not_guaranteed
external_large_artifact	-	/mnt/NAS/data/hl5757/generated_artifacts/lateact/phase3/confirmation/0016_h27/right_to_left_direct_late.mp4	1254785	fbdd97fbff46aa2c88f541dbdd09f547002ccf9117b729962b1dc30a9351dca3	generated_video	regenerable_with_pinned_code_configs_seeds_upstreams_and_GPU_exact_encoded_bytes_not_guaranteed
external_large_artifact	-	/mnt/NAS/data/hl5757/generated_artifacts/lateact/phase3/confirmation/0016_h27/right_to_left_direct_late.pt	339318	3dbb0be451880471754e9454312837a99fd0ad8e28a10f424a0201153e0532e3	generated_latent_tensor	regenerable_with_pinned_code_configs_seeds_upstreams_and_GPU_exact_encoded_bytes_not_guaranteed
external_large_artifact	-	/mnt/NAS/data/hl5757/generated_artifacts/lateact/phase3/confirmation/0016_h27/right_to_left_lateact.mp4	1245666	cc0ee981e1887443dbeb44cc37d122b9e91b1c9de66eefcbf0c8503876e9dad3	generated_video	regenerable_with_pinned_code_configs_seeds_upstreams_and_GPU_exact_encoded_bytes_not_guaranteed
external_large_artifact	-	/mnt/NAS/data/hl5757/generated_artifacts/lateact/phase3/confirmation/0016_h27/right_to_left_lateact.pt	339234	3b8a73e9d3f6978636e64a80dd7b8ea689e991ee78921080108c97156f320b41	generated_latent_tensor	regenerable_with_pinned_code_configs_seeds_upstreams_and_GPU_exact_encoded_bytes_not_guaranteed
external_large_artifact	-	/mnt/NAS/data/hl5757/generated_artifacts/lateact/phase3/confirmation/0016_h27/right_to_left_new_oracle.mp4	1247794	0ea67d69d7d02c4676d777b16399f2a84b2e490a5b0c06f374a92cf97fc82eca	generated_video	regenerable_with_pinned_code_configs_seeds_upstreams_and_GPU_exact_encoded_bytes_not_guaranteed
external_large_artifact	-	/mnt/NAS/data/hl5757/generated_artifacts/lateact/phase3/confirmation/0016_h27/right_to_left_new_oracle.pt	339313	9c50332f405364894e6ceb1a7559768769c534280f660207a42fcd030ea7a4d5	generated_latent_tensor	regenerable_with_pinned_code_configs_seeds_upstreams_and_GPU_exact_encoded_bytes_not_guaranteed
external_large_artifact	-	/mnt/NAS/data/hl5757/generated_artifacts/lateact/phase3/confirmation/0016_h27/right_to_left_next_new.mp4	2109593	b236191e7f1f0c4234b2fcb93b2b526ca1d013a179a19b122a07a0eba8ca15ef	generated_video	regenerable_with_pinned_code_configs_seeds_upstreams_and_GPU_exact_encoded_bytes_not_guaranteed
external_large_artifact	-	/mnt/NAS/data/hl5757/generated_artifacts/lateact/phase3/confirmation/0016_h27/right_to_left_next_new.pt	339303	d319d58ac8e3bfae3df807d8ca9ede9e8628ad8af285dc06fc797a127b711bb7	generated_latent_tensor	regenerable_with_pinned_code_configs_seeds_upstreams_and_GPU_exact_encoded_bytes_not_guaranteed
external_large_artifact	-	/mnt/NAS/data/hl5757/generated_artifacts/lateact/phase3/confirmation/0016_h27/right_to_left_next_old.mp4	2184656	b66027fe4ad3e5ff1a3d011665bda360a8be12363450c93a100a363c1cc0613a	generated_video	regenerable_with_pinned_code_configs_seeds_upstreams_and_GPU_exact_encoded_bytes_not_guaranteed
external_large_artifact	-	/mnt/NAS/data/hl5757/generated_artifacts/lateact/phase3/confirmation/0016_h27/right_to_left_next_old.pt	339303	8b87d962f3eed9dde09d3b0932a2efb7d93873014dba381983b518b6eea4b224	generated_latent_tensor	regenerable_with_pinned_code_configs_seeds_upstreams_and_GPU_exact_encoded_bytes_not_guaranteed
external_large_artifact	-	/mnt/NAS/data/hl5757/generated_artifacts/lateact/phase3/confirmation/0016_h27/right_to_left_old.mp4	1263591	44891a9cb38e2dd5a57736d0302f7deb83745258de8c30c7ceececd5b5db6012	generated_video	regenerable_with_pinned_code_configs_seeds_upstreams_and_GPU_exact_encoded_bytes_not_guaranteed
external_large_artifact	-	/mnt/NAS/data/hl5757/generated_artifacts/lateact/phase3/confirmation/0016_h27/right_to_left_old.pt	339150	f77dd60bec9c310df730a01411a7077830592cc603045d4c4b6b606fbbae898a	generated_latent_tensor	regenerable_with_pinned_code_configs_seeds_upstreams_and_GPU_exact_encoded_bytes_not_guaranteed
external_large_artifact	-	/mnt/NAS/data/hl5757/generated_artifacts/lateact/phase3/confirmation/0016_h28/left_to_right_direct_late.mp4	1264001	e840cf84dd0d31041552178a59f13c3ef257b6805ee02ba9a831871df19ce8b2	generated_video	regenerable_with_pinned_code_configs_seeds_upstreams_and_GPU_exact_encoded_bytes_not_guaranteed
external_large_artifact	-	/mnt/NAS/data/hl5757/generated_artifacts/lateact/phase3/confirmation/0016_h28/left_to_right_direct_late.pt	339318	305ed5a657a2a6568c72bbce0786046bd9313249c94618589bdfd5dbf81cd63e	generated_latent_tensor	regenerable_with_pinned_code_configs_seeds_upstreams_and_GPU_exact_encoded_bytes_not_guaranteed
external_large_artifact	-	/mnt/NAS/data/hl5757/generated_artifacts/lateact/phase3/confirmation/0016_h28/left_to_right_lateact.mp4	1277590	9ad93cd6c1567ea1cba54537a4fa0c2984233dc04cef9e16eac0649145e1e02a	generated_video	regenerable_with_pinned_code_configs_seeds_upstreams_and_GPU_exact_encoded_bytes_not_guaranteed
external_large_artifact	-	/mnt/NAS/data/hl5757/generated_artifacts/lateact/phase3/confirmation/0016_h28/left_to_right_lateact.pt	339234	2444a7aaff2483d6f43a7f2dfa9f14000379e6409a05694d468ad2cb61c234e6	generated_latent_tensor	regenerable_with_pinned_code_configs_seeds_upstreams_and_GPU_exact_encoded_bytes_not_guaranteed
external_large_artifact	-	/mnt/NAS/data/hl5757/generated_artifacts/lateact/phase3/confirmation/0016_h28/left_to_right_new_oracle.mp4	1272964	f782678d6c61e18a5d0b321a877ed6588b088d89ad468bd891790e153dd7a339	generated_video	regenerable_with_pinned_code_configs_seeds_upstreams_and_GPU_exact_encoded_bytes_not_guaranteed
external_large_artifact	-	/mnt/NAS/data/hl5757/generated_artifacts/lateact/phase3/confirmation/0016_h28/left_to_right_new_oracle.pt	339313	e072a1e537ea84484a965ccbc036b33f9a14eddbf55c0855cb1af36514b33925	generated_latent_tensor	regenerable_with_pinned_code_configs_seeds_upstreams_and_GPU_exact_encoded_bytes_not_guaranteed
external_large_artifact	-	/mnt/NAS/data/hl5757/generated_artifacts/lateact/phase3/confirmation/0016_h28/left_to_right_next_new.mp4	2087429	47c09945d04fff59ebea17403af116fb02ec915a637853f7ee770cb08b489d97	generated_video	regenerable_with_pinned_code_configs_seeds_upstreams_and_GPU_exact_encoded_bytes_not_guaranteed
external_large_artifact	-	/mnt/NAS/data/hl5757/generated_artifacts/lateact/phase3/confirmation/0016_h28/left_to_right_next_new.pt	339303	3364f9497fd27233b8b9d166a5df33d0c12d8eca110b1122ed89597985758678	generated_latent_tensor	regenerable_with_pinned_code_configs_seeds_upstreams_and_GPU_exact_encoded_bytes_not_guaranteed
external_large_artifact	-	/mnt/NAS/data/hl5757/generated_artifacts/lateact/phase3/confirmation/0016_h28/left_to_right_next_old.mp4	2113085	26cd8f4a5e266411c4ad1fa8000a546dd0744f8489105eb3223238fa73000a5e	generated_video	regenerable_with_pinned_code_configs_seeds_upstreams_and_GPU_exact_encoded_bytes_not_guaranteed
external_large_artifact	-	/mnt/NAS/data/hl5757/generated_artifacts/lateact/phase3/confirmation/0016_h28/left_to_right_next_old.pt	339303	03edb4d561af2b0b6f5c062c3ad8d58a2da143d2f82b2fdf92cdff9070d1d712	generated_latent_tensor	regenerable_with_pinned_code_configs_seeds_upstreams_and_GPU_exact_encoded_bytes_not_guaranteed
external_large_artifact	-	/mnt/NAS/data/hl5757/generated_artifacts/lateact/phase3/confirmation/0016_h28/left_to_right_old.mp4	1249440	530dae3e7c2be5e53b431de38a5acb48df353ced482483ed2f7bd6c120eb882d	generated_video	regenerable_with_pinned_code_configs_seeds_upstreams_and_GPU_exact_encoded_bytes_not_guaranteed
external_large_artifact	-	/mnt/NAS/data/hl5757/generated_artifacts/lateact/phase3/confirmation/0016_h28/left_to_right_old.pt	339150	a3f1a67ed49d57331af3308c6654b0b8af4f464392b4cb6f70a2fcbaf9b71672	generated_latent_tensor	regenerable_with_pinned_code_configs_seeds_upstreams_and_GPU_exact_encoded_bytes_not_guaranteed
external_large_artifact	-	/mnt/NAS/data/hl5757/generated_artifacts/lateact/phase3/confirmation/0016_h28/right_to_left_direct_late.mp4	1276094	2aa5b41699dbaccd40b6b8e63af1c0dcd9c10797bbdb4278e02cfa020a2682f3	generated_video	regenerable_with_pinned_code_configs_seeds_upstreams_and_GPU_exact_encoded_bytes_not_guaranteed
external_large_artifact	-	/mnt/NAS/data/hl5757/generated_artifacts/lateact/phase3/confirmation/0016_h28/right_to_left_direct_late.pt	339318	f5656db7f9bbb8ae772be921d819690a8a721f804b4d41babf91fa022b226df6	generated_latent_tensor	regenerable_with_pinned_code_configs_seeds_upstreams_and_GPU_exact_encoded_bytes_not_guaranteed
external_large_artifact	-	/mnt/NAS/data/hl5757/generated_artifacts/lateact/phase3/confirmation/0016_h28/right_to_left_lateact.mp4	1263172	61c082731640a63326491cbdab63199c9be66dfc42c2388d010ceacf843fa139	generated_video	regenerable_with_pinned_code_configs_seeds_upstreams_and_GPU_exact_encoded_bytes_not_guaranteed
external_large_artifact	-	/mnt/NAS/data/hl5757/generated_artifacts/lateact/phase3/confirmation/0016_h28/right_to_left_lateact.pt	339234	bdd20a995f6253b6ad534c29f580adfc91d6acb28332b14988a5faa32a2111e9	generated_latent_tensor	regenerable_with_pinned_code_configs_seeds_upstreams_and_GPU_exact_encoded_bytes_not_guaranteed
external_large_artifact	-	/mnt/NAS/data/hl5757/generated_artifacts/lateact/phase3/confirmation/0016_h28/right_to_left_new_oracle.mp4	1249440	530dae3e7c2be5e53b431de38a5acb48df353ced482483ed2f7bd6c120eb882d	generated_video	regenerable_with_pinned_code_configs_seeds_upstreams_and_GPU_exact_encoded_bytes_not_guaranteed
external_large_artifact	-	/mnt/NAS/data/hl5757/generated_artifacts/lateact/phase3/confirmation/0016_h28/right_to_left_new_oracle.pt	339313	1b2ec2a6b1b4ab0fa27511eb21660f2be5aa5fb00dfc567263bb196a908d09e0	generated_latent_tensor	regenerable_with_pinned_code_configs_seeds_upstreams_and_GPU_exact_encoded_bytes_not_guaranteed
external_large_artifact	-	/mnt/NAS/data/hl5757/generated_artifacts/lateact/phase3/confirmation/0016_h28/right_to_left_next_new.mp4	2114750	9863ccc78eb90f319df22a61201af22a87c9116a35aecae591ff3f169392190c	generated_video	regenerable_with_pinned_code_configs_seeds_upstreams_and_GPU_exact_encoded_bytes_not_guaranteed
external_large_artifact	-	/mnt/NAS/data/hl5757/generated_artifacts/lateact/phase3/confirmation/0016_h28/right_to_left_next_new.pt	339303	be365876fc19585615d93d44c5839840670279328d234eca1661da745553928d	generated_latent_tensor	regenerable_with_pinned_code_configs_seeds_upstreams_and_GPU_exact_encoded_bytes_not_guaranteed
external_large_artifact	-	/mnt/NAS/data/hl5757/generated_artifacts/lateact/phase3/confirmation/0016_h28/right_to_left_next_old.mp4	2187712	02b73b7717ee722fcfba8ebd3585252cdaba2b9346576d55622df2cb961ca1f0	generated_video	regenerable_with_pinned_code_configs_seeds_upstreams_and_GPU_exact_encoded_bytes_not_guaranteed
external_large_artifact	-	/mnt/NAS/data/hl5757/generated_artifacts/lateact/phase3/confirmation/0016_h28/right_to_left_next_old.pt	339303	64480da68aa5ca702c98028c146643daf3dffe278416e6da5b710b5cf1acbdd5	generated_latent_tensor	regenerable_with_pinned_code_configs_seeds_upstreams_and_GPU_exact_encoded_bytes_not_guaranteed
external_large_artifact	-	/mnt/NAS/data/hl5757/generated_artifacts/lateact/phase3/confirmation/0016_h28/right_to_left_old.mp4	1272964	f782678d6c61e18a5d0b321a877ed6588b088d89ad468bd891790e153dd7a339	generated_video	regenerable_with_pinned_code_configs_seeds_upstreams_and_GPU_exact_encoded_bytes_not_guaranteed
external_large_artifact	-	/mnt/NAS/data/hl5757/generated_artifacts/lateact/phase3/confirmation/0016_h28/right_to_left_old.pt	339150	179da521ef68d4df5c3e08f796884cec1993e0b95408040e15b7c71cbff4baa6	generated_latent_tensor	regenerable_with_pinned_code_configs_seeds_upstreams_and_GPU_exact_encoded_bytes_not_guaranteed
external_large_artifact	-	/mnt/NAS/data/hl5757/generated_artifacts/lateact/phase3/confirmation/0016_h29/left_to_right_direct_late.mp4	1246577	dca4cf92de6da893ae901436424a9c850877228d33fd42c97416d35651882466	generated_video	regenerable_with_pinned_code_configs_seeds_upstreams_and_GPU_exact_encoded_bytes_not_guaranteed
external_large_artifact	-	/mnt/NAS/data/hl5757/generated_artifacts/lateact/phase3/confirmation/0016_h29/left_to_right_direct_late.pt	339318	fb34e1e3aff84c4b805cda19f02e33ebefe70f4d62fbce98066df2bf11e06814	generated_latent_tensor	regenerable_with_pinned_code_configs_seeds_upstreams_and_GPU_exact_encoded_bytes_not_guaranteed
external_large_artifact	-	/mnt/NAS/data/hl5757/generated_artifacts/lateact/phase3/confirmation/0016_h29/left_to_right_lateact.mp4	1269321	6279069c74cf7a1ba0a9ecf960b2dc2bca99d5039a24bb76d9e88cf055f8ebf7	generated_video	regenerable_with_pinned_code_configs_seeds_upstreams_and_GPU_exact_encoded_bytes_not_guaranteed
external_large_artifact	-	/mnt/NAS/data/hl5757/generated_artifacts/lateact/phase3/confirmation/0016_h29/left_to_right_lateact.pt	339234	cd62d62611ceaa8a221db209e5035d5893357cb067b008f26a8ae45462f098c2	generated_latent_tensor	regenerable_with_pinned_code_configs_seeds_upstreams_and_GPU_exact_encoded_bytes_not_guaranteed
external_large_artifact	-	/mnt/NAS/data/hl5757/generated_artifacts/lateact/phase3/confirmation/0016_h29/left_to_right_new_oracle.mp4	1271263	45b01c5db068a4e8796e2b38209982a725de4528b275bfb88d920d3aff52a13b	generated_video	regenerable_with_pinned_code_configs_seeds_upstreams_and_GPU_exact_encoded_bytes_not_guaranteed
external_large_artifact	-	/mnt/NAS/data/hl5757/generated_artifacts/lateact/phase3/confirmation/0016_h29/left_to_right_new_oracle.pt	339313	f467a24a3d1e2c7f7703e81e672178096b222a74856a5ce71436e1259fd6c52e	generated_latent_tensor	regenerable_with_pinned_code_configs_seeds_upstreams_and_GPU_exact_encoded_bytes_not_guaranteed
external_large_artifact	-	/mnt/NAS/data/hl5757/generated_artifacts/lateact/phase3/confirmation/0016_h29/left_to_right_next_new.mp4	2081817	69dc8cbb687c6eb41a28086d36e346f66decfc41fc9abce92fc4de69ca13d88f	generated_video	regenerable_with_pinned_code_configs_seeds_upstreams_and_GPU_exact_encoded_bytes_not_guaranteed
external_large_artifact	-	/mnt/NAS/data/hl5757/generated_artifacts/lateact/phase3/confirmation/0016_h29/left_to_right_next_new.pt	339303	9811bd35a11386e10cdd2cca39b49dad263a4ef85894a24ef2ba3567933e139e	generated_latent_tensor	regenerable_with_pinned_code_configs_seeds_upstreams_and_GPU_exact_encoded_bytes_not_guaranteed
external_large_artifact	-	/mnt/NAS/data/hl5757/generated_artifacts/lateact/phase3/confirmation/0016_h29/left_to_right_next_old.mp4	2106350	cd3836455791a9c3f59a37e96b31685755d68398c367da0b0470ddfa5fa41ae5	generated_video	regenerable_with_pinned_code_configs_seeds_upstreams_and_GPU_exact_encoded_bytes_not_guaranteed
external_large_artifact	-	/mnt/NAS/data/hl5757/generated_artifacts/lateact/phase3/confirmation/0016_h29/left_to_right_next_old.pt	339303	0c3ae9f906a8559e27205344185470d3999550c5be4b8e91f5a7ee27996db509	generated_latent_tensor	regenerable_with_pinned_code_configs_seeds_upstreams_and_GPU_exact_encoded_bytes_not_guaranteed
external_large_artifact	-	/mnt/NAS/data/hl5757/generated_artifacts/lateact/phase3/confirmation/0016_h29/left_to_right_old.mp4	1246891	fc081d36079058ce2bc77a2800a06c315b043ecd87b60781d708117e6a1415f5	generated_video	regenerable_with_pinned_code_configs_seeds_upstreams_and_GPU_exact_encoded_bytes_not_guaranteed
external_large_artifact	-	/mnt/NAS/data/hl5757/generated_artifacts/lateact/phase3/confirmation/0016_h29/left_to_right_old.pt	339150	3244346418355fed5c593a959206f4c4b96bb6e7162dc24440c2f0efe9202acf	generated_latent_tensor	regenerable_with_pinned_code_configs_seeds_upstreams_and_GPU_exact_encoded_bytes_not_guaranteed
external_large_artifact	-	/mnt/NAS/data/hl5757/generated_artifacts/lateact/phase3/confirmation/0016_h29/right_to_left_direct_late.mp4	1258219	11c23a961630a90ed58564f0f527d5c64197b3692ada060dd01e4743c80c963c	generated_video	regenerable_with_pinned_code_configs_seeds_upstreams_and_GPU_exact_encoded_bytes_not_guaranteed
external_large_artifact	-	/mnt/NAS/data/hl5757/generated_artifacts/lateact/phase3/confirmation/0016_h29/right_to_left_direct_late.pt	339318	d6a7d29347acbe45eb6d0946974059bf1baad10ce7fde821388f3c93ac3e62ea	generated_latent_tensor	regenerable_with_pinned_code_configs_seeds_upstreams_and_GPU_exact_encoded_bytes_not_guaranteed
external_large_artifact	-	/mnt/NAS/data/hl5757/generated_artifacts/lateact/phase3/confirmation/0016_h29/right_to_left_lateact.mp4	1250331	757b4dfaa941574802fa443f3f8250580917e3760b0f0ef19064cc754a07e855	generated_video	regenerable_with_pinned_code_configs_seeds_upstreams_and_GPU_exact_encoded_bytes_not_guaranteed
external_large_artifact	-	/mnt/NAS/data/hl5757/generated_artifacts/lateact/phase3/confirmation/0016_h29/right_to_left_lateact.pt	339234	9b684647cf5c5c1e02345755d7f9b2c69d0a2e166579a08ee50f1db02baff93d	generated_latent_tensor	regenerable_with_pinned_code_configs_seeds_upstreams_and_GPU_exact_encoded_bytes_not_guaranteed
external_large_artifact	-	/mnt/NAS/data/hl5757/generated_artifacts/lateact/phase3/confirmation/0016_h29/right_to_left_new_oracle.mp4	1246891	fc081d36079058ce2bc77a2800a06c315b043ecd87b60781d708117e6a1415f5	generated_video	regenerable_with_pinned_code_configs_seeds_upstreams_and_GPU_exact_encoded_bytes_not_guaranteed
external_large_artifact	-	/mnt/NAS/data/hl5757/generated_artifacts/lateact/phase3/confirmation/0016_h29/right_to_left_new_oracle.pt	339313	4f2e3656d30538dca129b1da3f843c52e2241c1425ecf103d41ff4b399432572	generated_latent_tensor	regenerable_with_pinned_code_configs_seeds_upstreams_and_GPU_exact_encoded_bytes_not_guaranteed
external_large_artifact	-	/mnt/NAS/data/hl5757/generated_artifacts/lateact/phase3/confirmation/0016_h29/right_to_left_next_new.mp4	2104525	140a4310f2c1d43a302cfcb11dfba64f4205961a9b8af9c0d524936c2c44da0d	generated_video	regenerable_with_pinned_code_configs_seeds_upstreams_and_GPU_exact_encoded_bytes_not_guaranteed
external_large_artifact	-	/mnt/NAS/data/hl5757/generated_artifacts/lateact/phase3/confirmation/0016_h29/right_to_left_next_new.pt	339303	8f73bda26a1997d6e627d2a2f8835f77ca971879e8582494811760254f9b0ab4	generated_latent_tensor	regenerable_with_pinned_code_configs_seeds_upstreams_and_GPU_exact_encoded_bytes_not_guaranteed
external_large_artifact	-	/mnt/NAS/data/hl5757/generated_artifacts/lateact/phase3/confirmation/0016_h29/right_to_left_next_old.mp4	2177910	9540563f5628b448a0069a2ac6adb21fc944e580cf30966e3035d165b1b0cacb	generated_video	regenerable_with_pinned_code_configs_seeds_upstreams_and_GPU_exact_encoded_bytes_not_guaranteed
external_large_artifact	-	/mnt/NAS/data/hl5757/generated_artifacts/lateact/phase3/confirmation/0016_h29/right_to_left_next_old.pt	339303	9f849de7dbc7216a780a4c693d62abe09e85e732e9e27c8ccb57c393711bedaa	generated_latent_tensor	regenerable_with_pinned_code_configs_seeds_upstreams_and_GPU_exact_encoded_bytes_not_guaranteed
external_large_artifact	-	/mnt/NAS/data/hl5757/generated_artifacts/lateact/phase3/confirmation/0016_h29/right_to_left_old.mp4	1271263	45b01c5db068a4e8796e2b38209982a725de4528b275bfb88d920d3aff52a13b	generated_video	regenerable_with_pinned_code_configs_seeds_upstreams_and_GPU_exact_encoded_bytes_not_guaranteed
external_large_artifact	-	/mnt/NAS/data/hl5757/generated_artifacts/lateact/phase3/confirmation/0016_h29/right_to_left_old.pt	339150	bc34f8eba92fabd0ca7782e2f139d549da497ad9764ff75c266823918f8e1cf6	generated_latent_tensor	regenerable_with_pinned_code_configs_seeds_upstreams_and_GPU_exact_encoded_bytes_not_guaranteed
external_large_artifact	-	/mnt/NAS/data/hl5757/generated_artifacts/lateact/phase3/confirmation/0016_h30/left_to_right_direct_late.mp4	1236129	34d1ecf79a4e93855bc41b7a2f354fc860679534d04e3830be7df50c8e3bc4ce	generated_video	regenerable_with_pinned_code_configs_seeds_upstreams_and_GPU_exact_encoded_bytes_not_guaranteed
external_large_artifact	-	/mnt/NAS/data/hl5757/generated_artifacts/lateact/phase3/confirmation/0016_h30/left_to_right_direct_late.pt	339318	15810de7ce77f651124364078eb9fe9b61c24b1cbce7d4ef151edf995ca4ead0	generated_latent_tensor	regenerable_with_pinned_code_configs_seeds_upstreams_and_GPU_exact_encoded_bytes_not_guaranteed
external_large_artifact	-	/mnt/NAS/data/hl5757/generated_artifacts/lateact/phase3/confirmation/0016_h30/left_to_right_lateact.mp4	1272595	82c71fefe274e95b2eda6dc1e50116f792bdd0d3420e5a1dd0ec714ccf3a5bff	generated_video	regenerable_with_pinned_code_configs_seeds_upstreams_and_GPU_exact_encoded_bytes_not_guaranteed
external_large_artifact	-	/mnt/NAS/data/hl5757/generated_artifacts/lateact/phase3/confirmation/0016_h30/left_to_right_lateact.pt	339234	e9a4bccd5d872d0bd35b2743612d0a92864b8e67bf13ddeed48fdf805329e5a5	generated_latent_tensor	regenerable_with_pinned_code_configs_seeds_upstreams_and_GPU_exact_encoded_bytes_not_guaranteed
external_large_artifact	-	/mnt/NAS/data/hl5757/generated_artifacts/lateact/phase3/confirmation/0016_h30/left_to_right_new_oracle.mp4	1257743	64cfb8c35e033692577b4f96d3ba6240a7ec46279a8a53dfad62263558e6be3b	generated_video	regenerable_with_pinned_code_configs_seeds_upstreams_and_GPU_exact_encoded_bytes_not_guaranteed
external_large_artifact	-	/mnt/NAS/data/hl5757/generated_artifacts/lateact/phase3/confirmation/0016_h30/left_to_right_new_oracle.pt	339313	66277844dc4f3f0483139d60bae51e5a04c8e97a165dff88c92f726afae485ed	generated_latent_tensor	regenerable_with_pinned_code_configs_seeds_upstreams_and_GPU_exact_encoded_bytes_not_guaranteed
external_large_artifact	-	/mnt/NAS/data/hl5757/generated_artifacts/lateact/phase3/confirmation/0016_h30/left_to_right_next_new.mp4	2085362	ad19ff5c55207d884fbb171e583cd4cd09942bd287815ba0e26c80fc48a3dd2c	generated_video	regenerable_with_pinned_code_configs_seeds_upstreams_and_GPU_exact_encoded_bytes_not_guaranteed
external_large_artifact	-	/mnt/NAS/data/hl5757/generated_artifacts/lateact/phase3/confirmation/0016_h30/left_to_right_next_new.pt	339303	e60293fac29e8194725f5718da0cfb8159e0ff08bc52d77adc3b6dbb1acdfc4e	generated_latent_tensor	regenerable_with_pinned_code_configs_seeds_upstreams_and_GPU_exact_encoded_bytes_not_guaranteed
external_large_artifact	-	/mnt/NAS/data/hl5757/generated_artifacts/lateact/phase3/confirmation/0016_h30/left_to_right_next_old.mp4	2109127	a5eb419bdf38af35d1846012e5f6a93f5da202f6f77393afb228281984eeab8d	generated_video	regenerable_with_pinned_code_configs_seeds_upstreams_and_GPU_exact_encoded_bytes_not_guaranteed
external_large_artifact	-	/mnt/NAS/data/hl5757/generated_artifacts/lateact/phase3/confirmation/0016_h30/left_to_right_next_old.pt	339303	2bc0994fd9b2ae32a4f3b305aee559e4fdcce2a273a86949b7f7f172e95faa3f	generated_latent_tensor	regenerable_with_pinned_code_configs_seeds_upstreams_and_GPU_exact_encoded_bytes_not_guaranteed
external_large_artifact	-	/mnt/NAS/data/hl5757/generated_artifacts/lateact/phase3/confirmation/0016_h30/left_to_right_old.mp4	1242453	acdeb9ceee9dd1087997be5f964ad1a7039b6d750bc67d975b31872300fd0a77	generated_video	regenerable_with_pinned_code_configs_seeds_upstreams_and_GPU_exact_encoded_bytes_not_guaranteed
external_large_artifact	-	/mnt/NAS/data/hl5757/generated_artifacts/lateact/phase3/confirmation/0016_h30/left_to_right_old.pt	339150	c18400bb6bf67def9843bfc6586f9b2c885cee7d34e6982a7921f12c4e3fa445	generated_latent_tensor	regenerable_with_pinned_code_configs_seeds_upstreams_and_GPU_exact_encoded_bytes_not_guaranteed
external_large_artifact	-	/mnt/NAS/data/hl5757/generated_artifacts/lateact/phase3/confirmation/0016_h30/right_to_left_direct_late.mp4	1262652	9eae574e049a38f9c70674aaa372878448fa063577a9e211c607c1ee82809be2	generated_video	regenerable_with_pinned_code_configs_seeds_upstreams_and_GPU_exact_encoded_bytes_not_guaranteed
external_large_artifact	-	/mnt/NAS/data/hl5757/generated_artifacts/lateact/phase3/confirmation/0016_h30/right_to_left_direct_late.pt	339318	f706df523d274014c25e2a18b0cf4da8cd532ca0f477c26c2c1e19d1f4f2f5de	generated_latent_tensor	regenerable_with_pinned_code_configs_seeds_upstreams_and_GPU_exact_encoded_bytes_not_guaranteed
external_large_artifact	-	/mnt/NAS/data/hl5757/generated_artifacts/lateact/phase3/confirmation/0016_h30/right_to_left_lateact.mp4	1243290	ca8a0a888d555e580c8e8cc18c222e2b1f06bb5020802b3dcf104ed612d4f82e	generated_video	regenerable_with_pinned_code_configs_seeds_upstreams_and_GPU_exact_encoded_bytes_not_guaranteed
external_large_artifact	-	/mnt/NAS/data/hl5757/generated_artifacts/lateact/phase3/confirmation/0016_h30/right_to_left_lateact.pt	339234	c828cebd46a7f129538687fa242cb03dc60f89c0e930307e18cec542a75aa644	generated_latent_tensor	regenerable_with_pinned_code_configs_seeds_upstreams_and_GPU_exact_encoded_bytes_not_guaranteed
external_large_artifact	-	/mnt/NAS/data/hl5757/generated_artifacts/lateact/phase3/confirmation/0016_h30/right_to_left_new_oracle.mp4	1242453	acdeb9ceee9dd1087997be5f964ad1a7039b6d750bc67d975b31872300fd0a77	generated_video	regenerable_with_pinned_code_configs_seeds_upstreams_and_GPU_exact_encoded_bytes_not_guaranteed
external_large_artifact	-	/mnt/NAS/data/hl5757/generated_artifacts/lateact/phase3/confirmation/0016_h30/right_to_left_new_oracle.pt	339313	756227948e6350e322e282915985151d1547d378358690efbf9d3febdb34c7fe	generated_latent_tensor	regenerable_with_pinned_code_configs_seeds_upstreams_and_GPU_exact_encoded_bytes_not_guaranteed
external_large_artifact	-	/mnt/NAS/data/hl5757/generated_artifacts/lateact/phase3/confirmation/0016_h30/right_to_left_next_new.mp4	2100669	34c2616282ccede53dc4e9db90ce1efb2258514f30ec2acdd1f2e4e6f200943e	generated_video	regenerable_with_pinned_code_configs_seeds_upstreams_and_GPU_exact_encoded_bytes_not_guaranteed
external_large_artifact	-	/mnt/NAS/data/hl5757/generated_artifacts/lateact/phase3/confirmation/0016_h30/right_to_left_next_new.pt	339303	3ff9b738fc96f15d499ed68411791404a1a3f717a144bf0adc18c84158705786	generated_latent_tensor	regenerable_with_pinned_code_configs_seeds_upstreams_and_GPU_exact_encoded_bytes_not_guaranteed
external_large_artifact	-	/mnt/NAS/data/hl5757/generated_artifacts/lateact/phase3/confirmation/0016_h30/right_to_left_next_old.mp4	2167747	e04348daba5b5303a366869fcdec21bd86d4a74e9c22d527700ac8db87360f13	generated_video	regenerable_with_pinned_code_configs_seeds_upstreams_and_GPU_exact_encoded_bytes_not_guaranteed
external_large_artifact	-	/mnt/NAS/data/hl5757/generated_artifacts/lateact/phase3/confirmation/0016_h30/right_to_left_next_old.pt	339303	35ebb78e295a1050a0582f59684b5230b101f135a0492ad891d9a8577db1c726	generated_latent_tensor	regenerable_with_pinned_code_configs_seeds_upstreams_and_GPU_exact_encoded_bytes_not_guaranteed
external_large_artifact	-	/mnt/NAS/data/hl5757/generated_artifacts/lateact/phase3/confirmation/0016_h30/right_to_left_old.mp4	1257743	64cfb8c35e033692577b4f96d3ba6240a7ec46279a8a53dfad62263558e6be3b	generated_video	regenerable_with_pinned_code_configs_seeds_upstreams_and_GPU_exact_encoded_bytes_not_guaranteed
external_large_artifact	-	/mnt/NAS/data/hl5757/generated_artifacts/lateact/phase3/confirmation/0016_h30/right_to_left_old.pt	339150	dd59bfc857837977dad9274c3a838b155c7adacea27bf1da74c707ac72b8be34	generated_latent_tensor	regenerable_with_pinned_code_configs_seeds_upstreams_and_GPU_exact_encoded_bytes_not_guaranteed
external_large_artifact	-	/mnt/NAS/data/hl5757/generated_artifacts/lateact/phase3/confirmation/0016_h31/left_to_right_direct_late.mp4	1207412	3f35628918fc2a69e52de68259711f0cf9a0797f221952bb117a8a39a3478496	generated_video	regenerable_with_pinned_code_configs_seeds_upstreams_and_GPU_exact_encoded_bytes_not_guaranteed
external_large_artifact	-	/mnt/NAS/data/hl5757/generated_artifacts/lateact/phase3/confirmation/0016_h31/left_to_right_direct_late.pt	339318	f7655e6bca39435a8347827ac695c0ead84950f67dc00a610d7164663737701e	generated_latent_tensor	regenerable_with_pinned_code_configs_seeds_upstreams_and_GPU_exact_encoded_bytes_not_guaranteed
external_large_artifact	-	/mnt/NAS/data/hl5757/generated_artifacts/lateact/phase3/confirmation/0016_h31/left_to_right_lateact.mp4	1239979	9a53a01f9a030f9299e41d4da69adcd5b1b3879b090593cd0adbd5d24adf185b	generated_video	regenerable_with_pinned_code_configs_seeds_upstreams_and_GPU_exact_encoded_bytes_not_guaranteed
external_large_artifact	-	/mnt/NAS/data/hl5757/generated_artifacts/lateact/phase3/confirmation/0016_h31/left_to_right_lateact.pt	339234	657b395cf9b374d4067a65e47cea0a25bae3550fac659da8c47371114f4f8ff1	generated_latent_tensor	regenerable_with_pinned_code_configs_seeds_upstreams_and_GPU_exact_encoded_bytes_not_guaranteed
external_large_artifact	-	/mnt/NAS/data/hl5757/generated_artifacts/lateact/phase3/confirmation/0016_h31/left_to_right_new_oracle.mp4	1241743	6bcc893726c4260bc49fd422940fa1a145758bb9ea01628dbe1c9d7fc3de0961	generated_video	regenerable_with_pinned_code_configs_seeds_upstreams_and_GPU_exact_encoded_bytes_not_guaranteed
external_large_artifact	-	/mnt/NAS/data/hl5757/generated_artifacts/lateact/phase3/confirmation/0016_h31/left_to_right_new_oracle.pt	339313	a168570c3f160d329e426214018b8d07a1cdc2320005db85850dd78ab94c1a1b	generated_latent_tensor	regenerable_with_pinned_code_configs_seeds_upstreams_and_GPU_exact_encoded_bytes_not_guaranteed
external_large_artifact	-	/mnt/NAS/data/hl5757/generated_artifacts/lateact/phase3/confirmation/0016_h31/left_to_right_next_new.mp4	2047693	6ab34e8c553faf856963ef9638f49548726db9cfb4a9d03a31301b692b502b8e	generated_video	regenerable_with_pinned_code_configs_seeds_upstreams_and_GPU_exact_encoded_bytes_not_guaranteed
external_large_artifact	-	/mnt/NAS/data/hl5757/generated_artifacts/lateact/phase3/confirmation/0016_h31/left_to_right_next_new.pt	339303	8cbde79e9d48723afc730e7ab3bd90a57d0bc8bd9947325c2b6252a8fdbb42e8	generated_latent_tensor	regenerable_with_pinned_code_configs_seeds_upstreams_and_GPU_exact_encoded_bytes_not_guaranteed
external_large_artifact	-	/mnt/NAS/data/hl5757/generated_artifacts/lateact/phase3/confirmation/0016_h31/left_to_right_next_old.mp4	2071901	d5d0219a0924a16055f9841e6c0b52caf0b1021199ce2a85e4d3759ead23fa1a	generated_video	regenerable_with_pinned_code_configs_seeds_upstreams_and_GPU_exact_encoded_bytes_not_guaranteed
external_large_artifact	-	/mnt/NAS/data/hl5757/generated_artifacts/lateact/phase3/confirmation/0016_h31/left_to_right_next_old.pt	339303	b1990dc3b6518d54e92dd6d90264226a0e0e9d31a6314e30473006475a4d7de4	generated_latent_tensor	regenerable_with_pinned_code_configs_seeds_upstreams_and_GPU_exact_encoded_bytes_not_guaranteed
external_large_artifact	-	/mnt/NAS/data/hl5757/generated_artifacts/lateact/phase3/confirmation/0016_h31/left_to_right_old.mp4	1212179	51d88dbfd694a6ff2342c11c2a7b69fc8f52fffe6740e0659f2fd502e56959a4	generated_video	regenerable_with_pinned_code_configs_seeds_upstreams_and_GPU_exact_encoded_bytes_not_guaranteed
external_large_artifact	-	/mnt/NAS/data/hl5757/generated_artifacts/lateact/phase3/confirmation/0016_h31/left_to_right_old.pt	339150	66d1d3c3d8db2f879b9ab369a0221b9f475fd49261a3a9c426a4e8bf42529ec4	generated_latent_tensor	regenerable_with_pinned_code_configs_seeds_upstreams_and_GPU_exact_encoded_bytes_not_guaranteed
external_large_artifact	-	/mnt/NAS/data/hl5757/generated_artifacts/lateact/phase3/confirmation/0016_h31/right_to_left_direct_late.mp4	1229558	a7d13382bedcdbf05f7724721dd1a93f04b506927f7dc7e1c94cecee892fcabb	generated_video	regenerable_with_pinned_code_configs_seeds_upstreams_and_GPU_exact_encoded_bytes_not_guaranteed
external_large_artifact	-	/mnt/NAS/data/hl5757/generated_artifacts/lateact/phase3/confirmation/0016_h31/right_to_left_direct_late.pt	339318	b48d1d323a386d15a5c9338fba0b390727d895d7de6b6c096d4e9599da0c1546	generated_latent_tensor	regenerable_with_pinned_code_configs_seeds_upstreams_and_GPU_exact_encoded_bytes_not_guaranteed
external_large_artifact	-	/mnt/NAS/data/hl5757/generated_artifacts/lateact/phase3/confirmation/0016_h31/right_to_left_lateact.mp4	1215157	a204116b2570f256839d0e1808c15f16fbc1de5c386a3ff72ee04f82ea7327df	generated_video	regenerable_with_pinned_code_configs_seeds_upstreams_and_GPU_exact_encoded_bytes_not_guaranteed
external_large_artifact	-	/mnt/NAS/data/hl5757/generated_artifacts/lateact/phase3/confirmation/0016_h31/right_to_left_lateact.pt	339234	fa41025c32d2fc42155b8b46dd050f45a919a06c0fb8246fc3ea606c380e9564	generated_latent_tensor	regenerable_with_pinned_code_configs_seeds_upstreams_and_GPU_exact_encoded_bytes_not_guaranteed
external_large_artifact	-	/mnt/NAS/data/hl5757/generated_artifacts/lateact/phase3/confirmation/0016_h31/right_to_left_new_oracle.mp4	1212179	51d88dbfd694a6ff2342c11c2a7b69fc8f52fffe6740e0659f2fd502e56959a4	generated_video	regenerable_with_pinned_code_configs_seeds_upstreams_and_GPU_exact_encoded_bytes_not_guaranteed
external_large_artifact	-	/mnt/NAS/data/hl5757/generated_artifacts/lateact/phase3/confirmation/0016_h31/right_to_left_new_oracle.pt	339313	5eaf67cce9ce5fc5947d133e36499a7d32ee75b275fe0eb4efc64b8e422255ca	generated_latent_tensor	regenerable_with_pinned_code_configs_seeds_upstreams_and_GPU_exact_encoded_bytes_not_guaranteed
external_large_artifact	-	/mnt/NAS/data/hl5757/generated_artifacts/lateact/phase3/confirmation/0016_h31/right_to_left_next_new.mp4	2083903	867fc849d9a5b201dc61222d66befec40635937e34accd457b9f59288c57f48b	generated_video	regenerable_with_pinned_code_configs_seeds_upstreams_and_GPU_exact_encoded_bytes_not_guaranteed
external_large_artifact	-	/mnt/NAS/data/hl5757/generated_artifacts/lateact/phase3/confirmation/0016_h31/right_to_left_next_new.pt	339303	3896dc4491181c06b49492e3fa422cc677ac607de3e566f9acdcf3d59c58a7c7	generated_latent_tensor	regenerable_with_pinned_code_configs_seeds_upstreams_and_GPU_exact_encoded_bytes_not_guaranteed
external_large_artifact	-	/mnt/NAS/data/hl5757/generated_artifacts/lateact/phase3/confirmation/0016_h31/right_to_left_next_old.mp4	2145230	86518125eb68400e6f97595bac4edf9f15e8e0e45c4e0afbf3505bbf2fec7d16	generated_video	regenerable_with_pinned_code_configs_seeds_upstreams_and_GPU_exact_encoded_bytes_not_guaranteed
external_large_artifact	-	/mnt/NAS/data/hl5757/generated_artifacts/lateact/phase3/confirmation/0016_h31/right_to_left_next_old.pt	339303	9050f2760ea6c435f056b312a8d937d43263f3ac144f7c26933066071d8295ee	generated_latent_tensor	regenerable_with_pinned_code_configs_seeds_upstreams_and_GPU_exact_encoded_bytes_not_guaranteed
external_large_artifact	-	/mnt/NAS/data/hl5757/generated_artifacts/lateact/phase3/confirmation/0016_h31/right_to_left_old.mp4	1241743	6bcc893726c4260bc49fd422940fa1a145758bb9ea01628dbe1c9d7fc3de0961	generated_video	regenerable_with_pinned_code_configs_seeds_upstreams_and_GPU_exact_encoded_bytes_not_guaranteed
external_large_artifact	-	/mnt/NAS/data/hl5757/generated_artifacts/lateact/phase3/confirmation/0016_h31/right_to_left_old.pt	339150	a9b65470988e0bda257166ea34cf4fe01c1194b77642e6e4afc2b66ba2bcc746	generated_latent_tensor	regenerable_with_pinned_code_configs_seeds_upstreams_and_GPU_exact_encoded_bytes_not_guaranteed
external_large_artifact	-	/mnt/NAS/data/hl5757/generated_artifacts/lateact/phase3/confirmation/0016_h32/left_to_right_direct_late.mp4	1236113	9cc8db2e4ae67732d2282b8e8d63272264e4d51500dfe8542ac51ba2e5306b49	generated_video	regenerable_with_pinned_code_configs_seeds_upstreams_and_GPU_exact_encoded_bytes_not_guaranteed
external_large_artifact	-	/mnt/NAS/data/hl5757/generated_artifacts/lateact/phase3/confirmation/0016_h32/left_to_right_direct_late.pt	339318	d0cd5fccd8d771c23f8daabf580b29d7eaafae2fa40a765a767cdf42abf5ea57	generated_latent_tensor	regenerable_with_pinned_code_configs_seeds_upstreams_and_GPU_exact_encoded_bytes_not_guaranteed
external_large_artifact	-	/mnt/NAS/data/hl5757/generated_artifacts/lateact/phase3/confirmation/0016_h32/left_to_right_lateact.mp4	1244253	6624950bb2d104a5b2ef78f1cf07b1d22342d97fd3f2caa201430495f000f4ba	generated_video	regenerable_with_pinned_code_configs_seeds_upstreams_and_GPU_exact_encoded_bytes_not_guaranteed
external_large_artifact	-	/mnt/NAS/data/hl5757/generated_artifacts/lateact/phase3/confirmation/0016_h32/left_to_right_lateact.pt	339234	10f04452adb0a56fa26008db3ca3667db683fae3c8b3c25323e294d49400973b	generated_latent_tensor	regenerable_with_pinned_code_configs_seeds_upstreams_and_GPU_exact_encoded_bytes_not_guaranteed
external_large_artifact	-	/mnt/NAS/data/hl5757/generated_artifacts/lateact/phase3/confirmation/0016_h32/left_to_right_new_oracle.mp4	1232932	bf9e8b03d1702b4eaee929c1690c35766ea40c6df2bffee5f5781a78c9729d06	generated_video	regenerable_with_pinned_code_configs_seeds_upstreams_and_GPU_exact_encoded_bytes_not_guaranteed
external_large_artifact	-	/mnt/NAS/data/hl5757/generated_artifacts/lateact/phase3/confirmation/0016_h32/left_to_right_new_oracle.pt	339313	ed2e14f3b33056fab9dfa7a6a912e1931797fb58258019b86e90e22ab419f0ec	generated_latent_tensor	regenerable_with_pinned_code_configs_seeds_upstreams_and_GPU_exact_encoded_bytes_not_guaranteed
external_large_artifact	-	/mnt/NAS/data/hl5757/generated_artifacts/lateact/phase3/confirmation/0016_h32/left_to_right_next_new.mp4	2054852	806de06919cfce7a8621aa29c42d3875de4a7d1d8ac82b4321b0fec3cfd91fe6	generated_video	regenerable_with_pinned_code_configs_seeds_upstreams_and_GPU_exact_encoded_bytes_not_guaranteed
external_large_artifact	-	/mnt/NAS/data/hl5757/generated_artifacts/lateact/phase3/confirmation/0016_h32/left_to_right_next_new.pt	339303	c6421d48085d55537d27fd96780eebfddc52643ca4ccb4affcff69352654f72a	generated_latent_tensor	regenerable_with_pinned_code_configs_seeds_upstreams_and_GPU_exact_encoded_bytes_not_guaranteed
external_large_artifact	-	/mnt/NAS/data/hl5757/generated_artifacts/lateact/phase3/confirmation/0016_h32/left_to_right_next_old.mp4	2078725	633d151c75617f2723fcd12c0d5ce6da6890270f4521e2ba421c3ba238dc5678	generated_video	regenerable_with_pinned_code_configs_seeds_upstreams_and_GPU_exact_encoded_bytes_not_guaranteed
external_large_artifact	-	/mnt/NAS/data/hl5757/generated_artifacts/lateact/phase3/confirmation/0016_h32/left_to_right_next_old.pt	339303	1da3305ef8b2c77af6d43652b806f5e9a219a5b6563170ca62541c6ca8918e1c	generated_latent_tensor	regenerable_with_pinned_code_configs_seeds_upstreams_and_GPU_exact_encoded_bytes_not_guaranteed
external_large_artifact	-	/mnt/NAS/data/hl5757/generated_artifacts/lateact/phase3/confirmation/0016_h32/left_to_right_old.mp4	1213966	b495aafcac3b496760a7214b3b3376d3677384d63c6e2cfc9b26fedb377786dd	generated_video	regenerable_with_pinned_code_configs_seeds_upstreams_and_GPU_exact_encoded_bytes_not_guaranteed
external_large_artifact	-	/mnt/NAS/data/hl5757/generated_artifacts/lateact/phase3/confirmation/0016_h32/left_to_right_old.pt	339150	3e2a42959fc539f20fb37056f1a6d15d3925b5fb5d36e1dd3f68e9594db199c9	generated_latent_tensor	regenerable_with_pinned_code_configs_seeds_upstreams_and_GPU_exact_encoded_bytes_not_guaranteed
external_large_artifact	-	/mnt/NAS/data/hl5757/generated_artifacts/lateact/phase3/confirmation/0016_h32/right_to_left_direct_late.mp4	1229965	cf7747635c5219388b95a2d4b0e45ef98b5157995c0f1d70f249fb40226e2be2	generated_video	regenerable_with_pinned_code_configs_seeds_upstreams_and_GPU_exact_encoded_bytes_not_guaranteed
external_large_artifact	-	/mnt/NAS/data/hl5757/generated_artifacts/lateact/phase3/confirmation/0016_h32/right_to_left_direct_late.pt	339318	8fa93b890a8b345b00c2c38f3c876193d74a852af455d03fad45996403305e14	generated_latent_tensor	regenerable_with_pinned_code_configs_seeds_upstreams_and_GPU_exact_encoded_bytes_not_guaranteed
external_large_artifact	-	/mnt/NAS/data/hl5757/generated_artifacts/lateact/phase3/confirmation/0016_h32/right_to_left_lateact.mp4	1225933	62d3be7c483aceab6bbf7d706691e3a42a2c1c0cb0f1d1a1afefa446889de72c	generated_video	regenerable_with_pinned_code_configs_seeds_upstreams_and_GPU_exact_encoded_bytes_not_guaranteed
external_large_artifact	-	/mnt/NAS/data/hl5757/generated_artifacts/lateact/phase3/confirmation/0016_h32/right_to_left_lateact.pt	339234	2e636817f33345136935cf7de3124e2f534f7f168118ec33611b5fcb1287769e	generated_latent_tensor	regenerable_with_pinned_code_configs_seeds_upstreams_and_GPU_exact_encoded_bytes_not_guaranteed
external_large_artifact	-	/mnt/NAS/data/hl5757/generated_artifacts/lateact/phase3/confirmation/0016_h32/right_to_left_new_oracle.mp4	1213966	b495aafcac3b496760a7214b3b3376d3677384d63c6e2cfc9b26fedb377786dd	generated_video	regenerable_with_pinned_code_configs_seeds_upstreams_and_GPU_exact_encoded_bytes_not_guaranteed
external_large_artifact	-	/mnt/NAS/data/hl5757/generated_artifacts/lateact/phase3/confirmation/0016_h32/right_to_left_new_oracle.pt	339313	1c2ce35da8a655c7fd16fcd483037a2f2ee176c077c2a0f370a8f5f9b98d8c35	generated_latent_tensor	regenerable_with_pinned_code_configs_seeds_upstreams_and_GPU_exact_encoded_bytes_not_guaranteed
external_large_artifact	-	/mnt/NAS/data/hl5757/generated_artifacts/lateact/phase3/confirmation/0016_h32/right_to_left_next_new.mp4	2073818	0c5fe2d65b20427e0e12b4dc992be2a1c59e689887dff9b0cd7ff119ce9d094f	generated_video	regenerable_with_pinned_code_configs_seeds_upstreams_and_GPU_exact_encoded_bytes_not_guaranteed
external_large_artifact	-	/mnt/NAS/data/hl5757/generated_artifacts/lateact/phase3/confirmation/0016_h32/right_to_left_next_new.pt	339303	d89a3d93f5ba3fea7b8c32ce9eb4b72cd7d113a3abede16c042fbb4ff3e5fba4	generated_latent_tensor	regenerable_with_pinned_code_configs_seeds_upstreams_and_GPU_exact_encoded_bytes_not_guaranteed
external_large_artifact	-	/mnt/NAS/data/hl5757/generated_artifacts/lateact/phase3/confirmation/0016_h32/right_to_left_next_old.mp4	2148837	05ecb930cf48223b793cb3c26b9e91456a87971265e56619efc2acabfa1c22ef	generated_video	regenerable_with_pinned_code_configs_seeds_upstreams_and_GPU_exact_encoded_bytes_not_guaranteed
external_large_artifact	-	/mnt/NAS/data/hl5757/generated_artifacts/lateact/phase3/confirmation/0016_h32/right_to_left_next_old.pt	339303	e239a869c9e1483e50e61a5dc66f60da4d39dc73801148fcc2286d1a2c9651de	generated_latent_tensor	regenerable_with_pinned_code_configs_seeds_upstreams_and_GPU_exact_encoded_bytes_not_guaranteed
external_large_artifact	-	/mnt/NAS/data/hl5757/generated_artifacts/lateact/phase3/confirmation/0016_h32/right_to_left_old.mp4	1232932	bf9e8b03d1702b4eaee929c1690c35766ea40c6df2bffee5f5781a78c9729d06	generated_video	regenerable_with_pinned_code_configs_seeds_upstreams_and_GPU_exact_encoded_bytes_not_guaranteed
external_large_artifact	-	/mnt/NAS/data/hl5757/generated_artifacts/lateact/phase3/confirmation/0016_h32/right_to_left_old.pt	339150	87a9431c5de3ef9af03d8cbaf91014f3351c920631cd89b21bccdaf5d25e991c	generated_latent_tensor	regenerable_with_pinned_code_configs_seeds_upstreams_and_GPU_exact_encoded_bytes_not_guaranteed
external_large_artifact	-	/mnt/NAS/data/hl5757/generated_artifacts/lateact/phase3/confirmation/0016_h33/left_to_right_direct_late.mp4	1238776	87061dc53c73058c90c495c0b917c02813d44eb9fbbe8480cc959a9facb5d14a	generated_video	regenerable_with_pinned_code_configs_seeds_upstreams_and_GPU_exact_encoded_bytes_not_guaranteed
external_large_artifact	-	/mnt/NAS/data/hl5757/generated_artifacts/lateact/phase3/confirmation/0016_h33/left_to_right_direct_late.pt	339318	6a3571f743a5c3a50d5c471c17cd5259ff47d48aa665d940d566ebe1a4d3d56f	generated_latent_tensor	regenerable_with_pinned_code_configs_seeds_upstreams_and_GPU_exact_encoded_bytes_not_guaranteed
external_large_artifact	-	/mnt/NAS/data/hl5757/generated_artifacts/lateact/phase3/confirmation/0016_h33/left_to_right_lateact.mp4	1259160	7647e0ac589370f3a3de264a4a26d30fe7767d7e7a9fdcdb4333e8bb3a355bae	generated_video	regenerable_with_pinned_code_configs_seeds_upstreams_and_GPU_exact_encoded_bytes_not_guaranteed
external_large_artifact	-	/mnt/NAS/data/hl5757/generated_artifacts/lateact/phase3/confirmation/0016_h33/left_to_right_lateact.pt	339234	bb9ee0f00d9ef862b29a8c88a83d3ff93337d3eba4959d530ba30d8a6219fbbc	generated_latent_tensor	regenerable_with_pinned_code_configs_seeds_upstreams_and_GPU_exact_encoded_bytes_not_guaranteed
external_large_artifact	-	/mnt/NAS/data/hl5757/generated_artifacts/lateact/phase3/confirmation/0016_h33/left_to_right_new_oracle.mp4	1247634	18de430aa030ea04f56c355a39a64baefbd4443254aff1e1d90febcfb1a2e24b	generated_video	regenerable_with_pinned_code_configs_seeds_upstreams_and_GPU_exact_encoded_bytes_not_guaranteed
external_large_artifact	-	/mnt/NAS/data/hl5757/generated_artifacts/lateact/phase3/confirmation/0016_h33/left_to_right_new_oracle.pt	339313	35005a22e8a48b5154e4057c59f5ab0b2881f6998fa2225afc8e5c8302e36c80	generated_latent_tensor	regenerable_with_pinned_code_configs_seeds_upstreams_and_GPU_exact_encoded_bytes_not_guaranteed
external_large_artifact	-	/mnt/NAS/data/hl5757/generated_artifacts/lateact/phase3/confirmation/0016_h33/left_to_right_next_new.mp4	2071055	5190c37ed0310ed959b528bbaf83f50a00d959cdec991078d1527314d9576b7e	generated_video	regenerable_with_pinned_code_configs_seeds_upstreams_and_GPU_exact_encoded_bytes_not_guaranteed
external_large_artifact	-	/mnt/NAS/data/hl5757/generated_artifacts/lateact/phase3/confirmation/0016_h33/left_to_right_next_new.pt	339303	ac8c1a3f4508c820a2ae09e0c353635749eba028eb16d9387b516e530fd86ac2	generated_latent_tensor	regenerable_with_pinned_code_configs_seeds_upstreams_and_GPU_exact_encoded_bytes_not_guaranteed
external_large_artifact	-	/mnt/NAS/data/hl5757/generated_artifacts/lateact/phase3/confirmation/0016_h33/left_to_right_next_old.mp4	2086447	542a9b54db4cc21c29fb88613f8b615fee703ce5a5e95007f3487a4417cde380	generated_video	regenerable_with_pinned_code_configs_seeds_upstreams_and_GPU_exact_encoded_bytes_not_guaranteed
external_large_artifact	-	/mnt/NAS/data/hl5757/generated_artifacts/lateact/phase3/confirmation/0016_h33/left_to_right_next_old.pt	339303	1924aca799818ebc8cbc6af339047b3610ab7b2ed30b241b101d7bd218dadf4f	generated_latent_tensor	regenerable_with_pinned_code_configs_seeds_upstreams_and_GPU_exact_encoded_bytes_not_guaranteed
external_large_artifact	-	/mnt/NAS/data/hl5757/generated_artifacts/lateact/phase3/confirmation/0016_h33/left_to_right_old.mp4	1227311	74878b7ba8eafd9ccff879c0c2920e293da8bc629152aa8b75d086d0338dbbbf	generated_video	regenerable_with_pinned_code_configs_seeds_upstreams_and_GPU_exact_encoded_bytes_not_guaranteed
external_large_artifact	-	/mnt/NAS/data/hl5757/generated_artifacts/lateact/phase3/confirmation/0016_h33/left_to_right_old.pt	339150	5edd4a724aa624686fe0b4cb270b3749cc61fdd95fb9340a8146a95cdd91db37	generated_latent_tensor	regenerable_with_pinned_code_configs_seeds_upstreams_and_GPU_exact_encoded_bytes_not_guaranteed
external_large_artifact	-	/mnt/NAS/data/hl5757/generated_artifacts/lateact/phase3/confirmation/0016_h33/right_to_left_direct_late.mp4	1236544	e8865dc156e65518dc13ccc7dd2e310329550da5e1b3748c4b83f61167ba55f9	generated_video	regenerable_with_pinned_code_configs_seeds_upstreams_and_GPU_exact_encoded_bytes_not_guaranteed
external_large_artifact	-	/mnt/NAS/data/hl5757/generated_artifacts/lateact/phase3/confirmation/0016_h33/right_to_left_direct_late.pt	339318	68fd98786475ee70932b7e07ec34217f5f79c94b85afb4483e24bff4b9fba551	generated_latent_tensor	regenerable_with_pinned_code_configs_seeds_upstreams_and_GPU_exact_encoded_bytes_not_guaranteed
external_large_artifact	-	/mnt/NAS/data/hl5757/generated_artifacts/lateact/phase3/confirmation/0016_h33/right_to_left_lateact.mp4	1233214	f5fa0a3d0b81074799388ad9f6f14ef9bc4ce3ba0ab3fa8444239e38fed01e2c	generated_video	regenerable_with_pinned_code_configs_seeds_upstreams_and_GPU_exact_encoded_bytes_not_guaranteed
external_large_artifact	-	/mnt/NAS/data/hl5757/generated_artifacts/lateact/phase3/confirmation/0016_h33/right_to_left_lateact.pt	339234	51f76556eecd104298cb2ebd181b592bd2faa1cb0eeac544b64694dba908e92b	generated_latent_tensor	regenerable_with_pinned_code_configs_seeds_upstreams_and_GPU_exact_encoded_bytes_not_guaranteed
external_large_artifact	-	/mnt/NAS/data/hl5757/generated_artifacts/lateact/phase3/confirmation/0016_h33/right_to_left_new_oracle.mp4	1227311	74878b7ba8eafd9ccff879c0c2920e293da8bc629152aa8b75d086d0338dbbbf	generated_video	regenerable_with_pinned_code_configs_seeds_upstreams_and_GPU_exact_encoded_bytes_not_guaranteed
external_large_artifact	-	/mnt/NAS/data/hl5757/generated_artifacts/lateact/phase3/confirmation/0016_h33/right_to_left_new_oracle.pt	339313	5be5cbd9c33758d60d52edd949c0643e6c457355e3cf556dcdfb219512a1658a	generated_latent_tensor	regenerable_with_pinned_code_configs_seeds_upstreams_and_GPU_exact_encoded_bytes_not_guaranteed
external_large_artifact	-	/mnt/NAS/data/hl5757/generated_artifacts/lateact/phase3/confirmation/0016_h33/right_to_left_next_new.mp4	2085832	62dc3fd628224f1760657c9c52d5e7868fa612b45b20a9b06929722eee0ca614	generated_video	regenerable_with_pinned_code_configs_seeds_upstreams_and_GPU_exact_encoded_bytes_not_guaranteed
external_large_artifact	-	/mnt/NAS/data/hl5757/generated_artifacts/lateact/phase3/confirmation/0016_h33/right_to_left_next_new.pt	339303	5920a2b0d05bd2091d9cca541f18d84f9a44a0f7de56acacd90c7a17ac47092e	generated_latent_tensor	regenerable_with_pinned_code_configs_seeds_upstreams_and_GPU_exact_encoded_bytes_not_guaranteed
external_large_artifact	-	/mnt/NAS/data/hl5757/generated_artifacts/lateact/phase3/confirmation/0016_h33/right_to_left_next_old.mp4	2156609	e2be09213b3294542f52116ff14a48ac0acbdee88eafdeba807d4d4b193c6f24	generated_video	regenerable_with_pinned_code_configs_seeds_upstreams_and_GPU_exact_encoded_bytes_not_guaranteed
external_large_artifact	-	/mnt/NAS/data/hl5757/generated_artifacts/lateact/phase3/confirmation/0016_h33/right_to_left_next_old.pt	339303	05f69e9be80621644b27fc90bea9837a1f7c87f3d22e8b9f45f8195b9c71fc4d	generated_latent_tensor	regenerable_with_pinned_code_configs_seeds_upstreams_and_GPU_exact_encoded_bytes_not_guaranteed
external_large_artifact	-	/mnt/NAS/data/hl5757/generated_artifacts/lateact/phase3/confirmation/0016_h33/right_to_left_old.mp4	1247634	18de430aa030ea04f56c355a39a64baefbd4443254aff1e1d90febcfb1a2e24b	generated_video	regenerable_with_pinned_code_configs_seeds_upstreams_and_GPU_exact_encoded_bytes_not_guaranteed
external_large_artifact	-	/mnt/NAS/data/hl5757/generated_artifacts/lateact/phase3/confirmation/0016_h33/right_to_left_old.pt	339150	c4b52d65cd153eff70ec0be8b3b409e24d7097d6f3c0f9f4de16e67f7f484a64	generated_latent_tensor	regenerable_with_pinned_code_configs_seeds_upstreams_and_GPU_exact_encoded_bytes_not_guaranteed
stored_in_git	results/frozen/phase3/confirmation/phase3b_keyboard_serving_montage.png	/mnt/NAS/data/hl5757/generated_artifacts/lateact/phase3/confirmation/phase3b_keyboard_serving_montage.png	457214	51de5708e0d89ba74049c53657614f3c01ae32b1ab6da6671e29dae4f6671fbb	qualitative_scientific_montage	authoritative_archived_copy
stored_in_git	results/frozen/phase3/confirmation/phase3b_shard_0.json	/mnt/NAS/data/hl5757/generated_artifacts/lateact/phase3/confirmation/phase3b_shard_0.json	986932	1672c34f8f371398e7f682cd3ce26138b2080bf7130335f1a569f6e5cab9ce9a	frozen_numerical_or_provenance_record	authoritative_archived_copy
stored_in_git	results/frozen/phase3/confirmation/phase3b_shard_1.json	/mnt/NAS/data/hl5757/generated_artifacts/lateact/phase3/confirmation/phase3b_shard_1.json	986751	90c0d3fdce56b6ec333cc82c165f9280585c87bd219a2fd625501cf2fac68c17	frozen_numerical_or_provenance_record	authoritative_archived_copy
stored_in_git	results/frozen/phase3/confirmation/phase3b_summary.json	/mnt/NAS/data/hl5757/generated_artifacts/lateact/phase3/confirmation/phase3b_summary.json	1557704	5bc9eaac20367bdd2de24a6903d25d5aa65da78ebb185507d6d97a87a2faed5b	frozen_numerical_or_provenance_record	authoritative_archived_copy
stored_in_git	results/frozen/phase4_minwm_ad/curve_scenes_00_01.json	/mnt/NAS/data/hl5757/generated_artifacts/lateact/phase4_minwm/curve_scenes_00_01.json	102480	f7777f0c99612e8e5a76748be082a7795867aef89f7460d345abeb97fd9d133c	frozen_numerical_or_provenance_record	authoritative_archived_copy
stored_in_git	results/frozen/phase4_minwm_ad/curve_scenes_01_08.json	/mnt/NAS/data/hl5757/generated_artifacts/lateact/phase4_minwm/curve_scenes_01_08.json	495838	95bc3ce537913068b3820aecb1db738014127de4d9dcd79e6018c4714b8097ca	frozen_numerical_or_provenance_record	authoritative_archived_copy
external_large_artifact	-	/mnt/NAS/data/hl5757/generated_artifacts/lateact/phase4_minwm/official_example/A Chinese boy wearing glasses sits in a fast food restaurant, enjoying a delicious cheeseburger with_a19.mp4	550567		generated_video	regenerable_with_pinned_code_configs_seeds_upstreams_and_GPU_exact_encoded_bytes_not_guaranteed
stored_in_git	results/frozen/phase4_minwm_ad/official_example_prompt.txt	/mnt/NAS/data/hl5757/generated_artifacts/lateact/phase4_minwm/official_example_prompt.txt	481	71fbf3edbd30dae0a0de8c4b214bf7cc1bb9386c04b8ea827e47ed461a79b9b3	official_feasibility_prompt_record	authoritative_archived_copy
stored_in_git	results/frozen/phase4_minwm_ad/phase4_minwm_curve_montage.png	/mnt/NAS/data/hl5757/generated_artifacts/lateact/phase4_minwm/phase4_minwm_curve_montage.png	846690	70acabaad6687fb21fa8c395d67faf898ebb86d865f360b7c0df312f924105c5	qualitative_scientific_montage	authoritative_archived_copy
stored_in_git	results/frozen/phase4_minwm_ad/phase4_minwm_curve_summary.json	/mnt/NAS/data/hl5757/generated_artifacts/lateact/phase4_minwm/phase4_minwm_curve_summary.json	174785	779e242ec358292304b6474e6d7fe5f8520485cf6d548537101f8d03d3ecadbf	frozen_numerical_or_provenance_record	authoritative_archived_copy
external_large_artifact	-	/mnt/NAS/data/hl5757/generated_artifacts/lateact/phase4_minwm/scene_00/a_to_a_s0.mp4	525698	45a110c3df2ffcbbfe2f4c2b469a407ba13be955b0b971d503ecfc070782fb5d	generated_video	regenerable_with_pinned_code_configs_seeds_upstreams_and_GPU_exact_encoded_bytes_not_guaranteed
external_large_artifact	-	/mnt/NAS/data/hl5757/generated_artifacts/lateact/phase4_minwm/scene_00/a_to_a_s0.pt	799910	191620e0974a9bdb8f6435e8141ac9d5c11eda83a9c3493aecb74c0aaa94db0f	generated_latent_tensor	regenerable_with_pinned_code_configs_seeds_upstreams_and_GPU_exact_encoded_bytes_not_guaranteed
external_large_artifact	-	/mnt/NAS/data/hl5757/generated_artifacts/lateact/phase4_minwm/scene_00/a_to_a_s1.mp4	525435	ceec7adcb525f13997e1a3a880445380044918569cc1f749f69bb3d020680714	generated_video	regenerable_with_pinned_code_configs_seeds_upstreams_and_GPU_exact_encoded_bytes_not_guaranteed
external_large_artifact	-	/mnt/NAS/data/hl5757/generated_artifacts/lateact/phase4_minwm/scene_00/a_to_a_s1.pt	799910	0075cc4ae25c90c4bb20fa1bbfa86add94a191eaf0de538f8c941496c2f6ad11	generated_latent_tensor	regenerable_with_pinned_code_configs_seeds_upstreams_and_GPU_exact_encoded_bytes_not_guaranteed
external_large_artifact	-	/mnt/NAS/data/hl5757/generated_artifacts/lateact/phase4_minwm/scene_00/a_to_a_s2.mp4	525134	b692378b14bb4c5c82803ac7e476a9b8f8e8c199b5f24420d63e7b72ec602a1b	generated_video	regenerable_with_pinned_code_configs_seeds_upstreams_and_GPU_exact_encoded_bytes_not_guaranteed
external_large_artifact	-	/mnt/NAS/data/hl5757/generated_artifacts/lateact/phase4_minwm/scene_00/a_to_a_s2.pt	799910	a61e3586b68a752b984c8dfe03f0a96682ec855931c6816dd772affbe48ad880	generated_latent_tensor	regenerable_with_pinned_code_configs_seeds_upstreams_and_GPU_exact_encoded_bytes_not_guaranteed
external_large_artifact	-	/mnt/NAS/data/hl5757/generated_artifacts/lateact/phase4_minwm/scene_00/a_to_a_s3.mp4	525499	dd5b6bdc73c60e603714f7d2c52ca5e6d092f1fdf3edbe215801cbda930b8c34	generated_video	regenerable_with_pinned_code_configs_seeds_upstreams_and_GPU_exact_encoded_bytes_not_guaranteed
external_large_artifact	-	/mnt/NAS/data/hl5757/generated_artifacts/lateact/phase4_minwm/scene_00/a_to_a_s3.pt	799910	aecf00899def6a37f8325a0013364ed640ceea31e5cee2820bda4bce582350a3	generated_latent_tensor	regenerable_with_pinned_code_configs_seeds_upstreams_and_GPU_exact_encoded_bytes_not_guaranteed
external_large_artifact	-	/mnt/NAS/data/hl5757/generated_artifacts/lateact/phase4_minwm/scene_00/a_to_a_s4.mp4	525570	efc8e2f454ea233ef1648905fd20d0ac87f8cb0cfc2c5331edb1eb315b2e0da0	generated_video	regenerable_with_pinned_code_configs_seeds_upstreams_and_GPU_exact_encoded_bytes_not_guaranteed
external_large_artifact	-	/mnt/NAS/data/hl5757/generated_artifacts/lateact/phase4_minwm/scene_00/a_to_a_s4.pt	799910	f379a58235c543c1a9ce6069c4a85ac28ab7bfe7eefec1c2ce37d44706d92295	generated_latent_tensor	regenerable_with_pinned_code_configs_seeds_upstreams_and_GPU_exact_encoded_bytes_not_guaranteed
external_large_artifact	-	/mnt/NAS/data/hl5757/generated_artifacts/lateact/phase4_minwm/scene_00/a_to_d_s1.mp4	523547	03712309986787bcafb66356109d1e483f290cd40ba2c8dd92f712207bb99a65	generated_video	regenerable_with_pinned_code_configs_seeds_upstreams_and_GPU_exact_encoded_bytes_not_guaranteed
external_large_artifact	-	/mnt/NAS/data/hl5757/generated_artifacts/lateact/phase4_minwm/scene_00/a_to_d_s1.pt	799910	d75b9d6994782d5e73410cf470015b5348b6bcd2e0e959c98cf78fc674fd20db	generated_latent_tensor	regenerable_with_pinned_code_configs_seeds_upstreams_and_GPU_exact_encoded_bytes_not_guaranteed
external_large_artifact	-	/mnt/NAS/data/hl5757/generated_artifacts/lateact/phase4_minwm/scene_00/a_to_d_s2.mp4	525295	e686795a4425ff16c1c1029de3afab8fcad883c80302288bda831f2d1c9d4e61	generated_video	regenerable_with_pinned_code_configs_seeds_upstreams_and_GPU_exact_encoded_bytes_not_guaranteed
external_large_artifact	-	/mnt/NAS/data/hl5757/generated_artifacts/lateact/phase4_minwm/scene_00/a_to_d_s2.pt	799910	96de64e4e8ca5866d2c231f777c32b2dd34529e65b900f2a4c94cacb0c13d466	generated_latent_tensor	regenerable_with_pinned_code_configs_seeds_upstreams_and_GPU_exact_encoded_bytes_not_guaranteed
external_large_artifact	-	/mnt/NAS/data/hl5757/generated_artifacts/lateact/phase4_minwm/scene_00/a_to_d_s3.mp4	525195	c946acd54d232254a824224fc93eb7cb9bec4deaaf0e111f641b8b4c010740d4	generated_video	regenerable_with_pinned_code_configs_seeds_upstreams_and_GPU_exact_encoded_bytes_not_guaranteed
external_large_artifact	-	/mnt/NAS/data/hl5757/generated_artifacts/lateact/phase4_minwm/scene_00/a_to_d_s3.pt	799910	494f0aa4d3676c5ce19286967b6b302fe04b54b42c32d89ddfc76ad0632fde51	generated_latent_tensor	regenerable_with_pinned_code_configs_seeds_upstreams_and_GPU_exact_encoded_bytes_not_guaranteed
external_large_artifact	-	/mnt/NAS/data/hl5757/generated_artifacts/lateact/phase4_minwm/scene_00/d_to_a_s1.mp4	516617	6f8597dda36f3943a52c378714f077eb21d705f4a6f3df9c740c04eb9781f6bb	generated_video	regenerable_with_pinned_code_configs_seeds_upstreams_and_GPU_exact_encoded_bytes_not_guaranteed
external_large_artifact	-	/mnt/NAS/data/hl5757/generated_artifacts/lateact/phase4_minwm/scene_00/d_to_a_s1.pt	799910	0ff42a5a98618af4c1c1dab17be78ba493b2193f279f2ec77bd7e943546e4820	generated_latent_tensor	regenerable_with_pinned_code_configs_seeds_upstreams_and_GPU_exact_encoded_bytes_not_guaranteed
external_large_artifact	-	/mnt/NAS/data/hl5757/generated_artifacts/lateact/phase4_minwm/scene_00/d_to_a_s2.mp4	517557	649f26dbaf1134095e39a3a7dbd4caea5d8ba31d4ce07e84bd538c2c3cf46254	generated_video	regenerable_with_pinned_code_configs_seeds_upstreams_and_GPU_exact_encoded_bytes_not_guaranteed
external_large_artifact	-	/mnt/NAS/data/hl5757/generated_artifacts/lateact/phase4_minwm/scene_00/d_to_a_s2.pt	799910	8448e26b923f042ccfe5066e172db76bbb32f97918a868c5dd135377e9d67fe9	generated_latent_tensor	regenerable_with_pinned_code_configs_seeds_upstreams_and_GPU_exact_encoded_bytes_not_guaranteed
external_large_artifact	-	/mnt/NAS/data/hl5757/generated_artifacts/lateact/phase4_minwm/scene_00/d_to_a_s3.mp4	518197	364cc1874f3516f2b432731bad5364248077f778ee5e879bd2f9468db7edcd7f	generated_video	regenerable_with_pinned_code_configs_seeds_upstreams_and_GPU_exact_encoded_bytes_not_guaranteed
external_large_artifact	-	/mnt/NAS/data/hl5757/generated_artifacts/lateact/phase4_minwm/scene_00/d_to_a_s3.pt	799910	4ad52cbdf20b4e5455bd338badaf73d5cb22be27f9bf910726e96bbf763de811	generated_latent_tensor	regenerable_with_pinned_code_configs_seeds_upstreams_and_GPU_exact_encoded_bytes_not_guaranteed
external_large_artifact	-	/mnt/NAS/data/hl5757/generated_artifacts/lateact/phase4_minwm/scene_00/oracle_a.mp4	525392	f7f9515cd30b64f40aea27fcccc1f3777a4d88f3dc49b4b679ccaf4dda5f79b0	generated_video	regenerable_with_pinned_code_configs_seeds_upstreams_and_GPU_exact_encoded_bytes_not_guaranteed
external_large_artifact	-	/mnt/NAS/data/hl5757/generated_artifacts/lateact/phase4_minwm/scene_00/oracle_a.pt	799905	95864419c8c9a1cc047dd25e3aee99a9621f2cf00645f5ecce29f2515c4a66d7	generated_latent_tensor	regenerable_with_pinned_code_configs_seeds_upstreams_and_GPU_exact_encoded_bytes_not_guaranteed
external_large_artifact	-	/mnt/NAS/data/hl5757/generated_artifacts/lateact/phase4_minwm/scene_00/oracle_d.mp4	517975	d783d30312e7ea317e540c924c0d21735ea3b953451b39cb0e891148b87231b4	generated_video	regenerable_with_pinned_code_configs_seeds_upstreams_and_GPU_exact_encoded_bytes_not_guaranteed
external_large_artifact	-	/mnt/NAS/data/hl5757/generated_artifacts/lateact/phase4_minwm/scene_00/oracle_d.pt	799905	fd9dc18b0e18963d595b6b492eb1be393ee84414ab29a5e5d85244bb476f843f	generated_latent_tensor	regenerable_with_pinned_code_configs_seeds_upstreams_and_GPU_exact_encoded_bytes_not_guaranteed
external_large_artifact	-	/mnt/NAS/data/hl5757/generated_artifacts/lateact/phase4_minwm/scene_01/a_to_a_s0.mp4	565589	62115debc1a73792f55fd33c9ae070b268d83c2eca08f9cd29ffd3d5cddfe748	generated_video	regenerable_with_pinned_code_configs_seeds_upstreams_and_GPU_exact_encoded_bytes_not_guaranteed
external_large_artifact	-	/mnt/NAS/data/hl5757/generated_artifacts/lateact/phase4_minwm/scene_01/a_to_a_s0.pt	799910	a25f3f4289f453dc5a46769243024e8f8c66d3a4ea71345387ed4bbd2765fa3d	generated_latent_tensor	regenerable_with_pinned_code_configs_seeds_upstreams_and_GPU_exact_encoded_bytes_not_guaranteed
external_large_artifact	-	/mnt/NAS/data/hl5757/generated_artifacts/lateact/phase4_minwm/scene_01/a_to_a_s1.mp4	565672	ae9bf136848088db5ca96a37da8e00c6cb7a26770042bdad43bf66f442cb7f98	generated_video	regenerable_with_pinned_code_configs_seeds_upstreams_and_GPU_exact_encoded_bytes_not_guaranteed
external_large_artifact	-	/mnt/NAS/data/hl5757/generated_artifacts/lateact/phase4_minwm/scene_01/a_to_a_s1.pt	799910	1c813108df4630064bf7087fa35e87ef27201e154bcb4eb0c4d9ab8504466afe	generated_latent_tensor	regenerable_with_pinned_code_configs_seeds_upstreams_and_GPU_exact_encoded_bytes_not_guaranteed
external_large_artifact	-	/mnt/NAS/data/hl5757/generated_artifacts/lateact/phase4_minwm/scene_01/a_to_a_s2.mp4	565691	63232dced7ea27f632cc703da363b67533a99006edc237c09599e52104a496ee	generated_video	regenerable_with_pinned_code_configs_seeds_upstreams_and_GPU_exact_encoded_bytes_not_guaranteed
external_large_artifact	-	/mnt/NAS/data/hl5757/generated_artifacts/lateact/phase4_minwm/scene_01/a_to_a_s2.pt	799910	a1bf0fbcf229ea4cb0f6144131cb51ecafe821c4b1c9c554e1a18f0e56bd2550	generated_latent_tensor	regenerable_with_pinned_code_configs_seeds_upstreams_and_GPU_exact_encoded_bytes_not_guaranteed
external_large_artifact	-	/mnt/NAS/data/hl5757/generated_artifacts/lateact/phase4_minwm/scene_01/a_to_a_s3.mp4	565464	570413f7b30e8d86771ac024b4c08c1c297c24d8e6b13762836d28b9ced95827	generated_video	regenerable_with_pinned_code_configs_seeds_upstreams_and_GPU_exact_encoded_bytes_not_guaranteed
external_large_artifact	-	/mnt/NAS/data/hl5757/generated_artifacts/lateact/phase4_minwm/scene_01/a_to_a_s3.pt	799910	4f2eadad2deda77c615579d844a7220b2b2c5e3e0f0893bcecff08759fca98c0	generated_latent_tensor	regenerable_with_pinned_code_configs_seeds_upstreams_and_GPU_exact_encoded_bytes_not_guaranteed
external_large_artifact	-	/mnt/NAS/data/hl5757/generated_artifacts/lateact/phase4_minwm/scene_01/a_to_a_s4.mp4	565574	9fe6f006bd266bc6e5397f947077e270e004527b682943ccb38662f27e413473	generated_video	regenerable_with_pinned_code_configs_seeds_upstreams_and_GPU_exact_encoded_bytes_not_guaranteed
external_large_artifact	-	/mnt/NAS/data/hl5757/generated_artifacts/lateact/phase4_minwm/scene_01/a_to_a_s4.pt	799910	890b5596f7bf3a25f978ede4ec97603679d2f32f7bbcf918501ffb3168b169ff	generated_latent_tensor	regenerable_with_pinned_code_configs_seeds_upstreams_and_GPU_exact_encoded_bytes_not_guaranteed
external_large_artifact	-	/mnt/NAS/data/hl5757/generated_artifacts/lateact/phase4_minwm/scene_01/a_to_d_s1.mp4	565046	7fef4d65ee2540ab1eff8d20afdd11506e09bff4e88d0a1d7fbbddd510c6d90d	generated_video	regenerable_with_pinned_code_configs_seeds_upstreams_and_GPU_exact_encoded_bytes_not_guaranteed
external_large_artifact	-	/mnt/NAS/data/hl5757/generated_artifacts/lateact/phase4_minwm/scene_01/a_to_d_s1.pt	799910	eb3aa9474bf8cf369bdee695fe20578bdc5fe4c2d82df89ea5048e75e17e9423	generated_latent_tensor	regenerable_with_pinned_code_configs_seeds_upstreams_and_GPU_exact_encoded_bytes_not_guaranteed
external_large_artifact	-	/mnt/NAS/data/hl5757/generated_artifacts/lateact/phase4_minwm/scene_01/a_to_d_s2.mp4	565500	e7a7b25e401549af64418f59be6d5f0d63ccdbf70efa162d63cb58753ba06fc3	generated_video	regenerable_with_pinned_code_configs_seeds_upstreams_and_GPU_exact_encoded_bytes_not_guaranteed
external_large_artifact	-	/mnt/NAS/data/hl5757/generated_artifacts/lateact/phase4_minwm/scene_01/a_to_d_s2.pt	799910	b602049538a249042583134c692ba91286b2e08ea4e03b2fb781d567c19a26e6	generated_latent_tensor	regenerable_with_pinned_code_configs_seeds_upstreams_and_GPU_exact_encoded_bytes_not_guaranteed
external_large_artifact	-	/mnt/NAS/data/hl5757/generated_artifacts/lateact/phase4_minwm/scene_01/a_to_d_s3.mp4	565681	906f373216ccd865a9cca904a9842aaed361ef3b4871055aace4c9d3ca80fe70	generated_video	regenerable_with_pinned_code_configs_seeds_upstreams_and_GPU_exact_encoded_bytes_not_guaranteed
external_large_artifact	-	/mnt/NAS/data/hl5757/generated_artifacts/lateact/phase4_minwm/scene_01/a_to_d_s3.pt	799910	3cfbaf3cf8f09b78236e49f016da7c3919ccdddfc0f1966d9857b2bcfc035b79	generated_latent_tensor	regenerable_with_pinned_code_configs_seeds_upstreams_and_GPU_exact_encoded_bytes_not_guaranteed
external_large_artifact	-	/mnt/NAS/data/hl5757/generated_artifacts/lateact/phase4_minwm/scene_01/d_to_a_s1.mp4	561330	b6b393af9dada818cb63f7705cf52a05a803cb54fdf4a93bb8665c3c92e2bb93	generated_video	regenerable_with_pinned_code_configs_seeds_upstreams_and_GPU_exact_encoded_bytes_not_guaranteed
external_large_artifact	-	/mnt/NAS/data/hl5757/generated_artifacts/lateact/phase4_minwm/scene_01/d_to_a_s1.pt	799910	85c6e31eea017102a7a6b3b0e9a65eddce9443667b0330ed9177d9dbb0f427aa	generated_latent_tensor	regenerable_with_pinned_code_configs_seeds_upstreams_and_GPU_exact_encoded_bytes_not_guaranteed
external_large_artifact	-	/mnt/NAS/data/hl5757/generated_artifacts/lateact/phase4_minwm/scene_01/d_to_a_s2.mp4	563725	c2f0060427baff957c3b669cbf5f3c35605b6a50b47b8504e63d4fec37e5a9d7	generated_video	regenerable_with_pinned_code_configs_seeds_upstreams_and_GPU_exact_encoded_bytes_not_guaranteed
external_large_artifact	-	/mnt/NAS/data/hl5757/generated_artifacts/lateact/phase4_minwm/scene_01/d_to_a_s2.pt	799910	c6d7c87e51cb6d478cb64e87ea0b8d40b971512f098d092b9a9ea70a00b55526	generated_latent_tensor	regenerable_with_pinned_code_configs_seeds_upstreams_and_GPU_exact_encoded_bytes_not_guaranteed
external_large_artifact	-	/mnt/NAS/data/hl5757/generated_artifacts/lateact/phase4_minwm/scene_01/d_to_a_s3.mp4	564298	e878a2bfc2f1a873c2a054af1a4f5518506701af91f3b1a924001749fd9a9adf	generated_video	regenerable_with_pinned_code_configs_seeds_upstreams_and_GPU_exact_encoded_bytes_not_guaranteed
external_large_artifact	-	/mnt/NAS/data/hl5757/generated_artifacts/lateact/phase4_minwm/scene_01/d_to_a_s3.pt	799910	868b67167bc84de85a2d399b6d68770f9e11eb04219eeb3b321cb48c9b8f5ad7	generated_latent_tensor	regenerable_with_pinned_code_configs_seeds_upstreams_and_GPU_exact_encoded_bytes_not_guaranteed
external_large_artifact	-	/mnt/NAS/data/hl5757/generated_artifacts/lateact/phase4_minwm/scene_01/oracle_a.mp4	565919	73fd23745486e023c12a017d9dc105804643f86303bce33269d50332887a6142	generated_video	regenerable_with_pinned_code_configs_seeds_upstreams_and_GPU_exact_encoded_bytes_not_guaranteed
external_large_artifact	-	/mnt/NAS/data/hl5757/generated_artifacts/lateact/phase4_minwm/scene_01/oracle_a.pt	799905	53f80400f05eaa88478440b8231c4c3d1b255547e3059ab519ffc84166639640	generated_latent_tensor	regenerable_with_pinned_code_configs_seeds_upstreams_and_GPU_exact_encoded_bytes_not_guaranteed
external_large_artifact	-	/mnt/NAS/data/hl5757/generated_artifacts/lateact/phase4_minwm/scene_01/oracle_d.mp4	564311	a403ee300fe6323673f4435bb6ac9a2d80e7aca88211efca7071c6300c824917	generated_video	regenerable_with_pinned_code_configs_seeds_upstreams_and_GPU_exact_encoded_bytes_not_guaranteed
external_large_artifact	-	/mnt/NAS/data/hl5757/generated_artifacts/lateact/phase4_minwm/scene_01/oracle_d.pt	799905	675e143ad1425224350fc97006c5540d292da656031b1ca4aca4c5db32cb34f9	generated_latent_tensor	regenerable_with_pinned_code_configs_seeds_upstreams_and_GPU_exact_encoded_bytes_not_guaranteed
external_large_artifact	-	/mnt/NAS/data/hl5757/generated_artifacts/lateact/phase4_minwm/scene_02/a_to_d_s1.mp4	571310	d48d849b2957e7bf3a0846b79bc0c74dfb5bdddbf96a3b8b39497ad61727be3f	generated_video	regenerable_with_pinned_code_configs_seeds_upstreams_and_GPU_exact_encoded_bytes_not_guaranteed
external_large_artifact	-	/mnt/NAS/data/hl5757/generated_artifacts/lateact/phase4_minwm/scene_02/a_to_d_s1.pt	799910	db93c032ca646c142300d62fb6d3a7e77fd82f94f08465bf6637320ff7f3db9a	generated_latent_tensor	regenerable_with_pinned_code_configs_seeds_upstreams_and_GPU_exact_encoded_bytes_not_guaranteed
external_large_artifact	-	/mnt/NAS/data/hl5757/generated_artifacts/lateact/phase4_minwm/scene_02/a_to_d_s2.mp4	572484	fe474e09b26b430df5886894318cb5e120c914e344e9a617211fd966f223aa62	generated_video	regenerable_with_pinned_code_configs_seeds_upstreams_and_GPU_exact_encoded_bytes_not_guaranteed
external_large_artifact	-	/mnt/NAS/data/hl5757/generated_artifacts/lateact/phase4_minwm/scene_02/a_to_d_s2.pt	799910	2222c5940b26092cf554af737381fda306e3287b485f6f6040ac8ad5c35cba0f	generated_latent_tensor	regenerable_with_pinned_code_configs_seeds_upstreams_and_GPU_exact_encoded_bytes_not_guaranteed
external_large_artifact	-	/mnt/NAS/data/hl5757/generated_artifacts/lateact/phase4_minwm/scene_02/a_to_d_s3.mp4	572515	55ec446afd65b8307548819672588244a3aff74343e3f44da419cbff9c7626fc	generated_video	regenerable_with_pinned_code_configs_seeds_upstreams_and_GPU_exact_encoded_bytes_not_guaranteed
external_large_artifact	-	/mnt/NAS/data/hl5757/generated_artifacts/lateact/phase4_minwm/scene_02/a_to_d_s3.pt	799910	25f4dc6676ccbb7bfea874d3f9add6ce457143a0d3ef82f762aca1f43253ab6f	generated_latent_tensor	regenerable_with_pinned_code_configs_seeds_upstreams_and_GPU_exact_encoded_bytes_not_guaranteed
external_large_artifact	-	/mnt/NAS/data/hl5757/generated_artifacts/lateact/phase4_minwm/scene_02/d_to_a_s1.mp4	570805	8b06d699176830e110d05c33c26a1f04e08809fa494258736cd81d969f9efc55	generated_video	regenerable_with_pinned_code_configs_seeds_upstreams_and_GPU_exact_encoded_bytes_not_guaranteed
external_large_artifact	-	/mnt/NAS/data/hl5757/generated_artifacts/lateact/phase4_minwm/scene_02/d_to_a_s1.pt	799910	ad870c5d91fe6ba3ea1f7834116e9ff74e940a2aa36396141b745f7b6afddd88	generated_latent_tensor	regenerable_with_pinned_code_configs_seeds_upstreams_and_GPU_exact_encoded_bytes_not_guaranteed
external_large_artifact	-	/mnt/NAS/data/hl5757/generated_artifacts/lateact/phase4_minwm/scene_02/d_to_a_s2.mp4	571328	e8e5016e3e70d8a831fd7040d9042ccac62b6f05290bc9db012a7a272d3e2db6	generated_video	regenerable_with_pinned_code_configs_seeds_upstreams_and_GPU_exact_encoded_bytes_not_guaranteed
external_large_artifact	-	/mnt/NAS/data/hl5757/generated_artifacts/lateact/phase4_minwm/scene_02/d_to_a_s2.pt	799910	f582983dd90a72c5ff72b34dc2bf6bc953e4be85680495640d2abe2e383674dc	generated_latent_tensor	regenerable_with_pinned_code_configs_seeds_upstreams_and_GPU_exact_encoded_bytes_not_guaranteed
external_large_artifact	-	/mnt/NAS/data/hl5757/generated_artifacts/lateact/phase4_minwm/scene_02/d_to_a_s3.mp4	571206	073ab29d29ddf39cf156bf02f07af522ef52e8514090008b824ce2df86161fc6	generated_video	regenerable_with_pinned_code_configs_seeds_upstreams_and_GPU_exact_encoded_bytes_not_guaranteed
external_large_artifact	-	/mnt/NAS/data/hl5757/generated_artifacts/lateact/phase4_minwm/scene_02/d_to_a_s3.pt	799910	5697dbc812fdd389d8df85aa3891e52cf871d3489b1a4eb704710e77b9c9b6e5	generated_latent_tensor	regenerable_with_pinned_code_configs_seeds_upstreams_and_GPU_exact_encoded_bytes_not_guaranteed
external_large_artifact	-	/mnt/NAS/data/hl5757/generated_artifacts/lateact/phase4_minwm/scene_02/oracle_a.mp4	572149	fe21c7f8f4a07f5d7fa521c4072d08ba3a61949af22a08160a44c87e1ac4d317	generated_video	regenerable_with_pinned_code_configs_seeds_upstreams_and_GPU_exact_encoded_bytes_not_guaranteed
external_large_artifact	-	/mnt/NAS/data/hl5757/generated_artifacts/lateact/phase4_minwm/scene_02/oracle_a.pt	799905	d4ac37f404da26116b2b637194cf852e339f3ec0d93577858e5c1844c30bac3a	generated_latent_tensor	regenerable_with_pinned_code_configs_seeds_upstreams_and_GPU_exact_encoded_bytes_not_guaranteed
external_large_artifact	-	/mnt/NAS/data/hl5757/generated_artifacts/lateact/phase4_minwm/scene_02/oracle_d.mp4	571177	ad21c2248a47eb3ded220b10b66214e6040096b0f9a2d500ac1c27a511718b03	generated_video	regenerable_with_pinned_code_configs_seeds_upstreams_and_GPU_exact_encoded_bytes_not_guaranteed
external_large_artifact	-	/mnt/NAS/data/hl5757/generated_artifacts/lateact/phase4_minwm/scene_02/oracle_d.pt	799905	ca6c71dc4cca7cf7d39a57ffab54cc5be0ce041fed06dc1f339cf74da3f56cfc	generated_latent_tensor	regenerable_with_pinned_code_configs_seeds_upstreams_and_GPU_exact_encoded_bytes_not_guaranteed
external_large_artifact	-	/mnt/NAS/data/hl5757/generated_artifacts/lateact/phase4_minwm/scene_03/a_to_d_s1.mp4	520109	4835b769629839bba254503bf0f16ed7a50896927197c1e6c5927fa33d0f6eb3	generated_video	regenerable_with_pinned_code_configs_seeds_upstreams_and_GPU_exact_encoded_bytes_not_guaranteed
external_large_artifact	-	/mnt/NAS/data/hl5757/generated_artifacts/lateact/phase4_minwm/scene_03/a_to_d_s1.pt	799910	f7640031e4e276ae5e90d40c53b27796250c48b0de4d5d8c8bb74649c12fff89	generated_latent_tensor	regenerable_with_pinned_code_configs_seeds_upstreams_and_GPU_exact_encoded_bytes_not_guaranteed
external_large_artifact	-	/mnt/NAS/data/hl5757/generated_artifacts/lateact/phase4_minwm/scene_03/a_to_d_s2.mp4	520418	98f6034cb3c9bd102369802f0da9f0a9f42ed080305bcac0528a7c8ef31fd3f5	generated_video	regenerable_with_pinned_code_configs_seeds_upstreams_and_GPU_exact_encoded_bytes_not_guaranteed
external_large_artifact	-	/mnt/NAS/data/hl5757/generated_artifacts/lateact/phase4_minwm/scene_03/a_to_d_s2.pt	799910	53c7279df415a38e47188955d3864b3ff483800f2d72ab16246e1711e5a65753	generated_latent_tensor	regenerable_with_pinned_code_configs_seeds_upstreams_and_GPU_exact_encoded_bytes_not_guaranteed
external_large_artifact	-	/mnt/NAS/data/hl5757/generated_artifacts/lateact/phase4_minwm/scene_03/a_to_d_s3.mp4	520743	b1cf514b5a631e5fa2e02497d211f56a0b4af13845ce68c70b52bdd3ee806f10	generated_video	regenerable_with_pinned_code_configs_seeds_upstreams_and_GPU_exact_encoded_bytes_not_guaranteed
external_large_artifact	-	/mnt/NAS/data/hl5757/generated_artifacts/lateact/phase4_minwm/scene_03/a_to_d_s3.pt	799910	32b9320827bad7a40d970344b5a76e86acfd6c115d61dde4eb6d3e4c0c5327e5	generated_latent_tensor	regenerable_with_pinned_code_configs_seeds_upstreams_and_GPU_exact_encoded_bytes_not_guaranteed
external_large_artifact	-	/mnt/NAS/data/hl5757/generated_artifacts/lateact/phase4_minwm/scene_03/d_to_a_s1.mp4	514118	362ff20194b0264a313ea798635bb2c028293b5b1f3b0298bc895bd626b12133	generated_video	regenerable_with_pinned_code_configs_seeds_upstreams_and_GPU_exact_encoded_bytes_not_guaranteed
external_large_artifact	-	/mnt/NAS/data/hl5757/generated_artifacts/lateact/phase4_minwm/scene_03/d_to_a_s1.pt	799910	2d3e69be3eb899f302a0ac345084b9cc21226d6e554b979bfabac611c5e9bc66	generated_latent_tensor	regenerable_with_pinned_code_configs_seeds_upstreams_and_GPU_exact_encoded_bytes_not_guaranteed
external_large_artifact	-	/mnt/NAS/data/hl5757/generated_artifacts/lateact/phase4_minwm/scene_03/d_to_a_s2.mp4	514831	f357d79101e878553ca0f5139bd18200a6fee57cef30da6c4e70e5b95b9799d9	generated_video	regenerable_with_pinned_code_configs_seeds_upstreams_and_GPU_exact_encoded_bytes_not_guaranteed
external_large_artifact	-	/mnt/NAS/data/hl5757/generated_artifacts/lateact/phase4_minwm/scene_03/d_to_a_s2.pt	799910	6694e59e138b1aa3c3550427900b7be90ea106e1cf1df5e08d891e2f94d60268	generated_latent_tensor	regenerable_with_pinned_code_configs_seeds_upstreams_and_GPU_exact_encoded_bytes_not_guaranteed
external_large_artifact	-	/mnt/NAS/data/hl5757/generated_artifacts/lateact/phase4_minwm/scene_03/d_to_a_s3.mp4	514821	adbc2cbca25586f3afe3a498328d511f9d350b5642fa668022b0b21af73a3d0c	generated_video	regenerable_with_pinned_code_configs_seeds_upstreams_and_GPU_exact_encoded_bytes_not_guaranteed
external_large_artifact	-	/mnt/NAS/data/hl5757/generated_artifacts/lateact/phase4_minwm/scene_03/d_to_a_s3.pt	799910	41a65edce807b96d48412abb2899c7a739c41d422c9c1bd233bc536790dba10b	generated_latent_tensor	regenerable_with_pinned_code_configs_seeds_upstreams_and_GPU_exact_encoded_bytes_not_guaranteed
external_large_artifact	-	/mnt/NAS/data/hl5757/generated_artifacts/lateact/phase4_minwm/scene_03/oracle_a.mp4	520551	fe93a5021c9e51a69470f001aa4d65c6f2d3e642472680122d4f1235c1d67028	generated_video	regenerable_with_pinned_code_configs_seeds_upstreams_and_GPU_exact_encoded_bytes_not_guaranteed
external_large_artifact	-	/mnt/NAS/data/hl5757/generated_artifacts/lateact/phase4_minwm/scene_03/oracle_a.pt	799905	c24c0287b94d8cac55c61bf51f68a1c20620be6f60f44b7fa1561adc9d466acb	generated_latent_tensor	regenerable_with_pinned_code_configs_seeds_upstreams_and_GPU_exact_encoded_bytes_not_guaranteed
external_large_artifact	-	/mnt/NAS/data/hl5757/generated_artifacts/lateact/phase4_minwm/scene_03/oracle_d.mp4	514368	76e7171962db22a730d40ebef16d8318b1a0d86040657be288918c592e31775a	generated_video	regenerable_with_pinned_code_configs_seeds_upstreams_and_GPU_exact_encoded_bytes_not_guaranteed
external_large_artifact	-	/mnt/NAS/data/hl5757/generated_artifacts/lateact/phase4_minwm/scene_03/oracle_d.pt	799905	5327bbd40f6b6aa9c024a304aafeb7f98caed14784954eddbe599aaafcd7f416	generated_latent_tensor	regenerable_with_pinned_code_configs_seeds_upstreams_and_GPU_exact_encoded_bytes_not_guaranteed
external_large_artifact	-	/mnt/NAS/data/hl5757/generated_artifacts/lateact/phase4_minwm/scene_04/a_to_d_s1.mp4	547668	4b800fb00c2efd958a1f97f8d3972178953b3b602122db1ef11cdffb894a3843	generated_video	regenerable_with_pinned_code_configs_seeds_upstreams_and_GPU_exact_encoded_bytes_not_guaranteed
external_large_artifact	-	/mnt/NAS/data/hl5757/generated_artifacts/lateact/phase4_minwm/scene_04/a_to_d_s1.pt	799910	84ffd3c1f1c02732fec902f3b35e7f4f4f05ee7b083172b6c6249932c8795296	generated_latent_tensor	regenerable_with_pinned_code_configs_seeds_upstreams_and_GPU_exact_encoded_bytes_not_guaranteed
external_large_artifact	-	/mnt/NAS/data/hl5757/generated_artifacts/lateact/phase4_minwm/scene_04/a_to_d_s2.mp4	547888	2caa9f82cd69ea46aaebf5f16b91c471ec9d4215ef301ff5f2ba0cbaebe3af8c	generated_video	regenerable_with_pinned_code_configs_seeds_upstreams_and_GPU_exact_encoded_bytes_not_guaranteed
external_large_artifact	-	/mnt/NAS/data/hl5757/generated_artifacts/lateact/phase4_minwm/scene_04/a_to_d_s2.pt	799910	3494d096f29586d66641f68f8b806f0693bf97689e10abe86b4ba953d15e458a	generated_latent_tensor	regenerable_with_pinned_code_configs_seeds_upstreams_and_GPU_exact_encoded_bytes_not_guaranteed
external_large_artifact	-	/mnt/NAS/data/hl5757/generated_artifacts/lateact/phase4_minwm/scene_04/a_to_d_s3.mp4	548369	3a21da01d5b9247647799aa3883628afd187947a6489bae24f85c606524fd77c	generated_video	regenerable_with_pinned_code_configs_seeds_upstreams_and_GPU_exact_encoded_bytes_not_guaranteed
external_large_artifact	-	/mnt/NAS/data/hl5757/generated_artifacts/lateact/phase4_minwm/scene_04/a_to_d_s3.pt	799910	2ba2fc220c8f8363446e49ae2c95f9633a5855b43e5e0bffc2d139831170d23f	generated_latent_tensor	regenerable_with_pinned_code_configs_seeds_upstreams_and_GPU_exact_encoded_bytes_not_guaranteed
external_large_artifact	-	/mnt/NAS/data/hl5757/generated_artifacts/lateact/phase4_minwm/scene_04/d_to_a_s1.mp4	541244	75ec8c79749db36bd5b69f38b8f86ace41870f3fac68f3f39ad5033293f2c59e	generated_video	regenerable_with_pinned_code_configs_seeds_upstreams_and_GPU_exact_encoded_bytes_not_guaranteed
external_large_artifact	-	/mnt/NAS/data/hl5757/generated_artifacts/lateact/phase4_minwm/scene_04/d_to_a_s1.pt	799910	4cc8e3dc52418cacfef327428f145a1ba613d314f91e0fc0136f77d4ea16e529	generated_latent_tensor	regenerable_with_pinned_code_configs_seeds_upstreams_and_GPU_exact_encoded_bytes_not_guaranteed
external_large_artifact	-	/mnt/NAS/data/hl5757/generated_artifacts/lateact/phase4_minwm/scene_04/d_to_a_s2.mp4	539238	69e476e06f08179d2aa7b48202cc62b9dfd3e9c96349e3960a2f2b52abe89527	generated_video	regenerable_with_pinned_code_configs_seeds_upstreams_and_GPU_exact_encoded_bytes_not_guaranteed
external_large_artifact	-	/mnt/NAS/data/hl5757/generated_artifacts/lateact/phase4_minwm/scene_04/d_to_a_s2.pt	799910	0983fcf3475668944712b9f11946ec8809df88b18b830087828de0318e59094f	generated_latent_tensor	regenerable_with_pinned_code_configs_seeds_upstreams_and_GPU_exact_encoded_bytes_not_guaranteed
external_large_artifact	-	/mnt/NAS/data/hl5757/generated_artifacts/lateact/phase4_minwm/scene_04/d_to_a_s3.mp4	539483	217ac33974bc8ded778571adf69db32bfa84300232f324c2099756971cce4ecc	generated_video	regenerable_with_pinned_code_configs_seeds_upstreams_and_GPU_exact_encoded_bytes_not_guaranteed
external_large_artifact	-	/mnt/NAS/data/hl5757/generated_artifacts/lateact/phase4_minwm/scene_04/d_to_a_s3.pt	799910	be4edc686daec526372ec2f9ab3fb747db56fd27f821124486c7acdc0895bd17	generated_latent_tensor	regenerable_with_pinned_code_configs_seeds_upstreams_and_GPU_exact_encoded_bytes_not_guaranteed
external_large_artifact	-	/mnt/NAS/data/hl5757/generated_artifacts/lateact/phase4_minwm/scene_04/oracle_a.mp4	548888	a6e00e01d5b88ddf4d3e66fe908d3d99fc48a9f69523afb211ff91272566de15	generated_video	regenerable_with_pinned_code_configs_seeds_upstreams_and_GPU_exact_encoded_bytes_not_guaranteed
external_large_artifact	-	/mnt/NAS/data/hl5757/generated_artifacts/lateact/phase4_minwm/scene_04/oracle_a.pt	799905	3567d4771fb279d7b13ce995b5c1b32b1eaa501f80555d9e3dcef87862cdbce4	generated_latent_tensor	regenerable_with_pinned_code_configs_seeds_upstreams_and_GPU_exact_encoded_bytes_not_guaranteed
external_large_artifact	-	/mnt/NAS/data/hl5757/generated_artifacts/lateact/phase4_minwm/scene_04/oracle_d.mp4	539588	45c8faf18ad34923d36452ed96071432a39babc5abcc4e880a818e57517a7ab1	generated_video	regenerable_with_pinned_code_configs_seeds_upstreams_and_GPU_exact_encoded_bytes_not_guaranteed
external_large_artifact	-	/mnt/NAS/data/hl5757/generated_artifacts/lateact/phase4_minwm/scene_04/oracle_d.pt	799905	87374ff49d0925781ffe1ba9f746c7ebb90698046b00cae63f740a48649a2363	generated_latent_tensor	regenerable_with_pinned_code_configs_seeds_upstreams_and_GPU_exact_encoded_bytes_not_guaranteed
external_large_artifact	-	/mnt/NAS/data/hl5757/generated_artifacts/lateact/phase4_minwm/scene_05/a_to_d_s1.mp4	555691	d6355ceb4da6492fff21e4c1e72c37a2ef89e9793a6a6f8207fd1cc5a888205e	generated_video	regenerable_with_pinned_code_configs_seeds_upstreams_and_GPU_exact_encoded_bytes_not_guaranteed
external_large_artifact	-	/mnt/NAS/data/hl5757/generated_artifacts/lateact/phase4_minwm/scene_05/a_to_d_s1.pt	799910	bb3d2b69f3b6fa85bd75142d7bca6ec68898d0b6912b11e798e69d72fedc37f5	generated_latent_tensor	regenerable_with_pinned_code_configs_seeds_upstreams_and_GPU_exact_encoded_bytes_not_guaranteed
external_large_artifact	-	/mnt/NAS/data/hl5757/generated_artifacts/lateact/phase4_minwm/scene_05/a_to_d_s2.mp4	556151	9ac7c244875184307adb0223302454554b8cb428751d49b19cea96516c638fb4	generated_video	regenerable_with_pinned_code_configs_seeds_upstreams_and_GPU_exact_encoded_bytes_not_guaranteed
external_large_artifact	-	/mnt/NAS/data/hl5757/generated_artifacts/lateact/phase4_minwm/scene_05/a_to_d_s2.pt	799910	cde55486d6c5af920d8c02fdbfe2d80183306e145a7b62f2369f7ca29e614cfb	generated_latent_tensor	regenerable_with_pinned_code_configs_seeds_upstreams_and_GPU_exact_encoded_bytes_not_guaranteed
external_large_artifact	-	/mnt/NAS/data/hl5757/generated_artifacts/lateact/phase4_minwm/scene_05/a_to_d_s3.mp4	556287	e2717a84ea0795375835cb0f64a9c5b1760d7478a67600d74cae1e0c0cf708c2	generated_video	regenerable_with_pinned_code_configs_seeds_upstreams_and_GPU_exact_encoded_bytes_not_guaranteed
external_large_artifact	-	/mnt/NAS/data/hl5757/generated_artifacts/lateact/phase4_minwm/scene_05/a_to_d_s3.pt	799910	3400973065c2052009ac3105ac6c79728543075161ad5ff739e87c3cf68f1a4b	generated_latent_tensor	regenerable_with_pinned_code_configs_seeds_upstreams_and_GPU_exact_encoded_bytes_not_guaranteed
external_large_artifact	-	/mnt/NAS/data/hl5757/generated_artifacts/lateact/phase4_minwm/scene_05/d_to_a_s1.mp4	557198	4fcfa49aab7fcf7dc615ef14fec8213031fff36ba9698f8595c8d10a7a97738c	generated_video	regenerable_with_pinned_code_configs_seeds_upstreams_and_GPU_exact_encoded_bytes_not_guaranteed
external_large_artifact	-	/mnt/NAS/data/hl5757/generated_artifacts/lateact/phase4_minwm/scene_05/d_to_a_s1.pt	799910	28596255bc048bf3a3cc712cdfb878128e497be23c3a054863f639494a998683	generated_latent_tensor	regenerable_with_pinned_code_configs_seeds_upstreams_and_GPU_exact_encoded_bytes_not_guaranteed
external_large_artifact	-	/mnt/NAS/data/hl5757/generated_artifacts/lateact/phase4_minwm/scene_05/d_to_a_s2.mp4	559053	e950617d9194ac3255cd2980b963eb37ecca216eb6b1e142c0bcd1a575d77e7e	generated_video	regenerable_with_pinned_code_configs_seeds_upstreams_and_GPU_exact_encoded_bytes_not_guaranteed
external_large_artifact	-	/mnt/NAS/data/hl5757/generated_artifacts/lateact/phase4_minwm/scene_05/d_to_a_s2.pt	799910	7ba31c7f943018898a51dbe511b8e33f2a1d62063840453da2e9b773a2ec15a2	generated_latent_tensor	regenerable_with_pinned_code_configs_seeds_upstreams_and_GPU_exact_encoded_bytes_not_guaranteed
external_large_artifact	-	/mnt/NAS/data/hl5757/generated_artifacts/lateact/phase4_minwm/scene_05/d_to_a_s3.mp4	558430	8afa1a7f0d5465692512ec75341297dbe01f76c371813304ce3fe088b7833f4b	generated_video	regenerable_with_pinned_code_configs_seeds_upstreams_and_GPU_exact_encoded_bytes_not_guaranteed
external_large_artifact	-	/mnt/NAS/data/hl5757/generated_artifacts/lateact/phase4_minwm/scene_05/d_to_a_s3.pt	799910	7cb303db044d0b0dcd3f681d6de98642857f44990a89b778c97356ca7d7a40b5	generated_latent_tensor	regenerable_with_pinned_code_configs_seeds_upstreams_and_GPU_exact_encoded_bytes_not_guaranteed
external_large_artifact	-	/mnt/NAS/data/hl5757/generated_artifacts/lateact/phase4_minwm/scene_05/oracle_a.mp4	556367	ad27abbc952ae5e069cf7dc0d88ffe60a4fda318e49b20b9c8732b2301bebfff	generated_video	regenerable_with_pinned_code_configs_seeds_upstreams_and_GPU_exact_encoded_bytes_not_guaranteed
external_large_artifact	-	/mnt/NAS/data/hl5757/generated_artifacts/lateact/phase4_minwm/scene_05/oracle_a.pt	799905	5b276beda0c4940485cc29e9ec08243f13acd647a51fdcf602fdf4e37a404685	generated_latent_tensor	regenerable_with_pinned_code_configs_seeds_upstreams_and_GPU_exact_encoded_bytes_not_guaranteed
external_large_artifact	-	/mnt/NAS/data/hl5757/generated_artifacts/lateact/phase4_minwm/scene_05/oracle_d.mp4	558571	ce007d6b3298c0eecd5eea8039fcebafbb9873fd61158a1372b52598ffa97980	generated_video	regenerable_with_pinned_code_configs_seeds_upstreams_and_GPU_exact_encoded_bytes_not_guaranteed
external_large_artifact	-	/mnt/NAS/data/hl5757/generated_artifacts/lateact/phase4_minwm/scene_05/oracle_d.pt	799905	8304a6770654ec798e04955e29b59ffab0b1fbff42c5d956c163e0602445beb0	generated_latent_tensor	regenerable_with_pinned_code_configs_seeds_upstreams_and_GPU_exact_encoded_bytes_not_guaranteed
external_large_artifact	-	/mnt/NAS/data/hl5757/generated_artifacts/lateact/phase4_minwm/scene_06/a_to_d_s1.mp4	540390	693dfaa0d238221db7f143c07d1c054b9a776cf71ab562941e23a96c45229fe4	generated_video	regenerable_with_pinned_code_configs_seeds_upstreams_and_GPU_exact_encoded_bytes_not_guaranteed
external_large_artifact	-	/mnt/NAS/data/hl5757/generated_artifacts/lateact/phase4_minwm/scene_06/a_to_d_s1.pt	799910	b350acc6073a495457c47a6d2540b37907cd5859f8c486afa51e94925d50fffb	generated_latent_tensor	regenerable_with_pinned_code_configs_seeds_upstreams_and_GPU_exact_encoded_bytes_not_guaranteed
external_large_artifact	-	/mnt/NAS/data/hl5757/generated_artifacts/lateact/phase4_minwm/scene_06/a_to_d_s2.mp4	540766	c312466545b9bb9ece9c42c8b8a9b538f546a4d875925cf552feffeae87332b5	generated_video	regenerable_with_pinned_code_configs_seeds_upstreams_and_GPU_exact_encoded_bytes_not_guaranteed
external_large_artifact	-	/mnt/NAS/data/hl5757/generated_artifacts/lateact/phase4_minwm/scene_06/a_to_d_s2.pt	799910	bf4b1952d8d1efd14579bd7f70b45000a1280ce8084eff1cdf69fb47528200f2	generated_latent_tensor	regenerable_with_pinned_code_configs_seeds_upstreams_and_GPU_exact_encoded_bytes_not_guaranteed
external_large_artifact	-	/mnt/NAS/data/hl5757/generated_artifacts/lateact/phase4_minwm/scene_06/a_to_d_s3.mp4	540751	7d9db8e77791e4f1f3120e5e8f51abfb290d8fca79d9245fe9bda4028cc375bd	generated_video	regenerable_with_pinned_code_configs_seeds_upstreams_and_GPU_exact_encoded_bytes_not_guaranteed
external_large_artifact	-	/mnt/NAS/data/hl5757/generated_artifacts/lateact/phase4_minwm/scene_06/a_to_d_s3.pt	799910	484adbd3b5e43789009e0bd46fe34f33df05d58deb1f6b8d0424ab70bbbf277d	generated_latent_tensor	regenerable_with_pinned_code_configs_seeds_upstreams_and_GPU_exact_encoded_bytes_not_guaranteed
external_large_artifact	-	/mnt/NAS/data/hl5757/generated_artifacts/lateact/phase4_minwm/scene_06/d_to_a_s1.mp4	539419	e7ec5589361968e309551ddf90010242ed389032d34568105cb503504dd544d1	generated_video	regenerable_with_pinned_code_configs_seeds_upstreams_and_GPU_exact_encoded_bytes_not_guaranteed
external_large_artifact	-	/mnt/NAS/data/hl5757/generated_artifacts/lateact/phase4_minwm/scene_06/d_to_a_s1.pt	799910	bed645975069af99d39f618a6911216b1e978de80172a4543b356a4613112496	generated_latent_tensor	regenerable_with_pinned_code_configs_seeds_upstreams_and_GPU_exact_encoded_bytes_not_guaranteed
external_large_artifact	-	/mnt/NAS/data/hl5757/generated_artifacts/lateact/phase4_minwm/scene_06/d_to_a_s2.mp4	540098	b4b6b2be97fcd6dfdc283c83214e155a124bf01926d736122535076816e0ac9f	generated_video	regenerable_with_pinned_code_configs_seeds_upstreams_and_GPU_exact_encoded_bytes_not_guaranteed
external_large_artifact	-	/mnt/NAS/data/hl5757/generated_artifacts/lateact/phase4_minwm/scene_06/d_to_a_s2.pt	799910	d625ef1c1eb06cc96959772972bdc099fed770a5c01e3818e5ee019bc13cbfe3	generated_latent_tensor	regenerable_with_pinned_code_configs_seeds_upstreams_and_GPU_exact_encoded_bytes_not_guaranteed
external_large_artifact	-	/mnt/NAS/data/hl5757/generated_artifacts/lateact/phase4_minwm/scene_06/d_to_a_s3.mp4	540263	cf9e00de141b22e6ff76178dd043b2909c5d630cf2546d4d4addc143b4efa1cb	generated_video	regenerable_with_pinned_code_configs_seeds_upstreams_and_GPU_exact_encoded_bytes_not_guaranteed
external_large_artifact	-	/mnt/NAS/data/hl5757/generated_artifacts/lateact/phase4_minwm/scene_06/d_to_a_s3.pt	799910	3f244ec03dfa9a2652b29785f6dc1931f37ae307a00dc26917c4f08106dcfa80	generated_latent_tensor	regenerable_with_pinned_code_configs_seeds_upstreams_and_GPU_exact_encoded_bytes_not_guaranteed
external_large_artifact	-	/mnt/NAS/data/hl5757/generated_artifacts/lateact/phase4_minwm/scene_06/oracle_a.mp4	540552	2c68100100267a59da8a6fa338e6718ddeddb4192113325d2e20c2bc48ac16fc	generated_video	regenerable_with_pinned_code_configs_seeds_upstreams_and_GPU_exact_encoded_bytes_not_guaranteed
external_large_artifact	-	/mnt/NAS/data/hl5757/generated_artifacts/lateact/phase4_minwm/scene_06/oracle_a.pt	799905	d9a967ab503191ac6adb792a0c09ef325d021fc0b5279f8cf75f832ad4fd89c4	generated_latent_tensor	regenerable_with_pinned_code_configs_seeds_upstreams_and_GPU_exact_encoded_bytes_not_guaranteed
external_large_artifact	-	/mnt/NAS/data/hl5757/generated_artifacts/lateact/phase4_minwm/scene_06/oracle_d.mp4	540128	c015c48ce31b962ddb713836cdcdc52459443d6a2f572140536f27354f1a6178	generated_video	regenerable_with_pinned_code_configs_seeds_upstreams_and_GPU_exact_encoded_bytes_not_guaranteed
external_large_artifact	-	/mnt/NAS/data/hl5757/generated_artifacts/lateact/phase4_minwm/scene_06/oracle_d.pt	799905	a81682a9f8d9199a6059e106d480525fc380c067b192862412b41bddf8bb925d	generated_latent_tensor	regenerable_with_pinned_code_configs_seeds_upstreams_and_GPU_exact_encoded_bytes_not_guaranteed
external_large_artifact	-	/mnt/NAS/data/hl5757/generated_artifacts/lateact/phase4_minwm/scene_07/a_to_d_s1.mp4	512528	d84bd62afa7fdfef8ec16bf3ee3be18e84648fb4fd4803b0fc334d9891182ffa	generated_video	regenerable_with_pinned_code_configs_seeds_upstreams_and_GPU_exact_encoded_bytes_not_guaranteed
external_large_artifact	-	/mnt/NAS/data/hl5757/generated_artifacts/lateact/phase4_minwm/scene_07/a_to_d_s1.pt	799910	deb965dcd779493b55fdd20089751c8c6412a7474428b22e2673a0cf87fcb700	generated_latent_tensor	regenerable_with_pinned_code_configs_seeds_upstreams_and_GPU_exact_encoded_bytes_not_guaranteed
external_large_artifact	-	/mnt/NAS/data/hl5757/generated_artifacts/lateact/phase4_minwm/scene_07/a_to_d_s2.mp4	512816	aabfbcf05126c15e9078c83e8da4a3a2f6b794f1118fb7e242e89307670e6c8d	generated_video	regenerable_with_pinned_code_configs_seeds_upstreams_and_GPU_exact_encoded_bytes_not_guaranteed
external_large_artifact	-	/mnt/NAS/data/hl5757/generated_artifacts/lateact/phase4_minwm/scene_07/a_to_d_s2.pt	799910	72f7fcc55e3fffe45e1f64387580bb9aef1a9fc8238a5f1cb8d90b4fbc2a9a59	generated_latent_tensor	regenerable_with_pinned_code_configs_seeds_upstreams_and_GPU_exact_encoded_bytes_not_guaranteed
external_large_artifact	-	/mnt/NAS/data/hl5757/generated_artifacts/lateact/phase4_minwm/scene_07/a_to_d_s3.mp4	512985	d450ed27eb409dc4a3f61d20f9fbc5dbe0d7f4de07746b7fe907d7edc7decf61	generated_video	regenerable_with_pinned_code_configs_seeds_upstreams_and_GPU_exact_encoded_bytes_not_guaranteed
external_large_artifact	-	/mnt/NAS/data/hl5757/generated_artifacts/lateact/phase4_minwm/scene_07/a_to_d_s3.pt	799910	88fabef8a9c7745d32f861b1be7fba87ce98579160a4a03570aae3a594337d0e	generated_latent_tensor	regenerable_with_pinned_code_configs_seeds_upstreams_and_GPU_exact_encoded_bytes_not_guaranteed
external_large_artifact	-	/mnt/NAS/data/hl5757/generated_artifacts/lateact/phase4_minwm/scene_07/d_to_a_s1.mp4	524181	0950f88f3c9f285d35151d97528bb78103f14abf46a76d8424377cbbc44dc069	generated_video	regenerable_with_pinned_code_configs_seeds_upstreams_and_GPU_exact_encoded_bytes_not_guaranteed
external_large_artifact	-	/mnt/NAS/data/hl5757/generated_artifacts/lateact/phase4_minwm/scene_07/d_to_a_s1.pt	799910	715a32b84f7d3cdb1215cabd61ea22da2fee72f7856c2b86a45b8c70024e0b10	generated_latent_tensor	regenerable_with_pinned_code_configs_seeds_upstreams_and_GPU_exact_encoded_bytes_not_guaranteed
external_large_artifact	-	/mnt/NAS/data/hl5757/generated_artifacts/lateact/phase4_minwm/scene_07/d_to_a_s2.mp4	524168	35f08b2289c26f0b40b71669e32b3fca98ceb1ec32922a7f1b253ddf47692a37	generated_video	regenerable_with_pinned_code_configs_seeds_upstreams_and_GPU_exact_encoded_bytes_not_guaranteed
external_large_artifact	-	/mnt/NAS/data/hl5757/generated_artifacts/lateact/phase4_minwm/scene_07/d_to_a_s2.pt	799910	054de258fe0f7a139c3559ac163eef7f0bbccd67b5d2e0ba15f86ca3dffe40c5	generated_latent_tensor	regenerable_with_pinned_code_configs_seeds_upstreams_and_GPU_exact_encoded_bytes_not_guaranteed
external_large_artifact	-	/mnt/NAS/data/hl5757/generated_artifacts/lateact/phase4_minwm/scene_07/d_to_a_s3.mp4	523876	f4cd48819704c131b077ee11ea1278720c2f99558f076d38246621b58da54b9e	generated_video	regenerable_with_pinned_code_configs_seeds_upstreams_and_GPU_exact_encoded_bytes_not_guaranteed
external_large_artifact	-	/mnt/NAS/data/hl5757/generated_artifacts/lateact/phase4_minwm/scene_07/d_to_a_s3.pt	799910	6b38ea6abfde02cdd2037426f414047dc896b82a1675ec3d5d2b9ebe984b0b67	generated_latent_tensor	regenerable_with_pinned_code_configs_seeds_upstreams_and_GPU_exact_encoded_bytes_not_guaranteed
external_large_artifact	-	/mnt/NAS/data/hl5757/generated_artifacts/lateact/phase4_minwm/scene_07/oracle_a.mp4	512582	2d8a6bb2659e75d06d16cfbf6d4ab52faff90a5b29b3b0ed0c80714141937d27	generated_video	regenerable_with_pinned_code_configs_seeds_upstreams_and_GPU_exact_encoded_bytes_not_guaranteed
external_large_artifact	-	/mnt/NAS/data/hl5757/generated_artifacts/lateact/phase4_minwm/scene_07/oracle_a.pt	799905	8e4284ac26e98de41d5640fa88b96276212a8eecc6001e21387d4ae8ec91357a	generated_latent_tensor	regenerable_with_pinned_code_configs_seeds_upstreams_and_GPU_exact_encoded_bytes_not_guaranteed
external_large_artifact	-	/mnt/NAS/data/hl5757/generated_artifacts/lateact/phase4_minwm/scene_07/oracle_d.mp4	524424	20030a11bc3ad436c118ca9e9c9329b8e75c0566a0fd728ffc62a2cbaee658c1	generated_video	regenerable_with_pinned_code_configs_seeds_upstreams_and_GPU_exact_encoded_bytes_not_guaranteed
external_large_artifact	-	/mnt/NAS/data/hl5757/generated_artifacts/lateact/phase4_minwm/scene_07/oracle_d.pt	799905	bc82a4a20bcb695a868693d20c0b7bcf1c257e8f5e92e4048c516daa9f810b24	generated_latent_tensor	regenerable_with_pinned_code_configs_seeds_upstreams_and_GPU_exact_encoded_bytes_not_guaranteed
stored_in_git	results/frozen/phase4_minwm_yaw/curve_scenes_08_16.json	/mnt/NAS/data/hl5757/generated_artifacts/lateact/phase4_minwm_yaw_confirmatory/curve_scenes_08_16.json	598067	20366ecf738f16b29b799e56197bb9552dfa48716381b65b0c4fc0ea2793bf82	frozen_numerical_or_provenance_record	authoritative_archived_copy
stored_in_git	results/frozen/phase4_minwm_yaw/phase4_minwm_yaw_confirmatory_montage.png	/mnt/NAS/data/hl5757/generated_artifacts/lateact/phase4_minwm_yaw_confirmatory/phase4_minwm_yaw_confirmatory_montage.png	788354	17a1e852058deed7e4c53653e6ff51ae3ac1c1c4fe2dc40ebe97c720834ad7f4	qualitative_scientific_montage	authoritative_archived_copy
stored_in_git	results/frozen/phase4_minwm_yaw/phase4_minwm_yaw_confirmatory_summary.json	/mnt/NAS/data/hl5757/generated_artifacts/lateact/phase4_minwm_yaw_confirmatory/phase4_minwm_yaw_confirmatory_summary.json	174618	fc4d31369ab11c512125658124c4e5a1367ec310a4afee17c9ca860466fe94be	frozen_numerical_or_provenance_record	authoritative_archived_copy
external_large_artifact	-	/mnt/NAS/data/hl5757/generated_artifacts/lateact/phase4_minwm_yaw_confirmatory/scene_08/j_to_j_s0.mp4	559811	311af569c8df31a8bc2ffe39f76a65c909c42bb7b6cdfbf77ed46df7d9130561	generated_video	regenerable_with_pinned_code_configs_seeds_upstreams_and_GPU_exact_encoded_bytes_not_guaranteed
external_large_artifact	-	/mnt/NAS/data/hl5757/generated_artifacts/lateact/phase4_minwm_yaw_confirmatory/scene_08/j_to_j_s0.pt	799910	c5e6a75cdda3d9c754ca899f81679b3189cd0d634f302116169f856399d62aa7	generated_latent_tensor	regenerable_with_pinned_code_configs_seeds_upstreams_and_GPU_exact_encoded_bytes_not_guaranteed
external_large_artifact	-	/mnt/NAS/data/hl5757/generated_artifacts/lateact/phase4_minwm_yaw_confirmatory/scene_08/j_to_j_s1.mp4	559962	86bb926105e7ff91d98c660ebc5f9605e902604701452ef8c69ac4c12dc9bd7d	generated_video	regenerable_with_pinned_code_configs_seeds_upstreams_and_GPU_exact_encoded_bytes_not_guaranteed
external_large_artifact	-	/mnt/NAS/data/hl5757/generated_artifacts/lateact/phase4_minwm_yaw_confirmatory/scene_08/j_to_j_s1.pt	799910	6ec00c2dd4a5e0e02b90082d2a3f13f2520931a815f0b37de8f7a6671d1fbf20	generated_latent_tensor	regenerable_with_pinned_code_configs_seeds_upstreams_and_GPU_exact_encoded_bytes_not_guaranteed
external_large_artifact	-	/mnt/NAS/data/hl5757/generated_artifacts/lateact/phase4_minwm_yaw_confirmatory/scene_08/j_to_j_s2.mp4	559871	33694a667662126e3870fe4e384071f548ad026fe789589d6535c35b91dea847	generated_video	regenerable_with_pinned_code_configs_seeds_upstreams_and_GPU_exact_encoded_bytes_not_guaranteed
external_large_artifact	-	/mnt/NAS/data/hl5757/generated_artifacts/lateact/phase4_minwm_yaw_confirmatory/scene_08/j_to_j_s2.pt	799910	82bb2899a67a614941cc10071dbcfc6693be69593af48602621c7bc96039fffa	generated_latent_tensor	regenerable_with_pinned_code_configs_seeds_upstreams_and_GPU_exact_encoded_bytes_not_guaranteed
external_large_artifact	-	/mnt/NAS/data/hl5757/generated_artifacts/lateact/phase4_minwm_yaw_confirmatory/scene_08/j_to_j_s3.mp4	559972	90c09324c359aba9d5cd52c8d1110167f5330b975d86b2642832f1a2a212a4f1	generated_video	regenerable_with_pinned_code_configs_seeds_upstreams_and_GPU_exact_encoded_bytes_not_guaranteed
external_large_artifact	-	/mnt/NAS/data/hl5757/generated_artifacts/lateact/phase4_minwm_yaw_confirmatory/scene_08/j_to_j_s3.pt	799910	dcfa03ea7458a85543f465be66bd2a774e1f7ceca787753076895010364eefd3	generated_latent_tensor	regenerable_with_pinned_code_configs_seeds_upstreams_and_GPU_exact_encoded_bytes_not_guaranteed
external_large_artifact	-	/mnt/NAS/data/hl5757/generated_artifacts/lateact/phase4_minwm_yaw_confirmatory/scene_08/j_to_j_s4.mp4	559978	257228e55e44bb6f0a1c5e5b3801f36f971f4a5b288cac92145d8389580b0fcc	generated_video	regenerable_with_pinned_code_configs_seeds_upstreams_and_GPU_exact_encoded_bytes_not_guaranteed
external_large_artifact	-	/mnt/NAS/data/hl5757/generated_artifacts/lateact/phase4_minwm_yaw_confirmatory/scene_08/j_to_j_s4.pt	799910	6c826e7a2a4ab7f162b20e654c39316a9c451aef4eb4b2e15491661b7bfa1e47	generated_latent_tensor	regenerable_with_pinned_code_configs_seeds_upstreams_and_GPU_exact_encoded_bytes_not_guaranteed
external_large_artifact	-	/mnt/NAS/data/hl5757/generated_artifacts/lateact/phase4_minwm_yaw_confirmatory/scene_08/j_to_l_s1.mp4	555617	aee61e3b80724a4e3e3da5468f724c4e3ede2e5313e23f172502880f75315c25	generated_video	regenerable_with_pinned_code_configs_seeds_upstreams_and_GPU_exact_encoded_bytes_not_guaranteed
external_large_artifact	-	/mnt/NAS/data/hl5757/generated_artifacts/lateact/phase4_minwm_yaw_confirmatory/scene_08/j_to_l_s1.pt	799910	329c5df8ec532570875a3311abd64007f073c16ab959a3a93499f0e141b57971	generated_latent_tensor	regenerable_with_pinned_code_configs_seeds_upstreams_and_GPU_exact_encoded_bytes_not_guaranteed
external_large_artifact	-	/mnt/NAS/data/hl5757/generated_artifacts/lateact/phase4_minwm_yaw_confirmatory/scene_08/j_to_l_s2.mp4	560404	97c1bd25346c524a561cccb7e5996c88243f034b4f2514096f5eea29a761ca41	generated_video	regenerable_with_pinned_code_configs_seeds_upstreams_and_GPU_exact_encoded_bytes_not_guaranteed
external_large_artifact	-	/mnt/NAS/data/hl5757/generated_artifacts/lateact/phase4_minwm_yaw_confirmatory/scene_08/j_to_l_s2.pt	799910	582912174ffdacce8b44c2e785271902f50e424e04649555776c83ae8991b163	generated_latent_tensor	regenerable_with_pinned_code_configs_seeds_upstreams_and_GPU_exact_encoded_bytes_not_guaranteed
external_large_artifact	-	/mnt/NAS/data/hl5757/generated_artifacts/lateact/phase4_minwm_yaw_confirmatory/scene_08/j_to_l_s3.mp4	559881	4d6318cb5ac908b86cc29fe0868d24ec7e734a4107dbc5fd7fc15dd3af0a8426	generated_video	regenerable_with_pinned_code_configs_seeds_upstreams_and_GPU_exact_encoded_bytes_not_guaranteed
external_large_artifact	-	/mnt/NAS/data/hl5757/generated_artifacts/lateact/phase4_minwm_yaw_confirmatory/scene_08/j_to_l_s3.pt	799910	dce3a9847b79235a30ee0a418993510ce0f400c751e36ad089e3b23ae50b952c	generated_latent_tensor	regenerable_with_pinned_code_configs_seeds_upstreams_and_GPU_exact_encoded_bytes_not_guaranteed
external_large_artifact	-	/mnt/NAS/data/hl5757/generated_artifacts/lateact/phase4_minwm_yaw_confirmatory/scene_08/l_to_j_s1.mp4	566912	05ce54c338224b2df8d0604bae04d3be7475af571d5ef3ad0c5a41e25cea307d	generated_video	regenerable_with_pinned_code_configs_seeds_upstreams_and_GPU_exact_encoded_bytes_not_guaranteed
external_large_artifact	-	/mnt/NAS/data/hl5757/generated_artifacts/lateact/phase4_minwm_yaw_confirmatory/scene_08/l_to_j_s1.pt	799910	fb8cd66c5be956414f21f940f1a340cf300beb1c6883f1791b0e44c92c537ae2	generated_latent_tensor	regenerable_with_pinned_code_configs_seeds_upstreams_and_GPU_exact_encoded_bytes_not_guaranteed
external_large_artifact	-	/mnt/NAS/data/hl5757/generated_artifacts/lateact/phase4_minwm_yaw_confirmatory/scene_08/l_to_j_s2.mp4	567001	4ed1ba3c5f425b04ab1a775fc3b4680ead07a3b9871cc4c94ed2c6beadc8f6f6	generated_video	regenerable_with_pinned_code_configs_seeds_upstreams_and_GPU_exact_encoded_bytes_not_guaranteed
external_large_artifact	-	/mnt/NAS/data/hl5757/generated_artifacts/lateact/phase4_minwm_yaw_confirmatory/scene_08/l_to_j_s2.pt	799910	72cbae9c991efe76dd830de58d61598a824419eb43560111ba6030d503b4e34b	generated_latent_tensor	regenerable_with_pinned_code_configs_seeds_upstreams_and_GPU_exact_encoded_bytes_not_guaranteed
external_large_artifact	-	/mnt/NAS/data/hl5757/generated_artifacts/lateact/phase4_minwm_yaw_confirmatory/scene_08/l_to_j_s3.mp4	567834	6b189042d2c4d6841deb1f6c3127779f5e6cec4ff444869f0d6ba46d6be461d8	generated_video	regenerable_with_pinned_code_configs_seeds_upstreams_and_GPU_exact_encoded_bytes_not_guaranteed
external_large_artifact	-	/mnt/NAS/data/hl5757/generated_artifacts/lateact/phase4_minwm_yaw_confirmatory/scene_08/l_to_j_s3.pt	799910	1a6b5e359e18c673369c13f1f7777a2129c59d0e32ff69aaa9ddaa8e289c0c5d	generated_latent_tensor	regenerable_with_pinned_code_configs_seeds_upstreams_and_GPU_exact_encoded_bytes_not_guaranteed
external_large_artifact	-	/mnt/NAS/data/hl5757/generated_artifacts/lateact/phase4_minwm_yaw_confirmatory/scene_08/oracle_j.mp4	560075	be928d5d66849f7e316970b81b154c84b7c54235ebbd20d2d51a4fd07ad2d944	generated_video	regenerable_with_pinned_code_configs_seeds_upstreams_and_GPU_exact_encoded_bytes_not_guaranteed
external_large_artifact	-	/mnt/NAS/data/hl5757/generated_artifacts/lateact/phase4_minwm_yaw_confirmatory/scene_08/oracle_j.pt	799905	018ec1fc2181133d71cb574aaea49743554609d29230226f935a56155fb8d473	generated_latent_tensor	regenerable_with_pinned_code_configs_seeds_upstreams_and_GPU_exact_encoded_bytes_not_guaranteed
external_large_artifact	-	/mnt/NAS/data/hl5757/generated_artifacts/lateact/phase4_minwm_yaw_confirmatory/scene_08/oracle_l.mp4	567225	b179ce53a82a8857eade21c91a33406a74425ce4763b0dda373e66e57a5a4723	generated_video	regenerable_with_pinned_code_configs_seeds_upstreams_and_GPU_exact_encoded_bytes_not_guaranteed
external_large_artifact	-	/mnt/NAS/data/hl5757/generated_artifacts/lateact/phase4_minwm_yaw_confirmatory/scene_08/oracle_l.pt	799905	20b964950a627251b91ab653f372bb701b27fde09f1107bc6c45755e61976afe	generated_latent_tensor	regenerable_with_pinned_code_configs_seeds_upstreams_and_GPU_exact_encoded_bytes_not_guaranteed
external_large_artifact	-	/mnt/NAS/data/hl5757/generated_artifacts/lateact/phase4_minwm_yaw_confirmatory/scene_09/j_to_j_s0.mp4	582947	9b6a8e5ee8f37b09b6b515cd074928af047e89978c181499f63514852f3ce8da	generated_video	regenerable_with_pinned_code_configs_seeds_upstreams_and_GPU_exact_encoded_bytes_not_guaranteed
external_large_artifact	-	/mnt/NAS/data/hl5757/generated_artifacts/lateact/phase4_minwm_yaw_confirmatory/scene_09/j_to_j_s0.pt	799910	f6f8a18cd8aae68b00e61ffa47d29e612e3b1089e52493667c8abbea9bf9e799	generated_latent_tensor	regenerable_with_pinned_code_configs_seeds_upstreams_and_GPU_exact_encoded_bytes_not_guaranteed
external_large_artifact	-	/mnt/NAS/data/hl5757/generated_artifacts/lateact/phase4_minwm_yaw_confirmatory/scene_09/j_to_j_s1.mp4	582501	671ba7de195b4dad82678c55bda9c47d396ebb2d08c504419df1a184d151cb34	generated_video	regenerable_with_pinned_code_configs_seeds_upstreams_and_GPU_exact_encoded_bytes_not_guaranteed
external_large_artifact	-	/mnt/NAS/data/hl5757/generated_artifacts/lateact/phase4_minwm_yaw_confirmatory/scene_09/j_to_j_s1.pt	799910	add31faf84a0d815f38b63669f872fe649a5d13480bca1dd846f43b8f3f11895	generated_latent_tensor	regenerable_with_pinned_code_configs_seeds_upstreams_and_GPU_exact_encoded_bytes_not_guaranteed
external_large_artifact	-	/mnt/NAS/data/hl5757/generated_artifacts/lateact/phase4_minwm_yaw_confirmatory/scene_09/j_to_j_s2.mp4	582947	9b6a8e5ee8f37b09b6b515cd074928af047e89978c181499f63514852f3ce8da	generated_video	regenerable_with_pinned_code_configs_seeds_upstreams_and_GPU_exact_encoded_bytes_not_guaranteed
external_large_artifact	-	/mnt/NAS/data/hl5757/generated_artifacts/lateact/phase4_minwm_yaw_confirmatory/scene_09/j_to_j_s2.pt	799910	6723f5e16edcad9ed968df2c21be111918e21a00a8cc25512b1ecb714e72fdf9	generated_latent_tensor	regenerable_with_pinned_code_configs_seeds_upstreams_and_GPU_exact_encoded_bytes_not_guaranteed
external_large_artifact	-	/mnt/NAS/data/hl5757/generated_artifacts/lateact/phase4_minwm_yaw_confirmatory/scene_09/j_to_j_s3.mp4	582501	671ba7de195b4dad82678c55bda9c47d396ebb2d08c504419df1a184d151cb34	generated_video	regenerable_with_pinned_code_configs_seeds_upstreams_and_GPU_exact_encoded_bytes_not_guaranteed
external_large_artifact	-	/mnt/NAS/data/hl5757/generated_artifacts/lateact/phase4_minwm_yaw_confirmatory/scene_09/j_to_j_s3.pt	799910	eb9b3a7a7b85599187f92b2e3b2de024d57272c3139962d937d36e11ad76c7da	generated_latent_tensor	regenerable_with_pinned_code_configs_seeds_upstreams_and_GPU_exact_encoded_bytes_not_guaranteed
external_large_artifact	-	/mnt/NAS/data/hl5757/generated_artifacts/lateact/phase4_minwm_yaw_confirmatory/scene_09/j_to_j_s4.mp4	582877	c7a0f9c77963087eca1ae59ea41fc13fee4e8d0d23a28d44bbf2f330a27a830b	generated_video	regenerable_with_pinned_code_configs_seeds_upstreams_and_GPU_exact_encoded_bytes_not_guaranteed
external_large_artifact	-	/mnt/NAS/data/hl5757/generated_artifacts/lateact/phase4_minwm_yaw_confirmatory/scene_09/j_to_j_s4.pt	799910	837587bcb3f61870e639f42ca18c43cd1d0ccf767a98c951ed3bc7d88a35780b	generated_latent_tensor	regenerable_with_pinned_code_configs_seeds_upstreams_and_GPU_exact_encoded_bytes_not_guaranteed
external_large_artifact	-	/mnt/NAS/data/hl5757/generated_artifacts/lateact/phase4_minwm_yaw_confirmatory/scene_09/j_to_l_s1.mp4	575261	fc78452825bed56535e22a163de14bcbceeaa3637d4b8618f5c07a54c134ffe7	generated_video	regenerable_with_pinned_code_configs_seeds_upstreams_and_GPU_exact_encoded_bytes_not_guaranteed
external_large_artifact	-	/mnt/NAS/data/hl5757/generated_artifacts/lateact/phase4_minwm_yaw_confirmatory/scene_09/j_to_l_s1.pt	799910	951f6875decc2a11eb7b035f2f2c825cd2e8ad871a443b014d297849f660835e	generated_latent_tensor	regenerable_with_pinned_code_configs_seeds_upstreams_and_GPU_exact_encoded_bytes_not_guaranteed
external_large_artifact	-	/mnt/NAS/data/hl5757/generated_artifacts/lateact/phase4_minwm_yaw_confirmatory/scene_09/j_to_l_s2.mp4	583110	7826b39780d25711c65b2e6981f41358f8561d93e6a40a61302c1700781aef1c	generated_video	regenerable_with_pinned_code_configs_seeds_upstreams_and_GPU_exact_encoded_bytes_not_guaranteed
external_large_artifact	-	/mnt/NAS/data/hl5757/generated_artifacts/lateact/phase4_minwm_yaw_confirmatory/scene_09/j_to_l_s2.pt	799910	9dc344f1bff19cbdcc4b79556ea4a4e8af9ad3768f1a676ec5273430f3e81143	generated_latent_tensor	regenerable_with_pinned_code_configs_seeds_upstreams_and_GPU_exact_encoded_bytes_not_guaranteed
external_large_artifact	-	/mnt/NAS/data/hl5757/generated_artifacts/lateact/phase4_minwm_yaw_confirmatory/scene_09/j_to_l_s3.mp4	583456	6f771015ebe66a17cbc04d7442acaf49a0e80b7e8fdd555252e0b271822b805b	generated_video	regenerable_with_pinned_code_configs_seeds_upstreams_and_GPU_exact_encoded_bytes_not_guaranteed
external_large_artifact	-	/mnt/NAS/data/hl5757/generated_artifacts/lateact/phase4_minwm_yaw_confirmatory/scene_09/j_to_l_s3.pt	799910	03badd31ca9d1b1214b666e43ea50b53a6236461ecae6842461cffecb7394973	generated_latent_tensor	regenerable_with_pinned_code_configs_seeds_upstreams_and_GPU_exact_encoded_bytes_not_guaranteed
external_large_artifact	-	/mnt/NAS/data/hl5757/generated_artifacts/lateact/phase4_minwm_yaw_confirmatory/scene_09/l_to_j_s1.mp4	534469	343fae591a70d00b23a53c7ee1547cf13e7a3f7c56197718ba57eb880b23e2f8	generated_video	regenerable_with_pinned_code_configs_seeds_upstreams_and_GPU_exact_encoded_bytes_not_guaranteed
external_large_artifact	-	/mnt/NAS/data/hl5757/generated_artifacts/lateact/phase4_minwm_yaw_confirmatory/scene_09/l_to_j_s1.pt	799910	7f8a7e5f6dd9d8d08613748ccd16c2bd7a9c05c756e1f4bd922556de533e5ad3	generated_latent_tensor	regenerable_with_pinned_code_configs_seeds_upstreams_and_GPU_exact_encoded_bytes_not_guaranteed
external_large_artifact	-	/mnt/NAS/data/hl5757/generated_artifacts/lateact/phase4_minwm_yaw_confirmatory/scene_09/l_to_j_s2.mp4	537506	ecd4bb208771f9a678fa59199e08eac8e360af18dc02dd90c48d8aa9c3aab57f	generated_video	regenerable_with_pinned_code_configs_seeds_upstreams_and_GPU_exact_encoded_bytes_not_guaranteed
external_large_artifact	-	/mnt/NAS/data/hl5757/generated_artifacts/lateact/phase4_minwm_yaw_confirmatory/scene_09/l_to_j_s2.pt	799910	91c0f6b5bead8f28993b7a69ac93ed208aaa1d11bdb942f8d2a05c4bf5f3c3d3	generated_latent_tensor	regenerable_with_pinned_code_configs_seeds_upstreams_and_GPU_exact_encoded_bytes_not_guaranteed
external_large_artifact	-	/mnt/NAS/data/hl5757/generated_artifacts/lateact/phase4_minwm_yaw_confirmatory/scene_09/l_to_j_s3.mp4	540253	21867f77a95626d1437b937298144599e953f012736794ddffd8b5893ce5ff20	generated_video	regenerable_with_pinned_code_configs_seeds_upstreams_and_GPU_exact_encoded_bytes_not_guaranteed
external_large_artifact	-	/mnt/NAS/data/hl5757/generated_artifacts/lateact/phase4_minwm_yaw_confirmatory/scene_09/l_to_j_s3.pt	799910	6b2fd330ba7d88d6c92642fa864b0925fdb1e1b2ebb7ba443d5cba104f402798	generated_latent_tensor	regenerable_with_pinned_code_configs_seeds_upstreams_and_GPU_exact_encoded_bytes_not_guaranteed
external_large_artifact	-	/mnt/NAS/data/hl5757/generated_artifacts/lateact/phase4_minwm_yaw_confirmatory/scene_09/oracle_j.mp4	582840	d8ad010d66374e2019118fe8cca792aa5a584c0eee1262669311ac3ed0c14b65	generated_video	regenerable_with_pinned_code_configs_seeds_upstreams_and_GPU_exact_encoded_bytes_not_guaranteed
external_large_artifact	-	/mnt/NAS/data/hl5757/generated_artifacts/lateact/phase4_minwm_yaw_confirmatory/scene_09/oracle_j.pt	799905	9ef65332e4b3203618818d85313515227fbc041db72e9bb3c9c78a1b5a79482e	generated_latent_tensor	regenerable_with_pinned_code_configs_seeds_upstreams_and_GPU_exact_encoded_bytes_not_guaranteed
external_large_artifact	-	/mnt/NAS/data/hl5757/generated_artifacts/lateact/phase4_minwm_yaw_confirmatory/scene_09/oracle_l.mp4	540668	a2db7c303174cb65201c373d9819f3708b538c5e7be04ccd1b501d4e13e43fc6	generated_video	regenerable_with_pinned_code_configs_seeds_upstreams_and_GPU_exact_encoded_bytes_not_guaranteed
external_large_artifact	-	/mnt/NAS/data/hl5757/generated_artifacts/lateact/phase4_minwm_yaw_confirmatory/scene_09/oracle_l.pt	799905	894e2760f522f46c4aa2c1f769ae271f40324f9f18aa6af86a431a18ec0eb283	generated_latent_tensor	regenerable_with_pinned_code_configs_seeds_upstreams_and_GPU_exact_encoded_bytes_not_guaranteed
external_large_artifact	-	/mnt/NAS/data/hl5757/generated_artifacts/lateact/phase4_minwm_yaw_confirmatory/scene_10/j_to_l_s1.mp4	556064	460cc1cb95d427901470c3e79507e5b0d95a50530a729c5f83b017b587dd9edf	generated_video	regenerable_with_pinned_code_configs_seeds_upstreams_and_GPU_exact_encoded_bytes_not_guaranteed
external_large_artifact	-	/mnt/NAS/data/hl5757/generated_artifacts/lateact/phase4_minwm_yaw_confirmatory/scene_10/j_to_l_s1.pt	799910	e6198528f9ac21f68b7e1f984f522a66b86c049c1d6ab1c8053d03dfadaa074b	generated_latent_tensor	regenerable_with_pinned_code_configs_seeds_upstreams_and_GPU_exact_encoded_bytes_not_guaranteed
external_large_artifact	-	/mnt/NAS/data/hl5757/generated_artifacts/lateact/phase4_minwm_yaw_confirmatory/scene_10/j_to_l_s2.mp4	559739	5528da2940f5eca20551427c94f5c1e2b07ea8b5abee91380db5c298ca992f48	generated_video	regenerable_with_pinned_code_configs_seeds_upstreams_and_GPU_exact_encoded_bytes_not_guaranteed
external_large_artifact	-	/mnt/NAS/data/hl5757/generated_artifacts/lateact/phase4_minwm_yaw_confirmatory/scene_10/j_to_l_s2.pt	799910	60fa610cd81f0b5f1fa22ffc77ef3ac03de7fcd6ba20bf37d8a7d1b5b387854a	generated_latent_tensor	regenerable_with_pinned_code_configs_seeds_upstreams_and_GPU_exact_encoded_bytes_not_guaranteed
external_large_artifact	-	/mnt/NAS/data/hl5757/generated_artifacts/lateact/phase4_minwm_yaw_confirmatory/scene_10/j_to_l_s3.mp4	559621	1c012fe5d178bd75cb6b42921873ec49a43d15e09c1e3195b413da2746f9a9a0	generated_video	regenerable_with_pinned_code_configs_seeds_upstreams_and_GPU_exact_encoded_bytes_not_guaranteed
external_large_artifact	-	/mnt/NAS/data/hl5757/generated_artifacts/lateact/phase4_minwm_yaw_confirmatory/scene_10/j_to_l_s3.pt	799910	115cfcddce75be67961360d6f0ddfc2cac47f66f53238556489031e82a612a24	generated_latent_tensor	regenerable_with_pinned_code_configs_seeds_upstreams_and_GPU_exact_encoded_bytes_not_guaranteed
external_large_artifact	-	/mnt/NAS/data/hl5757/generated_artifacts/lateact/phase4_minwm_yaw_confirmatory/scene_10/l_to_j_s1.mp4	545507	f18444984f620413250654c5785c66aabe81219774936f62dd972e7973a7ff98	generated_video	regenerable_with_pinned_code_configs_seeds_upstreams_and_GPU_exact_encoded_bytes_not_guaranteed
external_large_artifact	-	/mnt/NAS/data/hl5757/generated_artifacts/lateact/phase4_minwm_yaw_confirmatory/scene_10/l_to_j_s1.pt	799910	62635d3d8bf40bcab8e4bb2e69c3dc4bbd72ac1125f0ff8bb39a7ffb2e8ef0bc	generated_latent_tensor	regenerable_with_pinned_code_configs_seeds_upstreams_and_GPU_exact_encoded_bytes_not_guaranteed
external_large_artifact	-	/mnt/NAS/data/hl5757/generated_artifacts/lateact/phase4_minwm_yaw_confirmatory/scene_10/l_to_j_s2.mp4	554901	a3f82a931cb39bc2bc7cac70dbd2e272c8eb860c5420b103f8181c4fb1fac689	generated_video	regenerable_with_pinned_code_configs_seeds_upstreams_and_GPU_exact_encoded_bytes_not_guaranteed
external_large_artifact	-	/mnt/NAS/data/hl5757/generated_artifacts/lateact/phase4_minwm_yaw_confirmatory/scene_10/l_to_j_s2.pt	799910	b64a24859352fa0bdfbad6f7745fc2b018702e6676417a7179d1bf08d0920828	generated_latent_tensor	regenerable_with_pinned_code_configs_seeds_upstreams_and_GPU_exact_encoded_bytes_not_guaranteed
external_large_artifact	-	/mnt/NAS/data/hl5757/generated_artifacts/lateact/phase4_minwm_yaw_confirmatory/scene_10/l_to_j_s3.mp4	556523	a588540b1f0b57d60051f9b055db22c46e6bd575038a3e69753a9104e3111232	generated_video	regenerable_with_pinned_code_configs_seeds_upstreams_and_GPU_exact_encoded_bytes_not_guaranteed
external_large_artifact	-	/mnt/NAS/data/hl5757/generated_artifacts/lateact/phase4_minwm_yaw_confirmatory/scene_10/l_to_j_s3.pt	799910	dc55dc57eceb3cbd1862ae9f3678f700cda8111f98d2d79e2029af1efd632b99	generated_latent_tensor	regenerable_with_pinned_code_configs_seeds_upstreams_and_GPU_exact_encoded_bytes_not_guaranteed
external_large_artifact	-	/mnt/NAS/data/hl5757/generated_artifacts/lateact/phase4_minwm_yaw_confirmatory/scene_10/oracle_j.mp4	559441	4da2edfb2c1aac80f5c6d18dfe8a1a9bdbea230f50683ffca02821bbcdcab358	generated_video	regenerable_with_pinned_code_configs_seeds_upstreams_and_GPU_exact_encoded_bytes_not_guaranteed
external_large_artifact	-	/mnt/NAS/data/hl5757/generated_artifacts/lateact/phase4_minwm_yaw_confirmatory/scene_10/oracle_j.pt	799905	6841e8969c48f4b3762c14c41e7ff91bc7a2a96f642afc8490ffb18560e9d4fd	generated_latent_tensor	regenerable_with_pinned_code_configs_seeds_upstreams_and_GPU_exact_encoded_bytes_not_guaranteed
external_large_artifact	-	/mnt/NAS/data/hl5757/generated_artifacts/lateact/phase4_minwm_yaw_confirmatory/scene_10/oracle_l.mp4	555807	b07658a576e2faaead3480edfd76210a9076fc494a9615645d0c723d52bb8c8b	generated_video	regenerable_with_pinned_code_configs_seeds_upstreams_and_GPU_exact_encoded_bytes_not_guaranteed
external_large_artifact	-	/mnt/NAS/data/hl5757/generated_artifacts/lateact/phase4_minwm_yaw_confirmatory/scene_10/oracle_l.pt	799905	b915d57e3741463b5715db208c203f72cd127ec03b56a587745df67b87af5d79	generated_latent_tensor	regenerable_with_pinned_code_configs_seeds_upstreams_and_GPU_exact_encoded_bytes_not_guaranteed
external_large_artifact	-	/mnt/NAS/data/hl5757/generated_artifacts/lateact/phase4_minwm_yaw_confirmatory/scene_11/j_to_l_s1.mp4	557224	3057e89f93e69df6aaf46780f0277e61903f59787e85effb664b0f18f22b744c	generated_video	regenerable_with_pinned_code_configs_seeds_upstreams_and_GPU_exact_encoded_bytes_not_guaranteed
external_large_artifact	-	/mnt/NAS/data/hl5757/generated_artifacts/lateact/phase4_minwm_yaw_confirmatory/scene_11/j_to_l_s1.pt	799910	9fb0723daf4a6b6f74983233179883938a020065e3e58098f5524b71ac085291	generated_latent_tensor	regenerable_with_pinned_code_configs_seeds_upstreams_and_GPU_exact_encoded_bytes_not_guaranteed
external_large_artifact	-	/mnt/NAS/data/hl5757/generated_artifacts/lateact/phase4_minwm_yaw_confirmatory/scene_11/j_to_l_s2.mp4	561741	ba4ef8e24a66178dd023faffdb244663068dd32c75765d4313aea24a2579201d	generated_video	regenerable_with_pinned_code_configs_seeds_upstreams_and_GPU_exact_encoded_bytes_not_guaranteed
external_large_artifact	-	/mnt/NAS/data/hl5757/generated_artifacts/lateact/phase4_minwm_yaw_confirmatory/scene_11/j_to_l_s2.pt	799910	1b65ce6bc11e6702acfa0f6ed4598948838fdd66029a49af0d7419241f7fe104	generated_latent_tensor	regenerable_with_pinned_code_configs_seeds_upstreams_and_GPU_exact_encoded_bytes_not_guaranteed
external_large_artifact	-	/mnt/NAS/data/hl5757/generated_artifacts/lateact/phase4_minwm_yaw_confirmatory/scene_11/j_to_l_s3.mp4	561751	1a3ff4100da703e437eae266bee029af6831ad3ad5da23713aa1506415b47a27	generated_video	regenerable_with_pinned_code_configs_seeds_upstreams_and_GPU_exact_encoded_bytes_not_guaranteed
external_large_artifact	-	/mnt/NAS/data/hl5757/generated_artifacts/lateact/phase4_minwm_yaw_confirmatory/scene_11/j_to_l_s3.pt	799910	248a68acd098c0b7b89298a45aec412c71bf95ab4e9477006cccc300d8dabf4b	generated_latent_tensor	regenerable_with_pinned_code_configs_seeds_upstreams_and_GPU_exact_encoded_bytes_not_guaranteed
external_large_artifact	-	/mnt/NAS/data/hl5757/generated_artifacts/lateact/phase4_minwm_yaw_confirmatory/scene_11/l_to_j_s1.mp4	556471	955f90ab4ee10bba5c1e59ce0aecd131a4887e6dab747eb74a0e0cd818347a29	generated_video	regenerable_with_pinned_code_configs_seeds_upstreams_and_GPU_exact_encoded_bytes_not_guaranteed
external_large_artifact	-	/mnt/NAS/data/hl5757/generated_artifacts/lateact/phase4_minwm_yaw_confirmatory/scene_11/l_to_j_s1.pt	799910	face46005ea49f423b9b8efed16b599a49129d47e987cbc1138a149b5c78edd5	generated_latent_tensor	regenerable_with_pinned_code_configs_seeds_upstreams_and_GPU_exact_encoded_bytes_not_guaranteed
external_large_artifact	-	/mnt/NAS/data/hl5757/generated_artifacts/lateact/phase4_minwm_yaw_confirmatory/scene_11/l_to_j_s2.mp4	561338	a620215d31d6e5e204821828f2988fe83d9635911d1f2debe9e262423da1ad1f	generated_video	regenerable_with_pinned_code_configs_seeds_upstreams_and_GPU_exact_encoded_bytes_not_guaranteed
external_large_artifact	-	/mnt/NAS/data/hl5757/generated_artifacts/lateact/phase4_minwm_yaw_confirmatory/scene_11/l_to_j_s2.pt	799910	b94fdede8ebb4a54565ada57bf379da41d88a90d077b9cdc06406aed94f09317	generated_latent_tensor	regenerable_with_pinned_code_configs_seeds_upstreams_and_GPU_exact_encoded_bytes_not_guaranteed
external_large_artifact	-	/mnt/NAS/data/hl5757/generated_artifacts/lateact/phase4_minwm_yaw_confirmatory/scene_11/l_to_j_s3.mp4	561478	3256c70515e647bd0ed8841783b0c8e3d69bd164b61ad9e1e74535908c3eee9d	generated_video	regenerable_with_pinned_code_configs_seeds_upstreams_and_GPU_exact_encoded_bytes_not_guaranteed
external_large_artifact	-	/mnt/NAS/data/hl5757/generated_artifacts/lateact/phase4_minwm_yaw_confirmatory/scene_11/l_to_j_s3.pt	799910	82e405fb391c3704fd5d5c4cda5872f4e303f191371705f6c7f18c3d0ecfdbcb	generated_latent_tensor	regenerable_with_pinned_code_configs_seeds_upstreams_and_GPU_exact_encoded_bytes_not_guaranteed
external_large_artifact	-	/mnt/NAS/data/hl5757/generated_artifacts/lateact/phase4_minwm_yaw_confirmatory/scene_11/oracle_j.mp4	561808	08060b859cdbf9dce31ec8692f855bc9d817ec6646ef045201186b07cd18c2f9	generated_video	regenerable_with_pinned_code_configs_seeds_upstreams_and_GPU_exact_encoded_bytes_not_guaranteed
external_large_artifact	-	/mnt/NAS/data/hl5757/generated_artifacts/lateact/phase4_minwm_yaw_confirmatory/scene_11/oracle_j.pt	799905	129e356ea47d3dedc7afe5a45c189487c194b033522e36ad47b1da373dbada44	generated_latent_tensor	regenerable_with_pinned_code_configs_seeds_upstreams_and_GPU_exact_encoded_bytes_not_guaranteed
external_large_artifact	-	/mnt/NAS/data/hl5757/generated_artifacts/lateact/phase4_minwm_yaw_confirmatory/scene_11/oracle_l.mp4	562317	7e036ee6e4e5ef6091aabdae6a7d76d3a61f072108d1b3b82323f558686cb69b	generated_video	regenerable_with_pinned_code_configs_seeds_upstreams_and_GPU_exact_encoded_bytes_not_guaranteed
external_large_artifact	-	/mnt/NAS/data/hl5757/generated_artifacts/lateact/phase4_minwm_yaw_confirmatory/scene_11/oracle_l.pt	799905	318a3a8385a11045a1797d34f591697170ddb8d1e5347cf49844b519d62f1219	generated_latent_tensor	regenerable_with_pinned_code_configs_seeds_upstreams_and_GPU_exact_encoded_bytes_not_guaranteed
external_large_artifact	-	/mnt/NAS/data/hl5757/generated_artifacts/lateact/phase4_minwm_yaw_confirmatory/scene_12/j_to_l_s1.mp4	565944	eca68be4ea44760e0655359f8ad31d57b737549372910452cbf3da0beeb5af06	generated_video	regenerable_with_pinned_code_configs_seeds_upstreams_and_GPU_exact_encoded_bytes_not_guaranteed
external_large_artifact	-	/mnt/NAS/data/hl5757/generated_artifacts/lateact/phase4_minwm_yaw_confirmatory/scene_12/j_to_l_s1.pt	799910	1f85fdc9c34c90203a6ed6b5f510088247cd527ca10c5d96ff375fc8ae033178	generated_latent_tensor	regenerable_with_pinned_code_configs_seeds_upstreams_and_GPU_exact_encoded_bytes_not_guaranteed
external_large_artifact	-	/mnt/NAS/data/hl5757/generated_artifacts/lateact/phase4_minwm_yaw_confirmatory/scene_12/j_to_l_s2.mp4	567482	9734c0b2d7098c72ebc97b4476fdaf49e6ea17b6ec2d68b44d5e748983427a54	generated_video	regenerable_with_pinned_code_configs_seeds_upstreams_and_GPU_exact_encoded_bytes_not_guaranteed
external_large_artifact	-	/mnt/NAS/data/hl5757/generated_artifacts/lateact/phase4_minwm_yaw_confirmatory/scene_12/j_to_l_s2.pt	799910	e50b75abc4ddaf0c0369591014152f48b57d80c7679692269356fc8c8aba3464	generated_latent_tensor	regenerable_with_pinned_code_configs_seeds_upstreams_and_GPU_exact_encoded_bytes_not_guaranteed
external_large_artifact	-	/mnt/NAS/data/hl5757/generated_artifacts/lateact/phase4_minwm_yaw_confirmatory/scene_12/j_to_l_s3.mp4	567943	7162d90dc95a4d8b8d4bddce7db5feb8838f4b830b32b4397a5367b8ec9075ad	generated_video	regenerable_with_pinned_code_configs_seeds_upstreams_and_GPU_exact_encoded_bytes_not_guaranteed
external_large_artifact	-	/mnt/NAS/data/hl5757/generated_artifacts/lateact/phase4_minwm_yaw_confirmatory/scene_12/j_to_l_s3.pt	799910	4305eb2074c710b51d5120de748e34966e4e312986932efa4556a49d50737b0e	generated_latent_tensor	regenerable_with_pinned_code_configs_seeds_upstreams_and_GPU_exact_encoded_bytes_not_guaranteed
external_large_artifact	-	/mnt/NAS/data/hl5757/generated_artifacts/lateact/phase4_minwm_yaw_confirmatory/scene_12/l_to_j_s1.mp4	559162	85c7a56a3a83c6d389d78e17b180ba38ed8697a3dd197abc3b5510990e28d36a	generated_video	regenerable_with_pinned_code_configs_seeds_upstreams_and_GPU_exact_encoded_bytes_not_guaranteed
external_large_artifact	-	/mnt/NAS/data/hl5757/generated_artifacts/lateact/phase4_minwm_yaw_confirmatory/scene_12/l_to_j_s1.pt	799910	6791236ac8f58888c0b57d70b542d1ec6b888ac11e453bf8fcb093686438d502	generated_latent_tensor	regenerable_with_pinned_code_configs_seeds_upstreams_and_GPU_exact_encoded_bytes_not_guaranteed
external_large_artifact	-	/mnt/NAS/data/hl5757/generated_artifacts/lateact/phase4_minwm_yaw_confirmatory/scene_12/l_to_j_s2.mp4	561405	7d9d3ccebb91911cf98834d57b0de55ddc285424c8674d56018150f528015101	generated_video	regenerable_with_pinned_code_configs_seeds_upstreams_and_GPU_exact_encoded_bytes_not_guaranteed
external_large_artifact	-	/mnt/NAS/data/hl5757/generated_artifacts/lateact/phase4_minwm_yaw_confirmatory/scene_12/l_to_j_s2.pt	799910	30c5a32f8e0bf677b85cada17bbcadfc2d711398caec697e1e8f1547c085efea	generated_latent_tensor	regenerable_with_pinned_code_configs_seeds_upstreams_and_GPU_exact_encoded_bytes_not_guaranteed
external_large_artifact	-	/mnt/NAS/data/hl5757/generated_artifacts/lateact/phase4_minwm_yaw_confirmatory/scene_12/l_to_j_s3.mp4	561744	8104257aa05a5a84d9ec79c265323dacd248203b364b543c274156d8e004d612	generated_video	regenerable_with_pinned_code_configs_seeds_upstreams_and_GPU_exact_encoded_bytes_not_guaranteed
external_large_artifact	-	/mnt/NAS/data/hl5757/generated_artifacts/lateact/phase4_minwm_yaw_confirmatory/scene_12/l_to_j_s3.pt	799910	eafaa417728be0f5d9a84fd8782ecfa830979f62ad67d0b3b02a8898cfff1b26	generated_latent_tensor	regenerable_with_pinned_code_configs_seeds_upstreams_and_GPU_exact_encoded_bytes_not_guaranteed
external_large_artifact	-	/mnt/NAS/data/hl5757/generated_artifacts/lateact/phase4_minwm_yaw_confirmatory/scene_12/oracle_j.mp4	568151	f9118d59e5dec91d0584b809a02f34c744d53e89572d2466b723976e703294bb	generated_video	regenerable_with_pinned_code_configs_seeds_upstreams_and_GPU_exact_encoded_bytes_not_guaranteed
external_large_artifact	-	/mnt/NAS/data/hl5757/generated_artifacts/lateact/phase4_minwm_yaw_confirmatory/scene_12/oracle_j.pt	799905	f56f558e5b311caef7135c3696efcf1a1d31febe4bd5688df50d5a0bfd1f1097	generated_latent_tensor	regenerable_with_pinned_code_configs_seeds_upstreams_and_GPU_exact_encoded_bytes_not_guaranteed
external_large_artifact	-	/mnt/NAS/data/hl5757/generated_artifacts/lateact/phase4_minwm_yaw_confirmatory/scene_12/oracle_l.mp4	561526	536ceec3d5ed62ac1be14c43de32ae97f72d94c05d9b99cfc869b79c864bb846	generated_video	regenerable_with_pinned_code_configs_seeds_upstreams_and_GPU_exact_encoded_bytes_not_guaranteed
external_large_artifact	-	/mnt/NAS/data/hl5757/generated_artifacts/lateact/phase4_minwm_yaw_confirmatory/scene_12/oracle_l.pt	799905	b9dd98ff186a36aa7e4cc685d3e910a8d729dcb65a5c8de4873e298463874532	generated_latent_tensor	regenerable_with_pinned_code_configs_seeds_upstreams_and_GPU_exact_encoded_bytes_not_guaranteed
external_large_artifact	-	/mnt/NAS/data/hl5757/generated_artifacts/lateact/phase4_minwm_yaw_confirmatory/scene_13/j_to_l_s1.mp4	542230	7ae5ec4b0aef5f0a3a73322a9e7e542fde45f659969f626437f038784bbc8661	generated_video	regenerable_with_pinned_code_configs_seeds_upstreams_and_GPU_exact_encoded_bytes_not_guaranteed
external_large_artifact	-	/mnt/NAS/data/hl5757/generated_artifacts/lateact/phase4_minwm_yaw_confirmatory/scene_13/j_to_l_s1.pt	799910	e962332419c9d80b5746ff83b4e01afe0b0589a6d7fe635d827c976ee53bf256	generated_latent_tensor	regenerable_with_pinned_code_configs_seeds_upstreams_and_GPU_exact_encoded_bytes_not_guaranteed
external_large_artifact	-	/mnt/NAS/data/hl5757/generated_artifacts/lateact/phase4_minwm_yaw_confirmatory/scene_13/j_to_l_s2.mp4	544405	d67c0c9ef90ad5bf6ccc0c65ed8a3c9c63d876f5c3d7df399befe0d78627de01	generated_video	regenerable_with_pinned_code_configs_seeds_upstreams_and_GPU_exact_encoded_bytes_not_guaranteed
external_large_artifact	-	/mnt/NAS/data/hl5757/generated_artifacts/lateact/phase4_minwm_yaw_confirmatory/scene_13/j_to_l_s2.pt	799910	36f94b53d1e2d09021548e2d238d6094a81266f58e2234b660157e90d2207127	generated_latent_tensor	regenerable_with_pinned_code_configs_seeds_upstreams_and_GPU_exact_encoded_bytes_not_guaranteed
external_large_artifact	-	/mnt/NAS/data/hl5757/generated_artifacts/lateact/phase4_minwm_yaw_confirmatory/scene_13/j_to_l_s3.mp4	544917	31faed98259ddebbeb034421033e23ea8f8c8ecc89b7af8831f6b9c692865a38	generated_video	regenerable_with_pinned_code_configs_seeds_upstreams_and_GPU_exact_encoded_bytes_not_guaranteed
external_large_artifact	-	/mnt/NAS/data/hl5757/generated_artifacts/lateact/phase4_minwm_yaw_confirmatory/scene_13/j_to_l_s3.pt	799910	437acd0e9e4a86fc23ee17d43463a70534554801bd064aa4d846b8a889283bd9	generated_latent_tensor	regenerable_with_pinned_code_configs_seeds_upstreams_and_GPU_exact_encoded_bytes_not_guaranteed
external_large_artifact	-	/mnt/NAS/data/hl5757/generated_artifacts/lateact/phase4_minwm_yaw_confirmatory/scene_13/l_to_j_s1.mp4	537054	4f371be6dbbb497a7fe95c26cfb62c596d06c75a6dc90158783982f5c2811a3d	generated_video	regenerable_with_pinned_code_configs_seeds_upstreams_and_GPU_exact_encoded_bytes_not_guaranteed
external_large_artifact	-	/mnt/NAS/data/hl5757/generated_artifacts/lateact/phase4_minwm_yaw_confirmatory/scene_13/l_to_j_s1.pt	799910	eb405cc9bcc2a0255ad728d3f598ec7e7aac4f6f62e2617a602595048fb2f2de	generated_latent_tensor	regenerable_with_pinned_code_configs_seeds_upstreams_and_GPU_exact_encoded_bytes_not_guaranteed
external_large_artifact	-	/mnt/NAS/data/hl5757/generated_artifacts/lateact/phase4_minwm_yaw_confirmatory/scene_13/l_to_j_s2.mp4	542968	10846c44f9d3cf550b361c783eb11ff1f5372ba6f15466a734e5d15a6509f43b	generated_video	regenerable_with_pinned_code_configs_seeds_upstreams_and_GPU_exact_encoded_bytes_not_guaranteed
external_large_artifact	-	/mnt/NAS/data/hl5757/generated_artifacts/lateact/phase4_minwm_yaw_confirmatory/scene_13/l_to_j_s2.pt	799910	c5595a16f24d56e011d56ba8afdcd9901cd7dcd898e5836416d7708b79e8e494	generated_latent_tensor	regenerable_with_pinned_code_configs_seeds_upstreams_and_GPU_exact_encoded_bytes_not_guaranteed
external_large_artifact	-	/mnt/NAS/data/hl5757/generated_artifacts/lateact/phase4_minwm_yaw_confirmatory/scene_13/l_to_j_s3.mp4	544188	db4fbd8e187211d9fe4f76369d779c5a8fda047bcddf7f9376f3451cdfcc4b07	generated_video	regenerable_with_pinned_code_configs_seeds_upstreams_and_GPU_exact_encoded_bytes_not_guaranteed
external_large_artifact	-	/mnt/NAS/data/hl5757/generated_artifacts/lateact/phase4_minwm_yaw_confirmatory/scene_13/l_to_j_s3.pt	799910	f0b5049f489a2bd37e0e6c291d5914b002bdbd8f1af168c9f3ce3b20d29fb324	generated_latent_tensor	regenerable_with_pinned_code_configs_seeds_upstreams_and_GPU_exact_encoded_bytes_not_guaranteed
external_large_artifact	-	/mnt/NAS/data/hl5757/generated_artifacts/lateact/phase4_minwm_yaw_confirmatory/scene_13/oracle_j.mp4	545454	f4e6e4ef93c4ff049a972323b759cd8367951fcaea662612e62ebb1ccd27a22e	generated_video	regenerable_with_pinned_code_configs_seeds_upstreams_and_GPU_exact_encoded_bytes_not_guaranteed
external_large_artifact	-	/mnt/NAS/data/hl5757/generated_artifacts/lateact/phase4_minwm_yaw_confirmatory/scene_13/oracle_j.pt	799905	5746a9bbb0fb5486eb0ff0e228c6f7f2c661b64b04eb5f09d585f3f04e6b5a6b	generated_latent_tensor	regenerable_with_pinned_code_configs_seeds_upstreams_and_GPU_exact_encoded_bytes_not_guaranteed
external_large_artifact	-	/mnt/NAS/data/hl5757/generated_artifacts/lateact/phase4_minwm_yaw_confirmatory/scene_13/oracle_l.mp4	544295	ab2ad0373b4c2c205860f9646f69b2add8371fd3ac79d2f7777de49202c0f8d9	generated_video	regenerable_with_pinned_code_configs_seeds_upstreams_and_GPU_exact_encoded_bytes_not_guaranteed
external_large_artifact	-	/mnt/NAS/data/hl5757/generated_artifacts/lateact/phase4_minwm_yaw_confirmatory/scene_13/oracle_l.pt	799905	8e9f0c4d082154a1344155e5794a63d58ebfd558eed1b1c0de8f4b1aed97371c	generated_latent_tensor	regenerable_with_pinned_code_configs_seeds_upstreams_and_GPU_exact_encoded_bytes_not_guaranteed
external_large_artifact	-	/mnt/NAS/data/hl5757/generated_artifacts/lateact/phase4_minwm_yaw_confirmatory/scene_14/j_to_l_s1.mp4	557620	9e408edb52d4224c0679018c0bc31458933658563d8e19dd259a9dc680123221	generated_video	regenerable_with_pinned_code_configs_seeds_upstreams_and_GPU_exact_encoded_bytes_not_guaranteed
external_large_artifact	-	/mnt/NAS/data/hl5757/generated_artifacts/lateact/phase4_minwm_yaw_confirmatory/scene_14/j_to_l_s1.pt	799910	d302244c7c1b2bc0df9562c7f5d8c2b7f27af056f1409891ff3dbe794c6ffe0a	generated_latent_tensor	regenerable_with_pinned_code_configs_seeds_upstreams_and_GPU_exact_encoded_bytes_not_guaranteed
external_large_artifact	-	/mnt/NAS/data/hl5757/generated_artifacts/lateact/phase4_minwm_yaw_confirmatory/scene_14/j_to_l_s2.mp4	580461	68aadf123889f697e49a660f801093e4019b96f4b2df02c9fa2be900004cad0f	generated_video	regenerable_with_pinned_code_configs_seeds_upstreams_and_GPU_exact_encoded_bytes_not_guaranteed
external_large_artifact	-	/mnt/NAS/data/hl5757/generated_artifacts/lateact/phase4_minwm_yaw_confirmatory/scene_14/j_to_l_s2.pt	799910	19ac580a0e2a90871837f4a36886fa34c4cfa54c1a3f94f7591b890b3c68741b	generated_latent_tensor	regenerable_with_pinned_code_configs_seeds_upstreams_and_GPU_exact_encoded_bytes_not_guaranteed
external_large_artifact	-	/mnt/NAS/data/hl5757/generated_artifacts/lateact/phase4_minwm_yaw_confirmatory/scene_14/j_to_l_s3.mp4	581963	a4a10693434a0fa9047ccd976f7e155e0347e95de67147c31d4ae08aeee2de96	generated_video	regenerable_with_pinned_code_configs_seeds_upstreams_and_GPU_exact_encoded_bytes_not_guaranteed
external_large_artifact	-	/mnt/NAS/data/hl5757/generated_artifacts/lateact/phase4_minwm_yaw_confirmatory/scene_14/j_to_l_s3.pt	799910	69ed7b73d6a5319ed49e81f9bbe8e8fed836e9dab45aa861c9335d093de3e8ca	generated_latent_tensor	regenerable_with_pinned_code_configs_seeds_upstreams_and_GPU_exact_encoded_bytes_not_guaranteed
external_large_artifact	-	/mnt/NAS/data/hl5757/generated_artifacts/lateact/phase4_minwm_yaw_confirmatory/scene_14/l_to_j_s1.mp4	547431	0d7ee0c5757515d9addba41e9b69f6333f077256454059a59354d7cf279f8321	generated_video	regenerable_with_pinned_code_configs_seeds_upstreams_and_GPU_exact_encoded_bytes_not_guaranteed
external_large_artifact	-	/mnt/NAS/data/hl5757/generated_artifacts/lateact/phase4_minwm_yaw_confirmatory/scene_14/l_to_j_s1.pt	799910	d53d5cc852a53e9bae382ef443085d848f639af09f452d2acc110dd3c9b3bae0	generated_latent_tensor	regenerable_with_pinned_code_configs_seeds_upstreams_and_GPU_exact_encoded_bytes_not_guaranteed
external_large_artifact	-	/mnt/NAS/data/hl5757/generated_artifacts/lateact/phase4_minwm_yaw_confirmatory/scene_14/l_to_j_s2.mp4	574349	eb34ed875b12922d537ce56913585421cfb899fa4418b16cde15e67297733723	generated_video	regenerable_with_pinned_code_configs_seeds_upstreams_and_GPU_exact_encoded_bytes_not_guaranteed
external_large_artifact	-	/mnt/NAS/data/hl5757/generated_artifacts/lateact/phase4_minwm_yaw_confirmatory/scene_14/l_to_j_s2.pt	799910	ab5bf1e2b73ad7ef8850c5d9c3c3e9b5e603cdabbd65195225d0837e69d2e482	generated_latent_tensor	regenerable_with_pinned_code_configs_seeds_upstreams_and_GPU_exact_encoded_bytes_not_guaranteed
external_large_artifact	-	/mnt/NAS/data/hl5757/generated_artifacts/lateact/phase4_minwm_yaw_confirmatory/scene_14/l_to_j_s3.mp4	578235	59ae71ffbd2d4096ee38a9775958b45b49315ba991bc8dc2feb5146b267055ba	generated_video	regenerable_with_pinned_code_configs_seeds_upstreams_and_GPU_exact_encoded_bytes_not_guaranteed
external_large_artifact	-	/mnt/NAS/data/hl5757/generated_artifacts/lateact/phase4_minwm_yaw_confirmatory/scene_14/l_to_j_s3.pt	799910	c8bf1b91a77cbcd934816b4cfb6010116fef05575751fb3972f4f8e7a67a2119	generated_latent_tensor	regenerable_with_pinned_code_configs_seeds_upstreams_and_GPU_exact_encoded_bytes_not_guaranteed
external_large_artifact	-	/mnt/NAS/data/hl5757/generated_artifacts/lateact/phase4_minwm_yaw_confirmatory/scene_14/oracle_j.mp4	582193	85615915d9e8a33122e32b8b0cce7f7663c6850afb94e377bfa53cf424444e56	generated_video	regenerable_with_pinned_code_configs_seeds_upstreams_and_GPU_exact_encoded_bytes_not_guaranteed
external_large_artifact	-	/mnt/NAS/data/hl5757/generated_artifacts/lateact/phase4_minwm_yaw_confirmatory/scene_14/oracle_j.pt	799905	8ec97ebae1890a3002e1f4f53766252f4b498c4df1c22c0bc216853fa9820e8e	generated_latent_tensor	regenerable_with_pinned_code_configs_seeds_upstreams_and_GPU_exact_encoded_bytes_not_guaranteed
external_large_artifact	-	/mnt/NAS/data/hl5757/generated_artifacts/lateact/phase4_minwm_yaw_confirmatory/scene_14/oracle_l.mp4	575931	756c4b449fa4784f5670518a7f8ff19d1df335ad47bf6bb802e7ce751314e8af	generated_video	regenerable_with_pinned_code_configs_seeds_upstreams_and_GPU_exact_encoded_bytes_not_guaranteed
external_large_artifact	-	/mnt/NAS/data/hl5757/generated_artifacts/lateact/phase4_minwm_yaw_confirmatory/scene_14/oracle_l.pt	799905	5d431b76557006e63e615a55930ea148d512eb192102f98fed4698f39c8a6b48	generated_latent_tensor	regenerable_with_pinned_code_configs_seeds_upstreams_and_GPU_exact_encoded_bytes_not_guaranteed
external_large_artifact	-	/mnt/NAS/data/hl5757/generated_artifacts/lateact/phase4_minwm_yaw_confirmatory/scene_15/j_to_l_s1.mp4	596893	beba1d707673fa17f11a3fc6d403d2b99d0b10911a27a3f7fa5f455739614e94	generated_video	regenerable_with_pinned_code_configs_seeds_upstreams_and_GPU_exact_encoded_bytes_not_guaranteed
external_large_artifact	-	/mnt/NAS/data/hl5757/generated_artifacts/lateact/phase4_minwm_yaw_confirmatory/scene_15/j_to_l_s1.pt	799910	b0b380649ce5b3aa4ecf34ca66f2cfaa1ff7ed8497b3766afa8648dc4d52b646	generated_latent_tensor	regenerable_with_pinned_code_configs_seeds_upstreams_and_GPU_exact_encoded_bytes_not_guaranteed
external_large_artifact	-	/mnt/NAS/data/hl5757/generated_artifacts/lateact/phase4_minwm_yaw_confirmatory/scene_15/j_to_l_s2.mp4	599200	2eb4b1e8f525f44dff84c5514717fafde372aa823efed19a9b21d8f106b8241c	generated_video	regenerable_with_pinned_code_configs_seeds_upstreams_and_GPU_exact_encoded_bytes_not_guaranteed
external_large_artifact	-	/mnt/NAS/data/hl5757/generated_artifacts/lateact/phase4_minwm_yaw_confirmatory/scene_15/j_to_l_s2.pt	799910	54a24efdf10721b049d333984eeff88553f61d0605b6cb0d4e04c3dee9f8d5da	generated_latent_tensor	regenerable_with_pinned_code_configs_seeds_upstreams_and_GPU_exact_encoded_bytes_not_guaranteed
external_large_artifact	-	/mnt/NAS/data/hl5757/generated_artifacts/lateact/phase4_minwm_yaw_confirmatory/scene_15/j_to_l_s3.mp4	599137	911f3446d77411f9bbc7fe021b7868a2218447ff3e5626428c38fd22342c4ab6	generated_video	regenerable_with_pinned_code_configs_seeds_upstreams_and_GPU_exact_encoded_bytes_not_guaranteed
external_large_artifact	-	/mnt/NAS/data/hl5757/generated_artifacts/lateact/phase4_minwm_yaw_confirmatory/scene_15/j_to_l_s3.pt	799910	68133dd2d3c0e9c0433d1ae993f3a0f351d7d2f1a5cfa076b531131871a4f4da	generated_latent_tensor	regenerable_with_pinned_code_configs_seeds_upstreams_and_GPU_exact_encoded_bytes_not_guaranteed
external_large_artifact	-	/mnt/NAS/data/hl5757/generated_artifacts/lateact/phase4_minwm_yaw_confirmatory/scene_15/l_to_j_s1.mp4	583349	0e801dec1a0f4d6867d1bfb26867bc9ecb52d0f8a4585bff0d082f4e9212d199	generated_video	regenerable_with_pinned_code_configs_seeds_upstreams_and_GPU_exact_encoded_bytes_not_guaranteed
external_large_artifact	-	/mnt/NAS/data/hl5757/generated_artifacts/lateact/phase4_minwm_yaw_confirmatory/scene_15/l_to_j_s1.pt	799910	1420a13a0e415d6bec50eaf5c1c47e66c6e57dc75cc49f9cd2b47212424ad63f	generated_latent_tensor	regenerable_with_pinned_code_configs_seeds_upstreams_and_GPU_exact_encoded_bytes_not_guaranteed
external_large_artifact	-	/mnt/NAS/data/hl5757/generated_artifacts/lateact/phase4_minwm_yaw_confirmatory/scene_15/l_to_j_s2.mp4	593948	cb4b278dae2a6999b4a296d1e75c0036b54c990a6e966672cb0b9183113a61ae	generated_video	regenerable_with_pinned_code_configs_seeds_upstreams_and_GPU_exact_encoded_bytes_not_guaranteed
external_large_artifact	-	/mnt/NAS/data/hl5757/generated_artifacts/lateact/phase4_minwm_yaw_confirmatory/scene_15/l_to_j_s2.pt	799910	b4b04bea7953b2a0241b31d404fb460c24ab8299ff719443e28ddd6c571e79ca	generated_latent_tensor	regenerable_with_pinned_code_configs_seeds_upstreams_and_GPU_exact_encoded_bytes_not_guaranteed
external_large_artifact	-	/mnt/NAS/data/hl5757/generated_artifacts/lateact/phase4_minwm_yaw_confirmatory/scene_15/l_to_j_s3.mp4	593328	55f3e870ae1b2c84b5208cd72cd27b0d5e4fea98656ed64e473633b00f9711ba	generated_video	regenerable_with_pinned_code_configs_seeds_upstreams_and_GPU_exact_encoded_bytes_not_guaranteed
external_large_artifact	-	/mnt/NAS/data/hl5757/generated_artifacts/lateact/phase4_minwm_yaw_confirmatory/scene_15/l_to_j_s3.pt	799910	925e7c34e4cbd3e16cb3f34bceb314edaf0246d7c5a884c6132cd117d3827993	generated_latent_tensor	regenerable_with_pinned_code_configs_seeds_upstreams_and_GPU_exact_encoded_bytes_not_guaranteed
external_large_artifact	-	/mnt/NAS/data/hl5757/generated_artifacts/lateact/phase4_minwm_yaw_confirmatory/scene_15/oracle_j.mp4	599008	cecfca13059a127ae5d6fe3b1104358ae35d01d59f8e7e09352258f28409f1bb	generated_video	regenerable_with_pinned_code_configs_seeds_upstreams_and_GPU_exact_encoded_bytes_not_guaranteed
external_large_artifact	-	/mnt/NAS/data/hl5757/generated_artifacts/lateact/phase4_minwm_yaw_confirmatory/scene_15/oracle_j.pt	799905	6a9c91d56439a12d73e9815b3469644d11576a1e9c6a80a61f3053618ef2781b	generated_latent_tensor	regenerable_with_pinned_code_configs_seeds_upstreams_and_GPU_exact_encoded_bytes_not_guaranteed
external_large_artifact	-	/mnt/NAS/data/hl5757/generated_artifacts/lateact/phase4_minwm_yaw_confirmatory/scene_15/oracle_l.mp4	594389	8ee35a9369b1edeec281f943f37bb865606375d2cb57342b686b29e5d5ca3cd0	generated_video	regenerable_with_pinned_code_configs_seeds_upstreams_and_GPU_exact_encoded_bytes_not_guaranteed
external_large_artifact	-	/mnt/NAS/data/hl5757/generated_artifacts/lateact/phase4_minwm_yaw_confirmatory/scene_15/oracle_l.pt	799905	c761e6f177647aa0ea69caf25a7cd5d8ffcd0744617b697097a549032e34f444	generated_latent_tensor	regenerable_with_pinned_code_configs_seeds_upstreams_and_GPU_exact_encoded_bytes_not_guaranteed
external_large_artifact	-	/mnt/NAS/data/hl5757/generated_artifacts/lateact/smoke-20260823/0000/control_left_s0.mp4	1888590	a60eb47fe9735f315010b9229bfee4aaeaaa4dcdc5130435bdf7897154f34091	generated_video	regenerable_with_pinned_code_configs_seeds_upstreams_and_GPU_exact_encoded_bytes_not_guaranteed
external_large_artifact	-	/mnt/NAS/data/hl5757/generated_artifacts/lateact/smoke-20260823/0000/control_left_s0.pt	339140	1f4e75a0f1449c887f805e0d1aa80afc8a433170a787a63a1619597c3417f846	generated_latent_tensor	regenerable_with_pinned_code_configs_seeds_upstreams_and_GPU_exact_encoded_bytes_not_guaranteed
external_large_artifact	-	/mnt/NAS/data/hl5757/generated_artifacts/lateact/smoke-20260823/0000/control_left_s1.mp4	1888590	a60eb47fe9735f315010b9229bfee4aaeaaa4dcdc5130435bdf7897154f34091	generated_video	regenerable_with_pinned_code_configs_seeds_upstreams_and_GPU_exact_encoded_bytes_not_guaranteed
external_large_artifact	-	/mnt/NAS/data/hl5757/generated_artifacts/lateact/smoke-20260823/0000/control_left_s1.pt	339140	69711af556bcc8d49b7c11aa1c43803b7d80d3bdc9a67fae098521562e113e11	generated_latent_tensor	regenerable_with_pinned_code_configs_seeds_upstreams_and_GPU_exact_encoded_bytes_not_guaranteed
external_large_artifact	-	/mnt/NAS/data/hl5757/generated_artifacts/lateact/smoke-20260823/0000/control_left_s2.mp4	1888590	a60eb47fe9735f315010b9229bfee4aaeaaa4dcdc5130435bdf7897154f34091	generated_video	regenerable_with_pinned_code_configs_seeds_upstreams_and_GPU_exact_encoded_bytes_not_guaranteed
external_large_artifact	-	/mnt/NAS/data/hl5757/generated_artifacts/lateact/smoke-20260823/0000/control_left_s2.pt	339140	d8bb0277fae625e2670ba1ccd7701813dd3f6fec9308a2048f35a91fd47ba6b7	generated_latent_tensor	regenerable_with_pinned_code_configs_seeds_upstreams_and_GPU_exact_encoded_bytes_not_guaranteed
external_large_artifact	-	/mnt/NAS/data/hl5757/generated_artifacts/lateact/smoke-20260823/0000/control_left_s3.mp4	1888590	a60eb47fe9735f315010b9229bfee4aaeaaa4dcdc5130435bdf7897154f34091	generated_video	regenerable_with_pinned_code_configs_seeds_upstreams_and_GPU_exact_encoded_bytes_not_guaranteed
external_large_artifact	-	/mnt/NAS/data/hl5757/generated_artifacts/lateact/smoke-20260823/0000/control_left_s3.pt	339140	de25f2ea2ac6e6b03bbe0361e1b482cee5b09d64dab43dd464e648e241e8d31c	generated_latent_tensor	regenerable_with_pinned_code_configs_seeds_upstreams_and_GPU_exact_encoded_bytes_not_guaranteed
external_large_artifact	-	/mnt/NAS/data/hl5757/generated_artifacts/lateact/smoke-20260823/0000/lr_s1.mp4	1914791	b62b581dd3cf036d00f437c5f7f5d24a495c68f1b04a6082575a3fea8d1c212f	generated_video	regenerable_with_pinned_code_configs_seeds_upstreams_and_GPU_exact_encoded_bytes_not_guaranteed
external_large_artifact	-	/mnt/NAS/data/hl5757/generated_artifacts/lateact/smoke-20260823/0000/lr_s1.pt	339026	e7a11b66d0317369fd4b9e8c8cde00b78b3277be10e87ecf55a04b496f3daf0e	generated_latent_tensor	regenerable_with_pinned_code_configs_seeds_upstreams_and_GPU_exact_encoded_bytes_not_guaranteed
external_large_artifact	-	/mnt/NAS/data/hl5757/generated_artifacts/lateact/smoke-20260823/0000/lr_s2.mp4	1931701	221be6fda4d4a6ad1cdcfdec22dc975b3236ac4920a02ca9df4d9e74e234a030	generated_video	regenerable_with_pinned_code_configs_seeds_upstreams_and_GPU_exact_encoded_bytes_not_guaranteed
external_large_artifact	-	/mnt/NAS/data/hl5757/generated_artifacts/lateact/smoke-20260823/0000/lr_s2.pt	339026	eeecc1beb9bf8ea6b62b1fccf888602f803a99ddbec4e93108d30ebb55219414	generated_latent_tensor	regenerable_with_pinned_code_configs_seeds_upstreams_and_GPU_exact_encoded_bytes_not_guaranteed
external_large_artifact	-	/mnt/NAS/data/hl5757/generated_artifacts/lateact/smoke-20260823/0000/oracle_mouse_left.mp4	1888590	a60eb47fe9735f315010b9229bfee4aaeaaa4dcdc5130435bdf7897154f34091	generated_video	regenerable_with_pinned_code_configs_seeds_upstreams_and_GPU_exact_encoded_bytes_not_guaranteed
external_large_artifact	-	/mnt/NAS/data/hl5757/generated_artifacts/lateact/smoke-20260823/0000/oracle_mouse_left.pt	339150	40bddbb52ff1b9b5cee1e71487587d7e3769c53f66c9c808292e55764d6f5325	generated_latent_tensor	regenerable_with_pinned_code_configs_seeds_upstreams_and_GPU_exact_encoded_bytes_not_guaranteed
external_large_artifact	-	/mnt/NAS/data/hl5757/generated_artifacts/lateact/smoke-20260823/0000/oracle_mouse_right.mp4	1900560	33968d14c443f07faf09b77c7d56041ca045aab5f9151a2473c1ffbededd024e	generated_video	regenerable_with_pinned_code_configs_seeds_upstreams_and_GPU_exact_encoded_bytes_not_guaranteed
external_large_artifact	-	/mnt/NAS/data/hl5757/generated_artifacts/lateact/smoke-20260823/0000/oracle_mouse_right.pt	339155	0bbd639c61dda38a935e6b62da98f41977c3a51d113ffbe6f5193ba6f082e559	generated_latent_tensor	regenerable_with_pinned_code_configs_seeds_upstreams_and_GPU_exact_encoded_bytes_not_guaranteed
external_large_artifact	-	/mnt/NAS/data/hl5757/generated_artifacts/lateact/smoke-20260823/0000/prefix.pt	339031	6939158eb5facba630975bed04a3b945a9271611ac7b5616233d4ff1c72e4a16	generated_latent_tensor	regenerable_with_pinned_code_configs_seeds_upstreams_and_GPU_exact_encoded_bytes_not_guaranteed
external_large_artifact	-	/mnt/NAS/data/hl5757/generated_artifacts/lateact/smoke-20260823/0000/rl_s1.mp4	1913176	54c2c5f495653f9732e02127f3460effd56c1efb9e9f365c64f0ffc5d88925c2	generated_video	regenerable_with_pinned_code_configs_seeds_upstreams_and_GPU_exact_encoded_bytes_not_guaranteed
external_large_artifact	-	/mnt/NAS/data/hl5757/generated_artifacts/lateact/smoke-20260823/0000/rl_s1.pt	339026	af1b1415783f95c09f4f3a760a034a8fe8ac9d6a269f7c19321ff90c5c5f8ff4	generated_latent_tensor	regenerable_with_pinned_code_configs_seeds_upstreams_and_GPU_exact_encoded_bytes_not_guaranteed
external_large_artifact	-	/mnt/NAS/data/hl5757/generated_artifacts/lateact/smoke-20260823/0000/rl_s2.mp4	1987778	7b3c3fed4700b7eda79ff051aa283a39b295104cfddff2d1e3a7d7517f7e997e	generated_video	regenerable_with_pinned_code_configs_seeds_upstreams_and_GPU_exact_encoded_bytes_not_guaranteed
external_large_artifact	-	/mnt/NAS/data/hl5757/generated_artifacts/lateact/smoke-20260823/0000/rl_s2.pt	339026	1becb6cc4737230ff6b409599af3f03300580381dd3937898430c53a9dbd1797	generated_latent_tensor	regenerable_with_pinned_code_configs_seeds_upstreams_and_GPU_exact_encoded_bytes_not_guaranteed
external_large_artifact	-	/mnt/NAS/data/hl5757/generated_artifacts/lateact/smoke-20260823/0001/control_left_s0.mp4	1208651	408c01c55e4aa031c2f9ba52b627a9b4067022886a02bfcacea8e8f9e5249264	generated_video	regenerable_with_pinned_code_configs_seeds_upstreams_and_GPU_exact_encoded_bytes_not_guaranteed
external_large_artifact	-	/mnt/NAS/data/hl5757/generated_artifacts/lateact/smoke-20260823/0001/control_left_s0.pt	339140	69db8318482e48c69142ade6a6030cb43cc6959842d8eef5ddf0d1782cee8847	generated_latent_tensor	regenerable_with_pinned_code_configs_seeds_upstreams_and_GPU_exact_encoded_bytes_not_guaranteed
external_large_artifact	-	/mnt/NAS/data/hl5757/generated_artifacts/lateact/smoke-20260823/0001/control_left_s1.mp4	1208651	408c01c55e4aa031c2f9ba52b627a9b4067022886a02bfcacea8e8f9e5249264	generated_video	regenerable_with_pinned_code_configs_seeds_upstreams_and_GPU_exact_encoded_bytes_not_guaranteed
external_large_artifact	-	/mnt/NAS/data/hl5757/generated_artifacts/lateact/smoke-20260823/0001/control_left_s1.pt	339140	2917e8f8eb841a6b2e948cdbf03e6e0271bd5497edbd67c361149903ecf5d2cb	generated_latent_tensor	regenerable_with_pinned_code_configs_seeds_upstreams_and_GPU_exact_encoded_bytes_not_guaranteed
external_large_artifact	-	/mnt/NAS/data/hl5757/generated_artifacts/lateact/smoke-20260823/0001/control_left_s2.mp4	1208651	408c01c55e4aa031c2f9ba52b627a9b4067022886a02bfcacea8e8f9e5249264	generated_video	regenerable_with_pinned_code_configs_seeds_upstreams_and_GPU_exact_encoded_bytes_not_guaranteed
external_large_artifact	-	/mnt/NAS/data/hl5757/generated_artifacts/lateact/smoke-20260823/0001/control_left_s2.pt	339140	a6a370b6f72dd7ef05343e09fb4331cd5e396525ce517dadd7724f9189514819	generated_latent_tensor	regenerable_with_pinned_code_configs_seeds_upstreams_and_GPU_exact_encoded_bytes_not_guaranteed
external_large_artifact	-	/mnt/NAS/data/hl5757/generated_artifacts/lateact/smoke-20260823/0001/control_left_s3.mp4	1208651	408c01c55e4aa031c2f9ba52b627a9b4067022886a02bfcacea8e8f9e5249264	generated_video	regenerable_with_pinned_code_configs_seeds_upstreams_and_GPU_exact_encoded_bytes_not_guaranteed
external_large_artifact	-	/mnt/NAS/data/hl5757/generated_artifacts/lateact/smoke-20260823/0001/control_left_s3.pt	339140	e4f26aa69320044bc07edcf05777a2f11e559df24bf331084b2432054817742e	generated_latent_tensor	regenerable_with_pinned_code_configs_seeds_upstreams_and_GPU_exact_encoded_bytes_not_guaranteed
external_large_artifact	-	/mnt/NAS/data/hl5757/generated_artifacts/lateact/smoke-20260823/0001/lr_s1.mp4	1228751	305617b048d09f7972d5ba8cd8a74111c885b7320718d2cac15df011bba82a55	generated_video	regenerable_with_pinned_code_configs_seeds_upstreams_and_GPU_exact_encoded_bytes_not_guaranteed
external_large_artifact	-	/mnt/NAS/data/hl5757/generated_artifacts/lateact/smoke-20260823/0001/lr_s1.pt	339026	ac45da091b8e168058d8e7d770d26a9e470a87276411a76b2e26353838009d08	generated_latent_tensor	regenerable_with_pinned_code_configs_seeds_upstreams_and_GPU_exact_encoded_bytes_not_guaranteed
external_large_artifact	-	/mnt/NAS/data/hl5757/generated_artifacts/lateact/smoke-20260823/0001/lr_s2.mp4	1275278	3eb830fefc25b3352432335a5ac4f058c770e75239d002b1abc782f22f408631	generated_video	regenerable_with_pinned_code_configs_seeds_upstreams_and_GPU_exact_encoded_bytes_not_guaranteed
external_large_artifact	-	/mnt/NAS/data/hl5757/generated_artifacts/lateact/smoke-20260823/0001/lr_s2.pt	339026	31ad4f3c3648c4c92df676b88c8fb8f289054fa4148fe5d6ec2dfb9b2f2cb5ee	generated_latent_tensor	regenerable_with_pinned_code_configs_seeds_upstreams_and_GPU_exact_encoded_bytes_not_guaranteed
external_large_artifact	-	/mnt/NAS/data/hl5757/generated_artifacts/lateact/smoke-20260823/0001/oracle_mouse_left.mp4	1208651	408c01c55e4aa031c2f9ba52b627a9b4067022886a02bfcacea8e8f9e5249264	generated_video	regenerable_with_pinned_code_configs_seeds_upstreams_and_GPU_exact_encoded_bytes_not_guaranteed
external_large_artifact	-	/mnt/NAS/data/hl5757/generated_artifacts/lateact/smoke-20260823/0001/oracle_mouse_left.pt	339150	017ea9aa4bb137eee4e59b2bc8b4f0ea4d9c196573f2949ac3234020802f0e14	generated_latent_tensor	regenerable_with_pinned_code_configs_seeds_upstreams_and_GPU_exact_encoded_bytes_not_guaranteed
external_large_artifact	-	/mnt/NAS/data/hl5757/generated_artifacts/lateact/smoke-20260823/0001/oracle_mouse_right.mp4	1218032	ce1f2fb016bfa52623eb7e5ed8f9e59e003aead8ec2ec49158cb9e46f6923260	generated_video	regenerable_with_pinned_code_configs_seeds_upstreams_and_GPU_exact_encoded_bytes_not_guaranteed
external_large_artifact	-	/mnt/NAS/data/hl5757/generated_artifacts/lateact/smoke-20260823/0001/oracle_mouse_right.pt	339155	0f8e9840b405228cbd8d9666faa015e961e4c1201d392c7cbbcd21df1b29f56f	generated_latent_tensor	regenerable_with_pinned_code_configs_seeds_upstreams_and_GPU_exact_encoded_bytes_not_guaranteed
external_large_artifact	-	/mnt/NAS/data/hl5757/generated_artifacts/lateact/smoke-20260823/0001/prefix.pt	339031	1ac0ecb08922df726cad45eb4db1c4f6ad90eb2012ce01e8a7360e29fd156d51	generated_latent_tensor	regenerable_with_pinned_code_configs_seeds_upstreams_and_GPU_exact_encoded_bytes_not_guaranteed
external_large_artifact	-	/mnt/NAS/data/hl5757/generated_artifacts/lateact/smoke-20260823/0001/rl_s1.mp4	1228742	389c80185863d39fb7429146873b6c73fbc6dc7684ada84bf32e7a8c10644091	generated_video	regenerable_with_pinned_code_configs_seeds_upstreams_and_GPU_exact_encoded_bytes_not_guaranteed
external_large_artifact	-	/mnt/NAS/data/hl5757/generated_artifacts/lateact/smoke-20260823/0001/rl_s1.pt	339026	d67324c6be67a679007cbeb555832e1976e20c3d58fc7477394cd08a5f2f117b	generated_latent_tensor	regenerable_with_pinned_code_configs_seeds_upstreams_and_GPU_exact_encoded_bytes_not_guaranteed
external_large_artifact	-	/mnt/NAS/data/hl5757/generated_artifacts/lateact/smoke-20260823/0001/rl_s2.mp4	1318464	cea33031ac047a9173d33624e1846d201b4db62cdb63505d47148c3012e09122	generated_video	regenerable_with_pinned_code_configs_seeds_upstreams_and_GPU_exact_encoded_bytes_not_guaranteed
external_large_artifact	-	/mnt/NAS/data/hl5757/generated_artifacts/lateact/smoke-20260823/0001/rl_s2.pt	339026	91a1646ffe66175503ad9c2243a84685f46e18d5e267425bba59448e6d0d4560	generated_latent_tensor	regenerable_with_pinned_code_configs_seeds_upstreams_and_GPU_exact_encoded_bytes_not_guaranteed
stored_in_git	results/frozen/smoke/smoke_qualitative_montage.png	/mnt/NAS/data/hl5757/generated_artifacts/lateact/smoke-20260823/smoke_qualitative_montage.png	940472	6f2267529123f29f581d434fbf90b8f3bfc28c4f802a8cc32c2e267e97a15602	qualitative_scientific_montage	authoritative_archived_copy
stored_in_git	results/frozen/smoke/smoke_shard_0.json	/mnt/NAS/data/hl5757/generated_artifacts/lateact/smoke-20260823/smoke_shard_0.json	154896	29d83c5e2ea4103933d7020ba6407adee97552343b5c31c7304c2a7023fa069e	frozen_numerical_or_provenance_record	authoritative_archived_copy
stored_in_git	results/frozen/smoke/smoke_summary.json	/mnt/NAS/data/hl5757/generated_artifacts/lateact/smoke-20260823/smoke_summary.json	4416	81c23bda0f5ab99c09fc8eaa35da5e785c18075030bc48665558cfc68b70214c	frozen_numerical_or_provenance_record	authoritative_archived_copy
upstream_download	-	/mnt/NAS/data/hl5757/models/matrix-game-2/base_distill.safetensors	6477092432	unknown	Matrix-Game_universal_DiT	download_from_Skywork/Matrix-Game-2.0_exact_historical_Hub_revision_unknown
upstream_download	-	/mnt/NAS/data/hl5757/models/matrix-game-2/models_clip_open-clip-xlm-roberta-large-vit-huge-14.pth	4772359047	unknown	Matrix-Game_CLIP_encoder	download_from_Skywork/Matrix-Game-2.0_exact_historical_Hub_revision_unknown
upstream_download	-	/mnt/NAS/data/hl5757/models/matrix-game-2/Wan2.1_VAE.pth	507609880	unknown	Matrix-Game_VAE	download_from_Skywork/Matrix-Game-2.0_exact_historical_Hub_revision_unknown
upstream_download	-	/mnt/NAS/data/hl5757/models/minwm/Wan2.1-T2V-1.3B/diffusion_pytorch_model.safetensors	5676070424	96b6b242ca1c2f24e9d02cd6596066fab6d310e2d7538f33ae267cb18d957e8f	Wan2.1_backbone_DiT	download_exact_revision_37ec512624d61f7aa208f7ea8140a131f93afc9a
upstream_download	-	/mnt/NAS/data/hl5757/models/minwm/Wan2.1-T2V-1.3B/models_t5_umt5-xxl-enc-bf16.pth	11361920418	7cace0da2b446bbbbc57d031ab6cf163a3d59b366da94e5afe36745b746fd81d	Wan2.1_text_encoder	download_exact_revision_37ec512624d61f7aa208f7ea8140a131f93afc9a
upstream_download	-	/mnt/NAS/data/hl5757/models/minwm/Wan2.1-T2V-1.3B/Wan2.1_VAE.pth	507609880	38071ab59bd94681c686fa51d75a1968f64e470262043be31f7a094e442fd981	Wan2.1_VAE	download_exact_revision_37ec512624d61f7aa208f7ea8140a131f93afc9a
upstream_download	-	/mnt/NAS/data/hl5757/models/minwm/checkpoints/Wan21/Action2V/dmd/model.pt	5959605031	bdb947d45fb04513305492c2ee393d51d0621ec0e99fd312224f5d61a330aa77	minWM_Action2V_DMD_checkpoint	download_exact_revision_21bd74da43b5a061c0b8ff277515088ccd2c798b
intentionally_not_archived	-	/mnt/NAS/data/hl5757/cache/huggingface	84700431867	-	cache_or_environment_binary	reconstruct_from_recovery_environment_and_upstream_records
intentionally_not_archived	-	/mnt/NAS/data/hl5757/cache/torch	1262782231	-	cache_or_environment_binary	reconstruct_from_recovery_environment_and_upstream_records
intentionally_not_archived	-	/mnt/NAS/data/hl5757/conda_envs/branch-safe-kv	9378485733	-	cache_or_environment_binary	reconstruct_from_recovery_environment_and_upstream_records
intentionally_not_archived	-	/mnt/NAS/data/hl5757/conda_envs/minwm-wan21	121045898	-	cache_or_environment_binary	reconstruct_from_recovery_environment_and_upstream_records
regenerable	-	/mnt/NAS/data/hl5757/third_party/Matrix-Game	-	71c3cd7f741311f8100f6cf9cde942b6c1378d11	upstream_source_checkout	clone_pinned_commit_then_apply_archived_patch
regenerable	-	/mnt/NAS/data/hl5757/third_party/minWM	-	df522a26cd4409d3e3e8f269cc98eac069b5df47	upstream_source_checkout	clone_pinned_commit
